Using BDD Package: CUDDFactory, Version: CUDD 3.0
Using BDD Package: CUDDFactory, Version: CUDD 3.0


=== ARGS ===
ALL GARS: False
MINIMIZE SPEC: True
USE INFLUENTIAL: True
TIMEOUT: 120.0
REPAIR LIMIT: 1


++++ ELAPSED TIME: 3.4110000000087126e-06
++++ QUEUE LENGTH: 0
++++ Solutions: 0
++++ Duplicates: 0
++++ Node number: 1
++++ Refinement: []
++++ Length: 0
++ Y-SAT CHECK
++ REALIZABILITY CHECK
++ COUNTERSTRATEGY COMPUTATION - REFINEMENT GENERATION

=== COUNTERRUN ===
Sf3 -> Sf4


=== INTERPOLANT ===
(min_above_auditing_threshold__Sf3 & min_hits_higher_threshold__Sf3)


++++ ELAPSED TIME: 0.15906085799999992
++++ QUEUE LENGTH: 1
++++ Solutions: 0
++++ Duplicates: 0
++++ Node number: 2
++++ Refinement: ['!(min_hits_higher_threshold & min_above_auditing_threshold)']
++++ Length: 1
++ Y-SAT CHECK
++ REALIZABILITY CHECK
++ COUNTERSTRATEGY COMPUTATION - REFINEMENT GENERATION

=== COUNTERRUN ===
S0 -> Sf6 -> Sf4


=== INTERPOLANT ===
(min_above_auditing_threshold__Sf6 & min_hits_higher_threshold__Sf6)


++++ ELAPSED TIME: 0.33452385100000015
++++ QUEUE LENGTH: 1
++++ Solutions: 0
++++ Duplicates: 0
++++ Node number: 3
++++ Refinement: ['G(!(min_hits_higher_threshold & min_above_auditing_threshold))']
++++ Length: 1
++ Y-SAT CHECK
++ REALIZABILITY CHECK
++ COUNTERSTRATEGY COMPUTATION - REFINEMENT GENERATION

=== COUNTERRUN ===
Sf3 -> Sf4


=== INTERPOLANT ===
(all_samples_above_deferral__Sf3 & min_hits_higher_threshold__Sf3)


++++ ELAPSED TIME: 0.49458023100000004
++++ QUEUE LENGTH: 2
++++ Solutions: 0
++++ Duplicates: 0
++++ Node number: 4
++++ Refinement: ['!(min_hits_higher_threshold & min_above_auditing_threshold)', 'G(!(min_above_auditing_threshold & min_hits_higher_threshold))']
++++ Length: 2
++ Y-SAT CHECK
++ REALIZABILITY CHECK
++ COUNTERSTRATEGY COMPUTATION - REFINEMENT GENERATION

=== COUNTERRUN ===
Sf1 -> Sf4


=== INTERPOLANT ===
(all_samples_above_deferral__Sf1 & min_hits_higher_threshold__Sf1)


++++ ELAPSED TIME: 0.6496129289999999
++++ QUEUE LENGTH: 3
++++ Solutions: 0
++++ Duplicates: 0
++++ Node number: 5
++++ Refinement: ['G(!(min_hits_higher_threshold & min_above_auditing_threshold))', 'G(!(all_samples_above_deferral & min_hits_higher_threshold))']
++++ Length: 2
++ Y-SAT CHECK
++ REALIZABILITY CHECK
++ COUNTERSTRATEGY COMPUTATION - REFINEMENT GENERATION

=== COUNTERRUN ===
Sf3 -> Sf4


=== INTERPOLANT ===
(all_samples_above_deferral__Sf3 & min_above_auditing_threshold__Sf3)


++++ ELAPSED TIME: 0.8008195580000002
++++ QUEUE LENGTH: 4
++++ Solutions: 0
++++ Duplicates: 0
++++ Node number: 6
++++ Refinement: ['G(!(min_hits_higher_threshold & min_above_auditing_threshold))', '!(all_samples_above_deferral & min_hits_higher_threshold)']
++++ Length: 2
++ Y-SAT CHECK
++ REALIZABILITY CHECK
++ COUNTERSTRATEGY COMPUTATION - REFINEMENT GENERATION

=== COUNTERRUN ===
S2 -> Sf6 -> Sf4


=== INTERPOLANT ===
(all_samples_above_deferral__Sf6 & min_hits_higher_threshold__Sf6)


++++ ELAPSED TIME: 0.9600108280000001
++++ QUEUE LENGTH: 4
++++ Solutions: 0
++++ Duplicates: 0
++++ Node number: 7
++++ Refinement: ['!(min_hits_higher_threshold & min_above_auditing_threshold)', 'G(!(min_above_auditing_threshold & min_hits_higher_threshold))', 'G(!(min_hits_higher_threshold & all_samples_above_deferral))']
++++ Length: 3
++ Y-SAT CHECK
++ REALIZABILITY CHECK
++ COUNTERSTRATEGY COMPUTATION - REFINEMENT GENERATION

=== COUNTERRUN ===
Sf1 -> Sf4


=== INTERPOLANT ===
(all_samples_above_deferral__Sf1 & min_above_auditing_threshold__Sf1)


++++ ELAPSED TIME: 1.118352506
++++ QUEUE LENGTH: 5
++++ Solutions: 0
++++ Duplicates: 0
++++ Node number: 8
++++ Refinement: ['!(min_hits_higher_threshold & min_above_auditing_threshold)', 'G(!(min_above_auditing_threshold & min_hits_higher_threshold))', '!(min_hits_higher_threshold & all_samples_above_deferral)']
++++ Length: 3
++ Y-SAT CHECK
++ REALIZABILITY CHECK
++ COUNTERSTRATEGY COMPUTATION - REFINEMENT GENERATION

=== COUNTERRUN ===
S0 -> Sf8 -> Sf4


=== INTERPOLANT ===
(all_samples_above_deferral__Sf8 & min_hits_higher_threshold__Sf8)


++++ ELAPSED TIME: 1.314265374
++++ QUEUE LENGTH: 5
++++ Solutions: 0
++++ Duplicates: 0
++++ Node number: 9
++++ Refinement: ['G(!(min_hits_higher_threshold & min_above_auditing_threshold))', 'G(!(all_samples_above_deferral & min_hits_higher_threshold))', '!(all_samples_above_deferral & min_above_auditing_threshold)']
++++ Length: 3
++ Y-SAT CHECK
++ REALIZABILITY CHECK
++ COUNTERSTRATEGY COMPUTATION - REFINEMENT GENERATION

=== COUNTERRUN ===
S0 -> Sf8 -> Sf4


=== INTERPOLANT ===
(all_samples_above_deferral__Sf8 & min_above_auditing_threshold__Sf8)


++++ ELAPSED TIME: 1.500713283
++++ QUEUE LENGTH: 5
++++ Solutions: 0
++++ Duplicates: 0
++++ Node number: 10
++++ Refinement: ['G(!(min_hits_higher_threshold & min_above_auditing_threshold))', 'G(!(all_samples_above_deferral & min_hits_higher_threshold))', 'G(!(all_samples_above_deferral & min_above_auditing_threshold))']
++++ Length: 3
++ Y-SAT CHECK
++ REALIZABILITY CHECK
++ COUNTERSTRATEGY COMPUTATION - REFINEMENT GENERATION

=== COUNTERRUN ===
Sf0 -> Sf4


=== INTERPOLANT ===
(any_sample_below_deferral__Sf0 & min_hits_higher_threshold__Sf0)


++++ ELAPSED TIME: 1.674839951
++++ QUEUE LENGTH: 6
++++ Solutions: 0
++++ Duplicates: 0
++++ Node number: 11
++++ Refinement: ['G(!(min_hits_higher_threshold & min_above_auditing_threshold))', '!(all_samples_above_deferral & min_hits_higher_threshold)', 'G(!(min_hits_higher_threshold & all_samples_above_deferral))']
++++ Length: 3
++ Y-SAT CHECK
++ REALIZABILITY CHECK
++ COUNTERSTRATEGY COMPUTATION - REFINEMENT GENERATION

=== COUNTERRUN ===
Sf3 -> Sf4


=== INTERPOLANT ===
(all_samples_above_deferral__Sf3 & min_above_auditing_threshold__Sf3)


++++ ELAPSED TIME: 1.8580615799999998
++++ QUEUE LENGTH: 7
++++ Solutions: 0
++++ Duplicates: 0
++++ Node number: 12
++++ Refinement: ['!(min_hits_higher_threshold & min_above_auditing_threshold)', 'G(!(min_above_auditing_threshold & min_hits_higher_threshold))', 'G(!(min_hits_higher_threshold & all_samples_above_deferral))', 'G(!(min_above_auditing_threshold & all_samples_above_deferral))']
++++ Length: 4
++ Y-SAT CHECK
++ REALIZABILITY CHECK
++ COUNTERSTRATEGY COMPUTATION - REFINEMENT GENERATION

=== COUNTERRUN ===
Sf0 -> Sf4


=== INTERPOLANT ===
(any_sample_below_deferral__Sf0 & min_hits_higher_threshold__Sf0)


++++ ELAPSED TIME: 2.036311588
++++ QUEUE LENGTH: 8
++++ Solutions: 0
++++ Duplicates: 0
++++ Node number: 13
++++ Refinement: ['!(min_hits_higher_threshold & min_above_auditing_threshold)', 'G(!(min_above_auditing_threshold & min_hits_higher_threshold))', 'G(!(min_hits_higher_threshold & all_samples_above_deferral))', '!(min_above_auditing_threshold & all_samples_above_deferral)']
++++ Length: 4
++ Y-SAT CHECK
++ REALIZABILITY CHECK
++ COUNTERSTRATEGY COMPUTATION - REFINEMENT GENERATION

=== COUNTERRUN ===
S1 -> Sf7 -> Sf4


=== INTERPOLANT ===
(all_samples_above_deferral__Sf7 & min_above_auditing_threshold__Sf7)


++++ ELAPSED TIME: 2.219910797
++++ QUEUE LENGTH: 8
++++ Solutions: 0
++++ Duplicates: 0
++++ Node number: 14
++++ Refinement: ['!(min_hits_higher_threshold & min_above_auditing_threshold)', 'G(!(min_above_auditing_threshold & min_hits_higher_threshold))', '!(min_hits_higher_threshold & all_samples_above_deferral)', 'G(!(all_samples_above_deferral & min_hits_higher_threshold))']
++++ Length: 4
++ Y-SAT CHECK
++ REALIZABILITY CHECK
++ COUNTERSTRATEGY COMPUTATION - REFINEMENT GENERATION

=== COUNTERRUN ===
Sf3 -> Sf4


=== INTERPOLANT ===
(all_samples_above_deferral__Sf3 & min_above_auditing_threshold__Sf3)


++++ ELAPSED TIME: 2.3886174810000003
++++ QUEUE LENGTH: 9
++++ Solutions: 0
++++ Duplicates: 0
++++ Node number: 15
++++ Refinement: ['G(!(min_hits_higher_threshold & min_above_auditing_threshold))', 'G(!(all_samples_above_deferral & min_hits_higher_threshold))', '!(all_samples_above_deferral & min_above_auditing_threshold)', 'G(!(min_above_auditing_threshold & all_samples_above_deferral))']
++++ Length: 4
++ Y-SAT CHECK
++ REALIZABILITY CHECK
++ COUNTERSTRATEGY COMPUTATION - REFINEMENT GENERATION

=== COUNTERRUN ===
Sf3 -> Sf4


=== INTERPOLANT ===
(any_sample_below_deferral__Sf3 & min_hits_higher_threshold__Sf3)


++++ ELAPSED TIME: 2.5579411249999997
++++ QUEUE LENGTH: 10
++++ Solutions: 0
++++ Duplicates: 0
++++ Node number: 16
++++ Refinement: ['G(!(min_hits_higher_threshold & min_above_auditing_threshold))', 'G(!(all_samples_above_deferral & min_hits_higher_threshold))', 'G(!(all_samples_above_deferral & min_above_auditing_threshold))', 'G(!(min_hits_higher_threshold & any_sample_below_deferral))']
++++ Length: 4
++ Y-SAT CHECK
++ REALIZABILITY CHECK
++ COUNTERSTRATEGY COMPUTATION - REFINEMENT GENERATION

=== COUNTERRUN ===
Sf3 -> Sf4


=== INTERPOLANT ===
(initial_score_above_deferral__Sf3 & min_hits_higher_threshold__Sf3)


++++ ELAPSED TIME: 2.7303807919999996
++++ QUEUE LENGTH: 11
++++ Solutions: 0
++++ Duplicates: 0
++++ Node number: 17
++++ Refinement: ['G(!(min_hits_higher_threshold & min_above_auditing_threshold))', 'G(!(all_samples_above_deferral & min_hits_higher_threshold))', 'G(!(all_samples_above_deferral & min_above_auditing_threshold))', '!(min_hits_higher_threshold & any_sample_below_deferral)']
++++ Length: 4
++ Y-SAT CHECK
++ REALIZABILITY CHECK
++ COUNTERSTRATEGY COMPUTATION - REFINEMENT GENERATION

=== COUNTERRUN ===
S0 -> Sf5 -> Sf4


=== INTERPOLANT ===
(any_sample_below_deferral__Sf5 & min_hits_higher_threshold__Sf5)


++++ ELAPSED TIME: 2.9174337730000004
++++ QUEUE LENGTH: 11
++++ Solutions: 0
++++ Duplicates: 0
++++ Node number: 18
++++ Refinement: ['G(!(min_hits_higher_threshold & min_above_auditing_threshold))', '!(all_samples_above_deferral & min_hits_higher_threshold)', 'G(!(min_hits_higher_threshold & all_samples_above_deferral))', '!(all_samples_above_deferral & min_above_auditing_threshold)']
++++ Length: 4
++ Y-SAT CHECK
++ REALIZABILITY CHECK
++ COUNTERSTRATEGY COMPUTATION - REFINEMENT GENERATION

=== COUNTERRUN ===
S2 -> Sf6 -> Sf4


=== INTERPOLANT ===
(all_samples_above_deferral__Sf6 & min_above_auditing_threshold__Sf6)


++++ ELAPSED TIME: 3.099176189
++++ QUEUE LENGTH: 11
++++ Solutions: 0
++++ Duplicates: 0
++++ Node number: 19
++++ Refinement: ['G(!(min_hits_higher_threshold & min_above_auditing_threshold))', '!(all_samples_above_deferral & min_hits_higher_threshold)', 'G(!(min_hits_higher_threshold & all_samples_above_deferral))', 'G(!(all_samples_above_deferral & min_above_auditing_threshold))']
++++ Length: 4
++ Y-SAT CHECK
++ REALIZABILITY CHECK
++ COUNTERSTRATEGY COMPUTATION - REFINEMENT GENERATION

=== COUNTERRUN ===
Sf2 -> Sf4


=== INTERPOLANT ===
(any_sample_below_deferral__Sf2 & min_hits_higher_threshold__Sf2)


++++ ELAPSED TIME: 3.267666699
++++ QUEUE LENGTH: 12
++++ Solutions: 0
++++ Duplicates: 0
++++ Node number: 20
++++ Refinement: ['!(min_hits_higher_threshold & min_above_auditing_threshold)', 'G(!(min_above_auditing_threshold & min_hits_higher_threshold))', 'G(!(min_hits_higher_threshold & all_samples_above_deferral))', 'G(!(min_above_auditing_threshold & all_samples_above_deferral))', 'G(!(min_hits_higher_threshold & any_sample_below_deferral))']
++++ Length: 5
++ Y-SAT CHECK
++ REALIZABILITY CHECK
++ COUNTERSTRATEGY COMPUTATION - REFINEMENT GENERATION

=== COUNTERRUN ===
Sf0 -> Sf4


=== INTERPOLANT ===
(initial_score_above_deferral__Sf0 & min_hits_higher_threshold__Sf0)


++++ ELAPSED TIME: 3.4428346590000003
++++ QUEUE LENGTH: 13
++++ Solutions: 0
++++ Duplicates: 0
++++ Node number: 21
++++ Refinement: ['!(min_hits_higher_threshold & min_above_auditing_threshold)', 'G(!(min_above_auditing_threshold & min_hits_higher_threshold))', 'G(!(min_hits_higher_threshold & all_samples_above_deferral))', 'G(!(min_above_auditing_threshold & all_samples_above_deferral))', '!(min_hits_higher_threshold & any_sample_below_deferral)']
++++ Length: 5
++ Y-SAT CHECK
++ REALIZABILITY CHECK
++ COUNTERSTRATEGY COMPUTATION - REFINEMENT GENERATION

=== COUNTERRUN ===
S2 -> Sf7 -> Sf4


=== INTERPOLANT ===
(any_sample_below_deferral__Sf7 & min_hits_higher_threshold__Sf7)


++++ ELAPSED TIME: 3.614546502
++++ QUEUE LENGTH: 13
++++ Solutions: 0
++++ Duplicates: 0
++++ Node number: 22
++++ Refinement: ['!(min_hits_higher_threshold & min_above_auditing_threshold)', 'G(!(min_above_auditing_threshold & min_hits_higher_threshold))', 'G(!(min_hits_higher_threshold & all_samples_above_deferral))', '!(min_above_auditing_threshold & all_samples_above_deferral)', 'G(!(all_samples_above_deferral & min_above_auditing_threshold))']
++++ Length: 5
++ Y-SAT CHECK
++ REALIZABILITY CHECK
++ COUNTERSTRATEGY COMPUTATION - REFINEMENT GENERATION

=== COUNTERRUN ===
Sf0 -> Sf4


=== INTERPOLANT ===
(any_sample_below_deferral__Sf0 & min_hits_higher_threshold__Sf0)


++++ ELAPSED TIME: 3.794190462
++++ QUEUE LENGTH: 14
++++ Solutions: 0
++++ Duplicates: 0
++++ Node number: 23
++++ Refinement: ['!(min_hits_higher_threshold & min_above_auditing_threshold)', 'G(!(min_above_auditing_threshold & min_hits_higher_threshold))', '!(min_hits_higher_threshold & all_samples_above_deferral)', 'G(!(all_samples_above_deferral & min_hits_higher_threshold))', '!(all_samples_above_deferral & min_above_auditing_threshold)']
++++ Length: 5
++ Y-SAT CHECK
++ REALIZABILITY CHECK
++ COUNTERSTRATEGY COMPUTATION - REFINEMENT GENERATION

=== COUNTERRUN ===
S0 -> Sf8 -> Sf4


=== INTERPOLANT ===
(all_samples_above_deferral__Sf8 & min_above_auditing_threshold__Sf8)


++++ ELAPSED TIME: 3.9721464569999996
++++ QUEUE LENGTH: 14
++++ Solutions: 0
++++ Duplicates: 0
++++ Node number: 24
++++ Refinement: ['!(min_hits_higher_threshold & min_above_auditing_threshold)', 'G(!(min_above_auditing_threshold & min_hits_higher_threshold))', '!(min_hits_higher_threshold & all_samples_above_deferral)', 'G(!(all_samples_above_deferral & min_hits_higher_threshold))', 'G(!(all_samples_above_deferral & min_above_auditing_threshold))']
++++ Length: 5
++ Y-SAT CHECK
++ REALIZABILITY CHECK
++ COUNTERSTRATEGY COMPUTATION - REFINEMENT GENERATION

=== COUNTERRUN ===
Sf0 -> Sf4


=== INTERPOLANT ===
(any_sample_below_deferral__Sf0 & min_hits_higher_threshold__Sf0)


++++ ELAPSED TIME: 4.14025129
++++ QUEUE LENGTH: 15
++++ Solutions: 0
++++ Duplicates: 0
++++ Node number: 25
++++ Refinement: ['G(!(min_hits_higher_threshold & min_above_auditing_threshold))', 'G(!(all_samples_above_deferral & min_hits_higher_threshold))', '!(all_samples_above_deferral & min_above_auditing_threshold)', 'G(!(min_above_auditing_threshold & all_samples_above_deferral))', 'G(!(any_sample_below_deferral & min_hits_higher_threshold))']
++++ Length: 5
++ Y-SAT CHECK
++ REALIZABILITY CHECK
++ COUNTERSTRATEGY COMPUTATION - REFINEMENT GENERATION

=== COUNTERRUN ===
Sf3 -> Sf4


=== INTERPOLANT ===
(initial_score_above_deferral__Sf3 & min_hits_higher_threshold__Sf3)


++++ ELAPSED TIME: 4.314143472
++++ QUEUE LENGTH: 16
++++ Solutions: 0
++++ Duplicates: 0
++++ Node number: 26
++++ Refinement: ['G(!(min_hits_higher_threshold & min_above_auditing_threshold))', 'G(!(all_samples_above_deferral & min_hits_higher_threshold))', '!(all_samples_above_deferral & min_above_auditing_threshold)', 'G(!(min_above_auditing_threshold & all_samples_above_deferral))', '!(any_sample_below_deferral & min_hits_higher_threshold)']
++++ Length: 5
++ Y-SAT CHECK
++ REALIZABILITY CHECK
++ COUNTERSTRATEGY COMPUTATION - REFINEMENT GENERATION

=== COUNTERRUN ===
S1 -> Sf7 -> Sf4


=== INTERPOLANT ===
(any_sample_below_deferral__Sf7 & min_hits_higher_threshold__Sf7)


++++ ELAPSED TIME: 4.494239572
++++ QUEUE LENGTH: 16
++++ Solutions: 0
++++ Duplicates: 0
++++ Node number: 27
++++ Refinement: ['G(!(min_hits_higher_threshold & min_above_auditing_threshold))', 'G(!(all_samples_above_deferral & min_hits_higher_threshold))', 'G(!(all_samples_above_deferral & min_above_auditing_threshold))', 'G(!(min_hits_higher_threshold & any_sample_below_deferral))', 'G(!(min_hits_higher_threshold & initial_score_above_deferral))']
++++ Length: 5
++ Y-SAT CHECK
++ REALIZABILITY CHECK
++ COUNTERSTRATEGY COMPUTATION - REFINEMENT GENERATION

=== COUNTERRUN ===
Sf2 -> Sf4


=== INTERPOLANT ===
(any_sample_below_deferral__Sf2 & initial_score_above_deferral__Sf2)


++++ ELAPSED TIME: 4.657126981999999
++++ QUEUE LENGTH: 17
++++ Solutions: 0
++++ Duplicates: 0
++++ Node number: 28
++++ Refinement: ['G(!(min_hits_higher_threshold & min_above_auditing_threshold))', 'G(!(all_samples_above_deferral & min_hits_higher_threshold))', 'G(!(all_samples_above_deferral & min_above_auditing_threshold))', 'G(!(min_hits_higher_threshold & any_sample_below_deferral))', '!(min_hits_higher_threshold & initial_score_above_deferral)']
++++ Length: 5
++ Y-SAT CHECK
++ REALIZABILITY CHECK
++ COUNTERSTRATEGY COMPUTATION - REFINEMENT GENERATION

=== COUNTERRUN ===
S2 -> Sf7 -> Sf4


=== INTERPOLANT ===
(initial_score_above_deferral__Sf7 & min_hits_higher_threshold__Sf7)


++++ ELAPSED TIME: 4.847839078
++++ QUEUE LENGTH: 17
++++ Solutions: 0
++++ Duplicates: 0
++++ Node number: 29
++++ Refinement: ['G(!(min_hits_higher_threshold & min_above_auditing_threshold))', 'G(!(all_samples_above_deferral & min_hits_higher_threshold))', 'G(!(all_samples_above_deferral & min_above_auditing_threshold))', '!(min_hits_higher_threshold & any_sample_below_deferral)', 'G(!(min_hits_higher_threshold & any_sample_below_deferral))']
++++ Length: 5
++ Y-SAT CHECK
++ REALIZABILITY CHECK
++ COUNTERSTRATEGY COMPUTATION - REFINEMENT GENERATION

=== COUNTERRUN ===
Sf2 -> Sf4


=== INTERPOLANT ===
(initial_score_above_deferral__Sf2 & min_hits_higher_threshold__Sf2)


++++ ELAPSED TIME: 5.017414449
++++ QUEUE LENGTH: 18
++++ Solutions: 0
++++ Duplicates: 0
++++ Node number: 30
++++ Refinement: ['G(!(min_hits_higher_threshold & min_above_auditing_threshold))', '!(all_samples_above_deferral & min_hits_higher_threshold)', 'G(!(min_hits_higher_threshold & all_samples_above_deferral))', '!(all_samples_above_deferral & min_above_auditing_threshold)', 'G(!(min_above_auditing_threshold & all_samples_above_deferral))']
++++ Length: 5
++ Y-SAT CHECK
++ REALIZABILITY CHECK
++ COUNTERSTRATEGY COMPUTATION - REFINEMENT GENERATION

=== COUNTERRUN ===
Sf3 -> Sf4


=== INTERPOLANT ===
(any_sample_below_deferral__Sf3 & min_hits_higher_threshold__Sf3)


++++ ELAPSED TIME: 5.212273951
++++ QUEUE LENGTH: 19
++++ Solutions: 0
++++ Duplicates: 0
++++ Node number: 31
++++ Refinement: ['G(!(min_hits_higher_threshold & min_above_auditing_threshold))', '!(all_samples_above_deferral & min_hits_higher_threshold)', 'G(!(min_hits_higher_threshold & all_samples_above_deferral))', 'G(!(all_samples_above_deferral & min_above_auditing_threshold))', 'G(!(any_sample_below_deferral & min_hits_higher_threshold))']
++++ Length: 5
++ Y-SAT CHECK
++ REALIZABILITY CHECK
++ COUNTERSTRATEGY COMPUTATION - REFINEMENT GENERATION

=== COUNTERRUN ===
Sf3 -> Sf4


=== INTERPOLANT ===
(initial_score_above_deferral__Sf3 & min_hits_higher_threshold__Sf3)


++++ ELAPSED TIME: 5.401341107
++++ QUEUE LENGTH: 20
++++ Solutions: 0
++++ Duplicates: 0
++++ Node number: 32
++++ Refinement: ['G(!(min_hits_higher_threshold & min_above_auditing_threshold))', '!(all_samples_above_deferral & min_hits_higher_threshold)', 'G(!(min_hits_higher_threshold & all_samples_above_deferral))', 'G(!(all_samples_above_deferral & min_above_auditing_threshold))', '!(any_sample_below_deferral & min_hits_higher_threshold)']
++++ Length: 5
++ Y-SAT CHECK
++ REALIZABILITY CHECK
++ COUNTERSTRATEGY COMPUTATION - REFINEMENT GENERATION

=== COUNTERRUN ===
S0 -> Sf6 -> Sf4


=== INTERPOLANT ===
(any_sample_below_deferral__Sf6 & min_hits_higher_threshold__Sf6)


++++ ELAPSED TIME: 5.642387032
++++ QUEUE LENGTH: 20
++++ Solutions: 0
++++ Duplicates: 0
++++ Node number: 33
++++ Refinement: ['!(min_hits_higher_threshold & min_above_auditing_threshold)', 'G(!(min_above_auditing_threshold & min_hits_higher_threshold))', 'G(!(min_hits_higher_threshold & all_samples_above_deferral))', 'G(!(min_above_auditing_threshold & all_samples_above_deferral))', 'G(!(min_hits_higher_threshold & any_sample_below_deferral))', '!(initial_score_above_deferral & min_hits_higher_threshold)']
++++ Length: 6
++ Y-SAT CHECK
++ REALIZABILITY CHECK
++ COUNTERSTRATEGY COMPUTATION - REFINEMENT GENERATION

=== COUNTERRUN ===
S0 -> Sf6 -> Sf4


=== INTERPOLANT ===
(initial_score_above_deferral__Sf6 & min_hits_higher_threshold__Sf6)


++++ ELAPSED TIME: 5.842795778999999
++++ QUEUE LENGTH: 20
++++ Solutions: 0
++++ Duplicates: 0
++++ Node number: 34
++++ Refinement: ['!(min_hits_higher_threshold & min_above_auditing_threshold)', 'G(!(min_above_auditing_threshold & min_hits_higher_threshold))', 'G(!(min_hits_higher_threshold & all_samples_above_deferral))', 'G(!(min_above_auditing_threshold & all_samples_above_deferral))', 'G(!(min_hits_higher_threshold & any_sample_below_deferral))', 'G(!(initial_score_above_deferral & min_hits_higher_threshold))']
++++ Length: 6
++ Y-SAT CHECK
++ REALIZABILITY CHECK
++ COUNTERSTRATEGY COMPUTATION - REFINEMENT GENERATION

=== COUNTERRUN ===
Sf0 -> Sf4


=== INTERPOLANT ===
(any_sample_below_deferral__Sf0 & initial_score_above_deferral__Sf0)


++++ ELAPSED TIME: 6.01885019
++++ QUEUE LENGTH: 21
++++ Solutions: 0
++++ Duplicates: 0
++++ Node number: 35
++++ Refinement: ['!(min_hits_higher_threshold & min_above_auditing_threshold)', 'G(!(min_above_auditing_threshold & min_hits_higher_threshold))', 'G(!(min_hits_higher_threshold & all_samples_above_deferral))', 'G(!(min_above_auditing_threshold & all_samples_above_deferral))', '!(min_hits_higher_threshold & any_sample_below_deferral)', 'G(!(min_hits_higher_threshold & any_sample_below_deferral))']
++++ Length: 6
++ Y-SAT CHECK
++ REALIZABILITY CHECK
++ COUNTERSTRATEGY COMPUTATION - REFINEMENT GENERATION

=== COUNTERRUN ===
Sf2 -> Sf4


=== INTERPOLANT ===
(initial_score_above_deferral__Sf2 & min_hits_higher_threshold__Sf2)


++++ ELAPSED TIME: 6.199275201000001
++++ QUEUE LENGTH: 22
++++ Solutions: 0
++++ Duplicates: 0
++++ Node number: 36
++++ Refinement: ['!(min_hits_higher_threshold & min_above_auditing_threshold)', 'G(!(min_above_auditing_threshold & min_hits_higher_threshold))', 'G(!(min_hits_higher_threshold & all_samples_above_deferral))', '!(min_above_auditing_threshold & all_samples_above_deferral)', 'G(!(all_samples_above_deferral & min_above_auditing_threshold))', 'G(!(min_hits_higher_threshold & any_sample_below_deferral))']
++++ Length: 6
++ Y-SAT CHECK
++ REALIZABILITY CHECK
++ COUNTERSTRATEGY COMPUTATION - REFINEMENT GENERATION

=== COUNTERRUN ===
Sf2 -> Sf4


=== INTERPOLANT ===
(initial_score_above_deferral__Sf2 & min_hits_higher_threshold__Sf2)


++++ ELAPSED TIME: 6.373533279
++++ QUEUE LENGTH: 23
++++ Solutions: 0
++++ Duplicates: 0
++++ Node number: 37
++++ Refinement: ['!(min_hits_higher_threshold & min_above_auditing_threshold)', 'G(!(min_above_auditing_threshold & min_hits_higher_threshold))', 'G(!(min_hits_higher_threshold & all_samples_above_deferral))', '!(min_above_auditing_threshold & all_samples_above_deferral)', 'G(!(all_samples_above_deferral & min_above_auditing_threshold))', '!(min_hits_higher_threshold & any_sample_below_deferral)']
++++ Length: 6
++ Y-SAT CHECK
++ REALIZABILITY CHECK
++ COUNTERSTRATEGY COMPUTATION - REFINEMENT GENERATION

=== COUNTERRUN ===
S1 -> Sf8 -> Sf4


=== INTERPOLANT ===
(any_sample_below_deferral__Sf8 & min_hits_higher_threshold__Sf8)


++++ ELAPSED TIME: 6.547154282999999
++++ QUEUE LENGTH: 23
++++ Solutions: 0
++++ Duplicates: 0
++++ Node number: 38
++++ Refinement: ['!(min_hits_higher_threshold & min_above_auditing_threshold)', 'G(!(min_above_auditing_threshold & min_hits_higher_threshold))', '!(min_hits_higher_threshold & all_samples_above_deferral)', 'G(!(all_samples_above_deferral & min_hits_higher_threshold))', '!(all_samples_above_deferral & min_above_auditing_threshold)', 'G(!(min_above_auditing_threshold & all_samples_above_deferral))']
++++ Length: 6
++ Y-SAT CHECK
++ REALIZABILITY CHECK
++ COUNTERSTRATEGY COMPUTATION - REFINEMENT GENERATION

=== COUNTERRUN ===
Sf3 -> Sf4


=== INTERPOLANT ===
(any_sample_below_deferral__Sf3 & min_hits_higher_threshold__Sf3)


++++ ELAPSED TIME: 6.714548713999999
++++ QUEUE LENGTH: 24
++++ Solutions: 0
++++ Duplicates: 0
++++ Node number: 39
++++ Refinement: ['!(min_hits_higher_threshold & min_above_auditing_threshold)', 'G(!(min_above_auditing_threshold & min_hits_higher_threshold))', '!(min_hits_higher_threshold & all_samples_above_deferral)', 'G(!(all_samples_above_deferral & min_hits_higher_threshold))', 'G(!(all_samples_above_deferral & min_above_auditing_threshold))', 'G(!(min_hits_higher_threshold & any_sample_below_deferral))']
++++ Length: 6
++ Y-SAT CHECK
++ REALIZABILITY CHECK
++ COUNTERSTRATEGY COMPUTATION - REFINEMENT GENERATION

=== COUNTERRUN ===
Sf3 -> Sf4


=== INTERPOLANT ===
(initial_score_above_deferral__Sf3 & min_hits_higher_threshold__Sf3)


++++ ELAPSED TIME: 6.884693545999999
++++ QUEUE LENGTH: 25
++++ Solutions: 0
++++ Duplicates: 0
++++ Node number: 40
++++ Refinement: ['!(min_hits_higher_threshold & min_above_auditing_threshold)', 'G(!(min_above_auditing_threshold & min_hits_higher_threshold))', '!(min_hits_higher_threshold & all_samples_above_deferral)', 'G(!(all_samples_above_deferral & min_hits_higher_threshold))', 'G(!(all_samples_above_deferral & min_above_auditing_threshold))', '!(min_hits_higher_threshold & any_sample_below_deferral)']
++++ Length: 6
++ Y-SAT CHECK
++ REALIZABILITY CHECK
++ COUNTERSTRATEGY COMPUTATION - REFINEMENT GENERATION

=== COUNTERRUN ===
S0 -> Sf5 -> Sf4


=== INTERPOLANT ===
(any_sample_below_deferral__Sf5 & min_hits_higher_threshold__Sf5)


++++ ELAPSED TIME: 7.056212978
++++ QUEUE LENGTH: 25
++++ Solutions: 0
++++ Duplicates: 0
++++ Node number: 41
++++ Refinement: ['G(!(min_hits_higher_threshold & min_above_auditing_threshold))', 'G(!(all_samples_above_deferral & min_hits_higher_threshold))', '!(all_samples_above_deferral & min_above_auditing_threshold)', 'G(!(min_above_auditing_threshold & all_samples_above_deferral))', 'G(!(any_sample_below_deferral & min_hits_higher_threshold))', 'G(!(min_hits_higher_threshold & initial_score_above_deferral))']
++++ Length: 6
++ Y-SAT CHECK
++ REALIZABILITY CHECK
++ COUNTERSTRATEGY COMPUTATION - REFINEMENT GENERATION

=== COUNTERRUN ===
Sf0 -> Sf4


=== INTERPOLANT ===
(any_sample_below_deferral__Sf0 & initial_score_above_deferral__Sf0)


++++ ELAPSED TIME: 7.228017732
++++ QUEUE LENGTH: 26
++++ Solutions: 0
++++ Duplicates: 0
++++ Node number: 42
++++ Refinement: ['G(!(min_hits_higher_threshold & min_above_auditing_threshold))', 'G(!(all_samples_above_deferral & min_hits_higher_threshold))', '!(all_samples_above_deferral & min_above_auditing_threshold)', 'G(!(min_above_auditing_threshold & all_samples_above_deferral))', 'G(!(any_sample_below_deferral & min_hits_higher_threshold))', '!(min_hits_higher_threshold & initial_score_above_deferral)']
++++ Length: 6
++ Y-SAT CHECK
++ REALIZABILITY CHECK
++ COUNTERSTRATEGY COMPUTATION - REFINEMENT GENERATION

=== COUNTERRUN ===
S1 -> Sf7 -> Sf4


=== INTERPOLANT ===
(initial_score_above_deferral__Sf7 & min_hits_higher_threshold__Sf7)


++++ ELAPSED TIME: 7.414696245
++++ QUEUE LENGTH: 26
++++ Solutions: 0
++++ Duplicates: 0
++++ Node number: 43
++++ Refinement: ['G(!(min_hits_higher_threshold & min_above_auditing_threshold))', 'G(!(all_samples_above_deferral & min_hits_higher_threshold))', '!(all_samples_above_deferral & min_above_auditing_threshold)', 'G(!(min_above_auditing_threshold & all_samples_above_deferral))', '!(any_sample_below_deferral & min_hits_higher_threshold)', 'G(!(min_hits_higher_threshold & any_sample_below_deferral))']
++++ Length: 6
++ Y-SAT CHECK
++ REALIZABILITY CHECK
++ COUNTERSTRATEGY COMPUTATION - REFINEMENT GENERATION

=== COUNTERRUN ===
Sf1 -> Sf4


=== INTERPOLANT ===
(initial_score_above_deferral__Sf1 & min_hits_higher_threshold__Sf1)


++++ ELAPSED TIME: 7.592020839
++++ QUEUE LENGTH: 27
++++ Solutions: 0
++++ Duplicates: 0
++++ Node number: 44
++++ Refinement: ['G(!(min_hits_higher_threshold & min_above_auditing_threshold))', 'G(!(all_samples_above_deferral & min_hits_higher_threshold))', 'G(!(all_samples_above_deferral & min_above_auditing_threshold))', 'G(!(min_hits_higher_threshold & any_sample_below_deferral))', 'G(!(min_hits_higher_threshold & initial_score_above_deferral))', '!(any_sample_below_deferral & initial_score_above_deferral)']
++++ Length: 6
++ Y-SAT CHECK
++ REALIZABILITY CHECK
++ COUNTERSTRATEGY COMPUTATION - REFINEMENT GENERATION

=== COUNTERRUN ===
S2 -> Sf8 -> Sf4


=== INTERPOLANT ===
(any_sample_below_deferral__Sf8 & initial_score_above_deferral__Sf8)


++++ ELAPSED TIME: 7.743825815999999
++++ QUEUE LENGTH: 27
++++ Solutions: 0
++++ Duplicates: 0
++++ Node number: 45
++++ Refinement: ['G(!(min_hits_higher_threshold & min_above_auditing_threshold))', 'G(!(all_samples_above_deferral & min_hits_higher_threshold))', 'G(!(all_samples_above_deferral & min_above_auditing_threshold))', 'G(!(min_hits_higher_threshold & any_sample_below_deferral))', 'G(!(min_hits_higher_threshold & initial_score_above_deferral))', 'G(!(any_sample_below_deferral & initial_score_above_deferral))']
++++ Length: 6
++ Y-SAT CHECK
++ REALIZABILITY CHECK
++ COUNTERSTRATEGY COMPUTATION - REFINEMENT GENERATION

=== COUNTERRUN ===
Sf2 -> Sf4


=== INTERPOLANT ===
(any_sample_below_deferral__Sf2 & min_above_auditing_threshold__Sf2)


++++ ELAPSED TIME: 7.886559276
++++ QUEUE LENGTH: 28
++++ Solutions: 0
++++ Duplicates: 0
++++ Node number: 46
++++ Refinement: ['G(!(min_hits_higher_threshold & min_above_auditing_threshold))', 'G(!(all_samples_above_deferral & min_hits_higher_threshold))', 'G(!(all_samples_above_deferral & min_above_auditing_threshold))', 'G(!(min_hits_higher_threshold & any_sample_below_deferral))', '!(min_hits_higher_threshold & initial_score_above_deferral)', 'G(!(min_hits_higher_threshold & initial_score_above_deferral))']
++++ Length: 6
++ Y-SAT CHECK
++ REALIZABILITY CHECK
++ COUNTERSTRATEGY COMPUTATION - REFINEMENT GENERATION

=== COUNTERRUN ===
Sf0 -> Sf4


=== INTERPOLANT ===
(any_sample_below_deferral__Sf0 & initial_score_above_deferral__Sf0)


++++ ELAPSED TIME: 8.031667177
++++ QUEUE LENGTH: 29
++++ Solutions: 0
++++ Duplicates: 0
++++ Node number: 47
++++ Refinement: ['G(!(min_hits_higher_threshold & min_above_auditing_threshold))', 'G(!(all_samples_above_deferral & min_hits_higher_threshold))', 'G(!(all_samples_above_deferral & min_above_auditing_threshold))', '!(min_hits_higher_threshold & any_sample_below_deferral)', 'G(!(min_hits_higher_threshold & any_sample_below_deferral))', '!(initial_score_above_deferral & min_hits_higher_threshold)']
++++ Length: 6
++ Y-SAT CHECK
++ REALIZABILITY CHECK
++ COUNTERSTRATEGY COMPUTATION - REFINEMENT GENERATION

=== COUNTERRUN ===
S0 -> Sf6 -> Sf4


=== INTERPOLANT ===
(initial_score_above_deferral__Sf6 & min_hits_higher_threshold__Sf6)


++++ ELAPSED TIME: 8.240315983
++++ QUEUE LENGTH: 29
++++ Solutions: 0
++++ Duplicates: 0
++++ Node number: 48
++++ Refinement: ['G(!(min_hits_higher_threshold & min_above_auditing_threshold))', 'G(!(all_samples_above_deferral & min_hits_higher_threshold))', 'G(!(all_samples_above_deferral & min_above_auditing_threshold))', '!(min_hits_higher_threshold & any_sample_below_deferral)', 'G(!(min_hits_higher_threshold & any_sample_below_deferral))', 'G(!(initial_score_above_deferral & min_hits_higher_threshold))']
++++ Length: 6
++ Y-SAT CHECK
++ REALIZABILITY CHECK
++ COUNTERSTRATEGY COMPUTATION - REFINEMENT GENERATION

=== COUNTERRUN ===
Sf3 -> Sf4


=== INTERPOLANT ===
(any_sample_below_deferral__Sf3 & initial_score_above_deferral__Sf3)


++++ ELAPSED TIME: 8.40578993
++++ QUEUE LENGTH: 30
++++ Solutions: 0
++++ Duplicates: 0
++++ Node number: 49
++++ Refinement: ['G(!(min_hits_higher_threshold & min_above_auditing_threshold))', '!(all_samples_above_deferral & min_hits_higher_threshold)', 'G(!(min_hits_higher_threshold & all_samples_above_deferral))', '!(all_samples_above_deferral & min_above_auditing_threshold)', 'G(!(min_above_auditing_threshold & all_samples_above_deferral))', 'G(!(any_sample_below_deferral & min_hits_higher_threshold))']
++++ Length: 6
++ Y-SAT CHECK
++ REALIZABILITY CHECK
++ COUNTERSTRATEGY COMPUTATION - REFINEMENT GENERATION

=== COUNTERRUN ===
Sf2 -> Sf4


=== INTERPOLANT ===
(initial_score_above_deferral__Sf2 & min_hits_higher_threshold__Sf2)


++++ ELAPSED TIME: 8.568411530999999
++++ QUEUE LENGTH: 31
++++ Solutions: 0
++++ Duplicates: 0
++++ Node number: 50
++++ Refinement: ['G(!(min_hits_higher_threshold & min_above_auditing_threshold))', '!(all_samples_above_deferral & min_hits_higher_threshold)', 'G(!(min_hits_higher_threshold & all_samples_above_deferral))', '!(all_samples_above_deferral & min_above_auditing_threshold)', 'G(!(min_above_auditing_threshold & all_samples_above_deferral))', '!(any_sample_below_deferral & min_hits_higher_threshold)']
++++ Length: 6
++ Y-SAT CHECK
++ REALIZABILITY CHECK
++ COUNTERSTRATEGY COMPUTATION - REFINEMENT GENERATION

=== COUNTERRUN ===
S2 -> Sf7 -> Sf4


=== INTERPOLANT ===
(any_sample_below_deferral__Sf7 & min_hits_higher_threshold__Sf7)


++++ ELAPSED TIME: 8.740404
++++ QUEUE LENGTH: 31
++++ Solutions: 0
++++ Duplicates: 0
++++ Node number: 51
++++ Refinement: ['G(!(min_hits_higher_threshold & min_above_auditing_threshold))', '!(all_samples_above_deferral & min_hits_higher_threshold)', 'G(!(min_hits_higher_threshold & all_samples_above_deferral))', 'G(!(all_samples_above_deferral & min_above_auditing_threshold))', 'G(!(any_sample_below_deferral & min_hits_higher_threshold))', 'G(!(min_hits_higher_threshold & initial_score_above_deferral))']
++++ Length: 6
++ Y-SAT CHECK
++ REALIZABILITY CHECK
++ COUNTERSTRATEGY COMPUTATION - REFINEMENT GENERATION

=== COUNTERRUN ===
Sf1 -> Sf4


=== INTERPOLANT ===
(any_sample_below_deferral__Sf1 & initial_score_above_deferral__Sf1)


++++ ELAPSED TIME: 8.916121539999999
++++ QUEUE LENGTH: 32
++++ Solutions: 0
++++ Duplicates: 0
++++ Node number: 52
++++ Refinement: ['G(!(min_hits_higher_threshold & min_above_auditing_threshold))', '!(all_samples_above_deferral & min_hits_higher_threshold)', 'G(!(min_hits_higher_threshold & all_samples_above_deferral))', 'G(!(all_samples_above_deferral & min_above_auditing_threshold))', 'G(!(any_sample_below_deferral & min_hits_higher_threshold))', '!(min_hits_higher_threshold & initial_score_above_deferral)']
++++ Length: 6
++ Y-SAT CHECK
++ REALIZABILITY CHECK
++ COUNTERSTRATEGY COMPUTATION - REFINEMENT GENERATION

=== COUNTERRUN ===
S0 -> Sf8 -> Sf4


=== INTERPOLANT ===
(initial_score_above_deferral__Sf8 & min_hits_higher_threshold__Sf8)


++++ ELAPSED TIME: 9.090636232
++++ QUEUE LENGTH: 32
++++ Solutions: 0
++++ Duplicates: 0
++++ Node number: 53
++++ Refinement: ['G(!(min_hits_higher_threshold & min_above_auditing_threshold))', '!(all_samples_above_deferral & min_hits_higher_threshold)', 'G(!(min_hits_higher_threshold & all_samples_above_deferral))', 'G(!(all_samples_above_deferral & min_above_auditing_threshold))', '!(any_sample_below_deferral & min_hits_higher_threshold)', 'G(!(any_sample_below_deferral & min_hits_higher_threshold))']
++++ Length: 6
++ Y-SAT CHECK
++ REALIZABILITY CHECK
++ COUNTERSTRATEGY COMPUTATION - REFINEMENT GENERATION

=== COUNTERRUN ===
Sf1 -> Sf4


=== INTERPOLANT ===
(initial_score_above_deferral__Sf1 & min_hits_higher_threshold__Sf1)


++++ ELAPSED TIME: 9.323257039
++++ QUEUE LENGTH: 33
++++ Solutions: 0
++++ Duplicates: 0
++++ Node number: 54
++++ Refinement: ['!(min_hits_higher_threshold & min_above_auditing_threshold)', 'G(!(min_above_auditing_threshold & min_hits_higher_threshold))', 'G(!(min_hits_higher_threshold & all_samples_above_deferral))', 'G(!(min_above_auditing_threshold & all_samples_above_deferral))', 'G(!(min_hits_higher_threshold & any_sample_below_deferral))', '!(initial_score_above_deferral & min_hits_higher_threshold)', 'G(!(initial_score_above_deferral & min_hits_higher_threshold))']
++++ Length: 7
++ Y-SAT CHECK
++ REALIZABILITY CHECK
++ COUNTERSTRATEGY COMPUTATION - REFINEMENT GENERATION

=== COUNTERRUN ===
Sf0 -> Sf4


=== INTERPOLANT ===
(any_sample_below_deferral__Sf0 & initial_score_above_deferral__Sf0)


++++ ELAPSED TIME: 9.488473251
++++ QUEUE LENGTH: 34
++++ Solutions: 0
++++ Duplicates: 0
++++ Node number: 55
++++ Refinement: ['!(min_hits_higher_threshold & min_above_auditing_threshold)', 'G(!(min_above_auditing_threshold & min_hits_higher_threshold))', 'G(!(min_hits_higher_threshold & all_samples_above_deferral))', 'G(!(min_above_auditing_threshold & all_samples_above_deferral))', 'G(!(min_hits_higher_threshold & any_sample_below_deferral))', 'G(!(initial_score_above_deferral & min_hits_higher_threshold))', '!(initial_score_above_deferral & any_sample_below_deferral)']
++++ Length: 7
++ Y-SAT CHECK
++ REALIZABILITY CHECK
++ COUNTERSTRATEGY COMPUTATION - REFINEMENT GENERATION

=== COUNTERRUN ===
S1 -> Sf7 -> Sf4


=== INTERPOLANT ===
(any_sample_below_deferral__Sf7 & initial_score_above_deferral__Sf7)


++++ ELAPSED TIME: 9.670254478
++++ QUEUE LENGTH: 34
++++ Solutions: 0
++++ Duplicates: 0
++++ Node number: 56
++++ Refinement: ['!(min_hits_higher_threshold & min_above_auditing_threshold)', 'G(!(min_above_auditing_threshold & min_hits_higher_threshold))', 'G(!(min_hits_higher_threshold & all_samples_above_deferral))', 'G(!(min_above_auditing_threshold & all_samples_above_deferral))', 'G(!(min_hits_higher_threshold & any_sample_below_deferral))', 'G(!(initial_score_above_deferral & min_hits_higher_threshold))', 'G(!(initial_score_above_deferral & any_sample_below_deferral))']
++++ Length: 7
++ Y-SAT CHECK
++ REALIZABILITY CHECK
++ COUNTERSTRATEGY COMPUTATION - REFINEMENT GENERATION

=== COUNTERRUN ===
Sf3 -> Sf4


=== INTERPOLANT ===
(any_sample_below_deferral__Sf3 & min_above_auditing_threshold__Sf3)


++++ ELAPSED TIME: 9.846825457
++++ QUEUE LENGTH: 35
++++ Solutions: 0
++++ Duplicates: 0
++++ Node number: 57
++++ Refinement: ['!(min_hits_higher_threshold & min_above_auditing_threshold)', 'G(!(min_above_auditing_threshold & min_hits_higher_threshold))', 'G(!(min_hits_higher_threshold & all_samples_above_deferral))', 'G(!(min_above_auditing_threshold & all_samples_above_deferral))', '!(min_hits_higher_threshold & any_sample_below_deferral)', 'G(!(min_hits_higher_threshold & any_sample_below_deferral))', '!(initial_score_above_deferral & min_hits_higher_threshold)']
++++ Length: 7
++ Y-SAT CHECK
++ REALIZABILITY CHECK
++ COUNTERSTRATEGY COMPUTATION - REFINEMENT GENERATION

=== COUNTERRUN ===
S0 -> Sf6 -> Sf4


=== INTERPOLANT ===
(initial_score_above_deferral__Sf6 & min_hits_higher_threshold__Sf6)


++++ ELAPSED TIME: 10.020122092
++++ QUEUE LENGTH: 35
++++ Solutions: 0
++++ Duplicates: 0
++++ Node number: 58
++++ Refinement: ['!(min_hits_higher_threshold & min_above_auditing_threshold)', 'G(!(min_above_auditing_threshold & min_hits_higher_threshold))', 'G(!(min_hits_higher_threshold & all_samples_above_deferral))', 'G(!(min_above_auditing_threshold & all_samples_above_deferral))', '!(min_hits_higher_threshold & any_sample_below_deferral)', 'G(!(min_hits_higher_threshold & any_sample_below_deferral))', 'G(!(initial_score_above_deferral & min_hits_higher_threshold))']
++++ Length: 7
++ Y-SAT CHECK
++ REALIZABILITY CHECK
++ COUNTERSTRATEGY COMPUTATION - REFINEMENT GENERATION

=== COUNTERRUN ===
Sf3 -> Sf4


=== INTERPOLANT ===
(any_sample_below_deferral__Sf3 & initial_score_above_deferral__Sf3)


++++ ELAPSED TIME: 10.204959888
++++ QUEUE LENGTH: 36
++++ Solutions: 0
++++ Duplicates: 0
++++ Node number: 59
++++ Refinement: ['!(min_hits_higher_threshold & min_above_auditing_threshold)', 'G(!(min_above_auditing_threshold & min_hits_higher_threshold))', 'G(!(min_hits_higher_threshold & all_samples_above_deferral))', '!(min_above_auditing_threshold & all_samples_above_deferral)', 'G(!(all_samples_above_deferral & min_above_auditing_threshold))', 'G(!(min_hits_higher_threshold & any_sample_below_deferral))', '!(initial_score_above_deferral & min_hits_higher_threshold)']
++++ Length: 7
++ Y-SAT CHECK
++ REALIZABILITY CHECK
++ COUNTERSTRATEGY COMPUTATION - REFINEMENT GENERATION

=== COUNTERRUN ===
S1 -> Sf5 -> Sf4


=== INTERPOLANT ===
(initial_score_above_deferral__Sf5 & min_hits_higher_threshold__Sf5)


++++ ELAPSED TIME: 10.384071733999999
++++ QUEUE LENGTH: 36
++++ Solutions: 0
++++ Duplicates: 0
++++ Node number: 60
++++ Refinement: ['!(min_hits_higher_threshold & min_above_auditing_threshold)', 'G(!(min_above_auditing_threshold & min_hits_higher_threshold))', 'G(!(min_hits_higher_threshold & all_samples_above_deferral))', '!(min_above_auditing_threshold & all_samples_above_deferral)', 'G(!(all_samples_above_deferral & min_above_auditing_threshold))', 'G(!(min_hits_higher_threshold & any_sample_below_deferral))', 'G(!(initial_score_above_deferral & min_hits_higher_threshold))']
++++ Length: 7
++ Y-SAT CHECK
++ REALIZABILITY CHECK
++ COUNTERSTRATEGY COMPUTATION - REFINEMENT GENERATION

=== COUNTERRUN ===
Sf1 -> Sf4


=== INTERPOLANT ===
(any_sample_below_deferral__Sf1 & initial_score_above_deferral__Sf1)


++++ ELAPSED TIME: 10.546992501
++++ QUEUE LENGTH: 37
++++ Solutions: 0
++++ Duplicates: 0
++++ Node number: 61
++++ Refinement: ['!(min_hits_higher_threshold & min_above_auditing_threshold)', 'G(!(min_above_auditing_threshold & min_hits_higher_threshold))', 'G(!(min_hits_higher_threshold & all_samples_above_deferral))', '!(min_above_auditing_threshold & all_samples_above_deferral)', 'G(!(all_samples_above_deferral & min_above_auditing_threshold))', '!(min_hits_higher_threshold & any_sample_below_deferral)', 'G(!(any_sample_below_deferral & min_hits_higher_threshold))']
++++ Length: 7
++ Y-SAT CHECK
++ REALIZABILITY CHECK
++ COUNTERSTRATEGY COMPUTATION - REFINEMENT GENERATION

=== COUNTERRUN ===
Sf1 -> Sf4


=== INTERPOLANT ===
(initial_score_above_deferral__Sf1 & min_hits_higher_threshold__Sf1)


++++ ELAPSED TIME: 10.712710277
++++ QUEUE LENGTH: 38
++++ Solutions: 0
++++ Duplicates: 0
++++ Node number: 62
++++ Refinement: ['!(min_hits_higher_threshold & min_above_auditing_threshold)', 'G(!(min_above_auditing_threshold & min_hits_higher_threshold))', '!(min_hits_higher_threshold & all_samples_above_deferral)', 'G(!(all_samples_above_deferral & min_hits_higher_threshold))', '!(all_samples_above_deferral & min_above_auditing_threshold)', 'G(!(min_above_auditing_threshold & all_samples_above_deferral))', 'G(!(any_sample_below_deferral & min_hits_higher_threshold))']
++++ Length: 7
++ Y-SAT CHECK
++ REALIZABILITY CHECK
++ COUNTERSTRATEGY COMPUTATION - REFINEMENT GENERATION

=== COUNTERRUN ===
Sf0 -> Sf4


=== INTERPOLANT ===
(initial_score_above_deferral__Sf0 & min_hits_higher_threshold__Sf0)


++++ ELAPSED TIME: 10.878276933
++++ QUEUE LENGTH: 39
++++ Solutions: 0
++++ Duplicates: 0
++++ Node number: 63
++++ Refinement: ['!(min_hits_higher_threshold & min_above_auditing_threshold)', 'G(!(min_above_auditing_threshold & min_hits_higher_threshold))', '!(min_hits_higher_threshold & all_samples_above_deferral)', 'G(!(all_samples_above_deferral & min_hits_higher_threshold))', '!(all_samples_above_deferral & min_above_auditing_threshold)', 'G(!(min_above_auditing_threshold & all_samples_above_deferral))', '!(any_sample_below_deferral & min_hits_higher_threshold)']
++++ Length: 7
++ Y-SAT CHECK
++ REALIZABILITY CHECK
++ COUNTERSTRATEGY COMPUTATION - REFINEMENT GENERATION

=== COUNTERRUN ===
S1 -> Sf6 -> Sf4


=== INTERPOLANT ===
(any_sample_below_deferral__Sf6 & min_hits_higher_threshold__Sf6)


++++ ELAPSED TIME: 11.051973077
++++ QUEUE LENGTH: 39
++++ Solutions: 0
++++ Duplicates: 0
++++ Node number: 64
++++ Refinement: ['!(min_hits_higher_threshold & min_above_auditing_threshold)', 'G(!(min_above_auditing_threshold & min_hits_higher_threshold))', '!(min_hits_higher_threshold & all_samples_above_deferral)', 'G(!(all_samples_above_deferral & min_hits_higher_threshold))', 'G(!(all_samples_above_deferral & min_above_auditing_threshold))', 'G(!(min_hits_higher_threshold & any_sample_below_deferral))', 'G(!(min_hits_higher_threshold & initial_score_above_deferral))']
++++ Length: 7
++ Y-SAT CHECK
++ REALIZABILITY CHECK
++ COUNTERSTRATEGY COMPUTATION - REFINEMENT GENERATION

=== COUNTERRUN ===
Sf3 -> Sf4


=== INTERPOLANT ===
(any_sample_below_deferral__Sf3 & initial_score_above_deferral__Sf3)


++++ ELAPSED TIME: 11.248696282
++++ QUEUE LENGTH: 40
++++ Solutions: 0
++++ Duplicates: 0
++++ Node number: 65
++++ Refinement: ['!(min_hits_higher_threshold & min_above_auditing_threshold)', 'G(!(min_above_auditing_threshold & min_hits_higher_threshold))', '!(min_hits_higher_threshold & all_samples_above_deferral)', 'G(!(all_samples_above_deferral & min_hits_higher_threshold))', 'G(!(all_samples_above_deferral & min_above_auditing_threshold))', 'G(!(min_hits_higher_threshold & any_sample_below_deferral))', '!(min_hits_higher_threshold & initial_score_above_deferral)']
++++ Length: 7
++ Y-SAT CHECK
++ REALIZABILITY CHECK
++ COUNTERSTRATEGY COMPUTATION - REFINEMENT GENERATION

=== COUNTERRUN ===
S0 -> Sf6 -> Sf4


=== INTERPOLANT ===
(initial_score_above_deferral__Sf6 & min_hits_higher_threshold__Sf6)


++++ ELAPSED TIME: 11.418220387
++++ QUEUE LENGTH: 40
++++ Solutions: 0
++++ Duplicates: 0
++++ Node number: 66
++++ Refinement: ['!(min_hits_higher_threshold & min_above_auditing_threshold)', 'G(!(min_above_auditing_threshold & min_hits_higher_threshold))', '!(min_hits_higher_threshold & all_samples_above_deferral)', 'G(!(all_samples_above_deferral & min_hits_higher_threshold))', 'G(!(all_samples_above_deferral & min_above_auditing_threshold))', '!(min_hits_higher_threshold & any_sample_below_deferral)', 'G(!(min_hits_higher_threshold & any_sample_below_deferral))']
++++ Length: 7
++ Y-SAT CHECK
++ REALIZABILITY CHECK
++ COUNTERSTRATEGY COMPUTATION - REFINEMENT GENERATION

=== COUNTERRUN ===
Sf3 -> Sf4


=== INTERPOLANT ===
(initial_score_above_deferral__Sf3 & min_hits_higher_threshold__Sf3)


++++ ELAPSED TIME: 11.58289666
++++ QUEUE LENGTH: 41
++++ Solutions: 0
++++ Duplicates: 0
++++ Node number: 67
++++ Refinement: ['G(!(min_hits_higher_threshold & min_above_auditing_threshold))', 'G(!(all_samples_above_deferral & min_hits_higher_threshold))', '!(all_samples_above_deferral & min_above_auditing_threshold)', 'G(!(min_above_auditing_threshold & all_samples_above_deferral))', 'G(!(any_sample_below_deferral & min_hits_higher_threshold))', 'G(!(min_hits_higher_threshold & initial_score_above_deferral))', '!(initial_score_above_deferral & any_sample_below_deferral)']
++++ Length: 7
++ Y-SAT CHECK
++ REALIZABILITY CHECK
++ COUNTERSTRATEGY COMPUTATION - REFINEMENT GENERATION

=== COUNTERRUN ===
S2 -> Sf5 -> Sf4


=== INTERPOLANT ===
(any_sample_below_deferral__Sf5 & initial_score_above_deferral__Sf5)


++++ ELAPSED TIME: 11.774256077999999
++++ QUEUE LENGTH: 41
++++ Solutions: 0
++++ Duplicates: 0
++++ Node number: 68
++++ Refinement: ['G(!(min_hits_higher_threshold & min_above_auditing_threshold))', 'G(!(all_samples_above_deferral & min_hits_higher_threshold))', '!(all_samples_above_deferral & min_above_auditing_threshold)', 'G(!(min_above_auditing_threshold & all_samples_above_deferral))', 'G(!(any_sample_below_deferral & min_hits_higher_threshold))', 'G(!(min_hits_higher_threshold & initial_score_above_deferral))', 'G(!(initial_score_above_deferral & any_sample_below_deferral))']
++++ Length: 7
++ Y-SAT CHECK
++ REALIZABILITY CHECK
++ COUNTERSTRATEGY COMPUTATION - REFINEMENT GENERATION

=== COUNTERRUN ===
Sf3 -> Sf4


=== INTERPOLANT ===
(any_sample_below_deferral__Sf3 & min_above_auditing_threshold__Sf3)


++++ ELAPSED TIME: 11.956226069
++++ QUEUE LENGTH: 42
++++ Solutions: 0
++++ Duplicates: 0
++++ Node number: 69
++++ Refinement: ['G(!(min_hits_higher_threshold & min_above_auditing_threshold))', 'G(!(all_samples_above_deferral & min_hits_higher_threshold))', '!(all_samples_above_deferral & min_above_auditing_threshold)', 'G(!(min_above_auditing_threshold & all_samples_above_deferral))', 'G(!(any_sample_below_deferral & min_hits_higher_threshold))', '!(min_hits_higher_threshold & initial_score_above_deferral)', 'G(!(min_hits_higher_threshold & initial_score_above_deferral))']
++++ Length: 7
++ Y-SAT CHECK
++ REALIZABILITY CHECK
++ COUNTERSTRATEGY COMPUTATION - REFINEMENT GENERATION

=== COUNTERRUN ===
Sf2 -> Sf4


=== INTERPOLANT ===
(any_sample_below_deferral__Sf2 & initial_score_above_deferral__Sf2)


++++ ELAPSED TIME: 12.121293061
++++ QUEUE LENGTH: 43
++++ Solutions: 0
++++ Duplicates: 0
++++ Node number: 70
++++ Refinement: ['G(!(min_hits_higher_threshold & min_above_auditing_threshold))', 'G(!(all_samples_above_deferral & min_hits_higher_threshold))', '!(all_samples_above_deferral & min_above_auditing_threshold)', 'G(!(min_above_auditing_threshold & all_samples_above_deferral))', '!(any_sample_below_deferral & min_hits_higher_threshold)', 'G(!(min_hits_higher_threshold & any_sample_below_deferral))', '!(initial_score_above_deferral & min_hits_higher_threshold)']
++++ Length: 7
++ Y-SAT CHECK
++ REALIZABILITY CHECK
++ COUNTERSTRATEGY COMPUTATION - REFINEMENT GENERATION

=== COUNTERRUN ===
S1 -> Sf8 -> Sf4


=== INTERPOLANT ===
(initial_score_above_deferral__Sf8 & min_hits_higher_threshold__Sf8)


++++ ELAPSED TIME: 12.303479728
++++ QUEUE LENGTH: 43
++++ Solutions: 0
++++ Duplicates: 0
++++ Node number: 71
++++ Refinement: ['G(!(min_hits_higher_threshold & min_above_auditing_threshold))', 'G(!(all_samples_above_deferral & min_hits_higher_threshold))', '!(all_samples_above_deferral & min_above_auditing_threshold)', 'G(!(min_above_auditing_threshold & all_samples_above_deferral))', '!(any_sample_below_deferral & min_hits_higher_threshold)', 'G(!(min_hits_higher_threshold & any_sample_below_deferral))', 'G(!(initial_score_above_deferral & min_hits_higher_threshold))']
++++ Length: 7
++ Y-SAT CHECK
++ REALIZABILITY CHECK
++ COUNTERSTRATEGY COMPUTATION - REFINEMENT GENERATION

=== COUNTERRUN ===
Sf1 -> Sf4


=== INTERPOLANT ===
(any_sample_below_deferral__Sf1 & initial_score_above_deferral__Sf1)


++++ ELAPSED TIME: 12.477751276
++++ QUEUE LENGTH: 44
++++ Solutions: 0
++++ Duplicates: 0
++++ Node number: 72
++++ Refinement: ['G(!(min_hits_higher_threshold & min_above_auditing_threshold))', 'G(!(all_samples_above_deferral & min_hits_higher_threshold))', 'G(!(all_samples_above_deferral & min_above_auditing_threshold))', 'G(!(min_hits_higher_threshold & any_sample_below_deferral))', 'G(!(min_hits_higher_threshold & initial_score_above_deferral))', '!(any_sample_below_deferral & initial_score_above_deferral)', 'G(!(any_sample_below_deferral & initial_score_above_deferral))']
++++ Length: 7
++ Y-SAT CHECK
++ REALIZABILITY CHECK
++ COUNTERSTRATEGY COMPUTATION - REFINEMENT GENERATION

=== COUNTERRUN ===
Sf1 -> Sf4


=== INTERPOLANT ===
(any_sample_below_deferral__Sf1 & min_above_auditing_threshold__Sf1)


++++ ELAPSED TIME: 12.637295807
++++ QUEUE LENGTH: 45
++++ Solutions: 0
++++ Duplicates: 0
++++ Node number: 73
++++ Refinement: ['G(!(min_hits_higher_threshold & min_above_auditing_threshold))', 'G(!(all_samples_above_deferral & min_hits_higher_threshold))', 'G(!(all_samples_above_deferral & min_above_auditing_threshold))', 'G(!(min_hits_higher_threshold & any_sample_below_deferral))', 'G(!(min_hits_higher_threshold & initial_score_above_deferral))', 'G(!(any_sample_below_deferral & initial_score_above_deferral))', '!(any_sample_below_deferral & min_above_auditing_threshold)']
++++ Length: 7
++ Y-SAT CHECK
++ REALIZABILITY CHECK
++ COUNTERSTRATEGY COMPUTATION - REFINEMENT GENERATION

=== COUNTERRUN ===
S1 -> Sf6 -> Sf4


=== INTERPOLANT ===
(any_sample_below_deferral__Sf6 & min_above_auditing_threshold__Sf6)


++++ ELAPSED TIME: 12.830650303999999
++++ QUEUE LENGTH: 45
++++ Solutions: 0
++++ Duplicates: 0
++++ Node number: 74
++++ Refinement: ['G(!(min_hits_higher_threshold & min_above_auditing_threshold))', 'G(!(all_samples_above_deferral & min_hits_higher_threshold))', 'G(!(all_samples_above_deferral & min_above_auditing_threshold))', 'G(!(min_hits_higher_threshold & any_sample_below_deferral))', 'G(!(min_hits_higher_threshold & initial_score_above_deferral))', 'G(!(any_sample_below_deferral & initial_score_above_deferral))', 'G(!(any_sample_below_deferral & min_above_auditing_threshold))']
++++ Length: 7
++ Y-SAT CHECK
++ REALIZABILITY CHECK
++ COUNTERSTRATEGY COMPUTATION - REFINEMENT GENERATION

=== COUNTERRUN ===
Sf0 -> Sf4


=== INTERPOLANT ===
(all_samples_above_deferral__Sf0 & any_sample_below_deferral__Sf0)


++++ ELAPSED TIME: 12.996882074
++++ QUEUE LENGTH: 46
++++ Solutions: 0
++++ Duplicates: 0
++++ Node number: 75
++++ Refinement: ['G(!(min_hits_higher_threshold & min_above_auditing_threshold))', 'G(!(all_samples_above_deferral & min_hits_higher_threshold))', 'G(!(all_samples_above_deferral & min_above_auditing_threshold))', 'G(!(min_hits_higher_threshold & any_sample_below_deferral))', '!(min_hits_higher_threshold & initial_score_above_deferral)', 'G(!(min_hits_higher_threshold & initial_score_above_deferral))', '!(initial_score_above_deferral & any_sample_below_deferral)']
++++ Length: 7
++ Y-SAT CHECK
++ REALIZABILITY CHECK
++ COUNTERSTRATEGY COMPUTATION - REFINEMENT GENERATION

=== COUNTERRUN ===
S1 -> Sf5 -> Sf4


=== INTERPOLANT ===
(any_sample_below_deferral__Sf5 & initial_score_above_deferral__Sf5)


++++ ELAPSED TIME: 13.191070054999999
++++ QUEUE LENGTH: 46
++++ Solutions: 0
++++ Duplicates: 0
++++ Node number: 76
++++ Refinement: ['G(!(min_hits_higher_threshold & min_above_auditing_threshold))', 'G(!(all_samples_above_deferral & min_hits_higher_threshold))', 'G(!(all_samples_above_deferral & min_above_auditing_threshold))', 'G(!(min_hits_higher_threshold & any_sample_below_deferral))', '!(min_hits_higher_threshold & initial_score_above_deferral)', 'G(!(min_hits_higher_threshold & initial_score_above_deferral))', 'G(!(initial_score_above_deferral & any_sample_below_deferral))']
++++ Length: 7
++ Y-SAT CHECK
++ REALIZABILITY CHECK
++ COUNTERSTRATEGY COMPUTATION - REFINEMENT GENERATION

=== COUNTERRUN ===
Sf0 -> Sf4


=== INTERPOLANT ===
(any_sample_below_deferral__Sf0 & min_above_auditing_threshold__Sf0)


++++ ELAPSED TIME: 13.358666565
++++ QUEUE LENGTH: 47
++++ Solutions: 0
++++ Duplicates: 0
++++ Node number: 77
++++ Refinement: ['G(!(min_hits_higher_threshold & min_above_auditing_threshold))', 'G(!(all_samples_above_deferral & min_hits_higher_threshold))', 'G(!(all_samples_above_deferral & min_above_auditing_threshold))', '!(min_hits_higher_threshold & any_sample_below_deferral)', 'G(!(min_hits_higher_threshold & any_sample_below_deferral))', '!(initial_score_above_deferral & min_hits_higher_threshold)', 'G(!(initial_score_above_deferral & min_hits_higher_threshold))']
++++ Length: 7
++ Y-SAT CHECK
++ REALIZABILITY CHECK
++ COUNTERSTRATEGY COMPUTATION - REFINEMENT GENERATION

=== COUNTERRUN ===
Sf3 -> Sf4


=== INTERPOLANT ===
(any_sample_below_deferral__Sf3 & initial_score_above_deferral__Sf3)


++++ ELAPSED TIME: 13.53658085
++++ QUEUE LENGTH: 48
++++ Solutions: 0
++++ Duplicates: 0
++++ Node number: 78
++++ Refinement: ['G(!(min_hits_higher_threshold & min_above_auditing_threshold))', 'G(!(all_samples_above_deferral & min_hits_higher_threshold))', 'G(!(all_samples_above_deferral & min_above_auditing_threshold))', '!(min_hits_higher_threshold & any_sample_below_deferral)', 'G(!(min_hits_higher_threshold & any_sample_below_deferral))', 'G(!(initial_score_above_deferral & min_hits_higher_threshold))', '!(any_sample_below_deferral & initial_score_above_deferral)']
++++ Length: 7
++ Y-SAT CHECK
++ REALIZABILITY CHECK
++ COUNTERSTRATEGY COMPUTATION - REFINEMENT GENERATION

=== COUNTERRUN ===
S2 -> Sf8 -> Sf4


=== INTERPOLANT ===
(any_sample_below_deferral__Sf8 & initial_score_above_deferral__Sf8)


++++ ELAPSED TIME: 13.713751667
++++ QUEUE LENGTH: 48
++++ Solutions: 0
++++ Duplicates: 0
++++ Node number: 79
++++ Refinement: ['G(!(min_hits_higher_threshold & min_above_auditing_threshold))', 'G(!(all_samples_above_deferral & min_hits_higher_threshold))', 'G(!(all_samples_above_deferral & min_above_auditing_threshold))', '!(min_hits_higher_threshold & any_sample_below_deferral)', 'G(!(min_hits_higher_threshold & any_sample_below_deferral))', 'G(!(initial_score_above_deferral & min_hits_higher_threshold))', 'G(!(any_sample_below_deferral & initial_score_above_deferral))']
++++ Length: 7
++ Y-SAT CHECK
++ REALIZABILITY CHECK
++ COUNTERSTRATEGY COMPUTATION - REFINEMENT GENERATION

=== COUNTERRUN ===
Sf0 -> Sf4


=== INTERPOLANT ===
(any_sample_below_deferral__Sf0 & min_above_auditing_threshold__Sf0)


++++ ELAPSED TIME: 13.88406309
++++ QUEUE LENGTH: 49
++++ Solutions: 0
++++ Duplicates: 0
++++ Node number: 80
++++ Refinement: ['G(!(min_hits_higher_threshold & min_above_auditing_threshold))', '!(all_samples_above_deferral & min_hits_higher_threshold)', 'G(!(min_hits_higher_threshold & all_samples_above_deferral))', '!(all_samples_above_deferral & min_above_auditing_threshold)', 'G(!(min_above_auditing_threshold & all_samples_above_deferral))', 'G(!(any_sample_below_deferral & min_hits_higher_threshold))', '!(initial_score_above_deferral & min_hits_higher_threshold)']
++++ Length: 7
++ Y-SAT CHECK
++ REALIZABILITY CHECK
++ COUNTERSTRATEGY COMPUTATION - REFINEMENT GENERATION

=== COUNTERRUN ===
S2 -> Sf5 -> Sf4


=== INTERPOLANT ===
(initial_score_above_deferral__Sf5 & min_hits_higher_threshold__Sf5)


++++ ELAPSED TIME: 14.065090467
++++ QUEUE LENGTH: 49
++++ Solutions: 0
++++ Duplicates: 0
++++ Node number: 81
++++ Refinement: ['G(!(min_hits_higher_threshold & min_above_auditing_threshold))', '!(all_samples_above_deferral & min_hits_higher_threshold)', 'G(!(min_hits_higher_threshold & all_samples_above_deferral))', '!(all_samples_above_deferral & min_above_auditing_threshold)', 'G(!(min_above_auditing_threshold & all_samples_above_deferral))', 'G(!(any_sample_below_deferral & min_hits_higher_threshold))', 'G(!(initial_score_above_deferral & min_hits_higher_threshold))']
++++ Length: 7
++ Y-SAT CHECK
++ REALIZABILITY CHECK
++ COUNTERSTRATEGY COMPUTATION - REFINEMENT GENERATION

=== COUNTERRUN ===
Sf0 -> Sf4


=== INTERPOLANT ===
(any_sample_below_deferral__Sf0 & initial_score_above_deferral__Sf0)


++++ ELAPSED TIME: 14.22906692
++++ QUEUE LENGTH: 50
++++ Solutions: 0
++++ Duplicates: 0
++++ Node number: 82
++++ Refinement: ['G(!(min_hits_higher_threshold & min_above_auditing_threshold))', '!(all_samples_above_deferral & min_hits_higher_threshold)', 'G(!(min_hits_higher_threshold & all_samples_above_deferral))', '!(all_samples_above_deferral & min_above_auditing_threshold)', 'G(!(min_above_auditing_threshold & all_samples_above_deferral))', '!(any_sample_below_deferral & min_hits_higher_threshold)', 'G(!(min_hits_higher_threshold & any_sample_below_deferral))']
++++ Length: 7
++ Y-SAT CHECK
++ REALIZABILITY CHECK
++ COUNTERSTRATEGY COMPUTATION - REFINEMENT GENERATION

=== COUNTERRUN ===
Sf0 -> Sf4


=== INTERPOLANT ===
(initial_score_above_deferral__Sf0 & min_hits_higher_threshold__Sf0)


++++ ELAPSED TIME: 14.399205695000001
++++ QUEUE LENGTH: 51
++++ Solutions: 0
++++ Duplicates: 0
++++ Node number: 83
++++ Refinement: ['G(!(min_hits_higher_threshold & min_above_auditing_threshold))', '!(all_samples_above_deferral & min_hits_higher_threshold)', 'G(!(min_hits_higher_threshold & all_samples_above_deferral))', 'G(!(all_samples_above_deferral & min_above_auditing_threshold))', 'G(!(any_sample_below_deferral & min_hits_higher_threshold))', 'G(!(min_hits_higher_threshold & initial_score_above_deferral))', '!(any_sample_below_deferral & initial_score_above_deferral)']
++++ Length: 7
++ Y-SAT CHECK
++ REALIZABILITY CHECK
++ COUNTERSTRATEGY COMPUTATION - REFINEMENT GENERATION

=== COUNTERRUN ===
S1 -> Sf7 -> Sf4


=== INTERPOLANT ===
(any_sample_below_deferral__Sf7 & initial_score_above_deferral__Sf7)


++++ ELAPSED TIME: 14.578441492999998
++++ QUEUE LENGTH: 51
++++ Solutions: 0
++++ Duplicates: 0
++++ Node number: 84
++++ Refinement: ['G(!(min_hits_higher_threshold & min_above_auditing_threshold))', '!(all_samples_above_deferral & min_hits_higher_threshold)', 'G(!(min_hits_higher_threshold & all_samples_above_deferral))', 'G(!(all_samples_above_deferral & min_above_auditing_threshold))', 'G(!(any_sample_below_deferral & min_hits_higher_threshold))', 'G(!(min_hits_higher_threshold & initial_score_above_deferral))', 'G(!(any_sample_below_deferral & initial_score_above_deferral))']
++++ Length: 7
++ Y-SAT CHECK
++ REALIZABILITY CHECK
++ COUNTERSTRATEGY COMPUTATION - REFINEMENT GENERATION

=== COUNTERRUN ===
Sf3 -> Sf4


=== INTERPOLANT ===
(any_sample_below_deferral__Sf3 & min_above_auditing_threshold__Sf3)


++++ ELAPSED TIME: 14.743603266
++++ QUEUE LENGTH: 52
++++ Solutions: 0
++++ Duplicates: 0
++++ Node number: 85
++++ Refinement: ['G(!(min_hits_higher_threshold & min_above_auditing_threshold))', '!(all_samples_above_deferral & min_hits_higher_threshold)', 'G(!(min_hits_higher_threshold & all_samples_above_deferral))', 'G(!(all_samples_above_deferral & min_above_auditing_threshold))', 'G(!(any_sample_below_deferral & min_hits_higher_threshold))', '!(min_hits_higher_threshold & initial_score_above_deferral)', 'G(!(initial_score_above_deferral & min_hits_higher_threshold))']
++++ Length: 7
++ Y-SAT CHECK
++ REALIZABILITY CHECK
++ COUNTERSTRATEGY COMPUTATION - REFINEMENT GENERATION

=== COUNTERRUN ===
Sf0 -> Sf4


=== INTERPOLANT ===
(any_sample_below_deferral__Sf0 & initial_score_above_deferral__Sf0)


++++ ELAPSED TIME: 14.912395335000001
++++ QUEUE LENGTH: 53
++++ Solutions: 0
++++ Duplicates: 0
++++ Node number: 86
++++ Refinement: ['G(!(min_hits_higher_threshold & min_above_auditing_threshold))', '!(all_samples_above_deferral & min_hits_higher_threshold)', 'G(!(min_hits_higher_threshold & all_samples_above_deferral))', 'G(!(all_samples_above_deferral & min_above_auditing_threshold))', '!(any_sample_below_deferral & min_hits_higher_threshold)', 'G(!(any_sample_below_deferral & min_hits_higher_threshold))', '!(initial_score_above_deferral & min_hits_higher_threshold)']
++++ Length: 7
++ Y-SAT CHECK
++ REALIZABILITY CHECK
++ COUNTERSTRATEGY COMPUTATION - REFINEMENT GENERATION

=== COUNTERRUN ===
S1 -> Sf6 -> Sf4


=== INTERPOLANT ===
(initial_score_above_deferral__Sf6 & min_hits_higher_threshold__Sf6)


++++ ELAPSED TIME: 15.093690740999998
++++ QUEUE LENGTH: 53
++++ Solutions: 0
++++ Duplicates: 0
++++ Node number: 87
++++ Refinement: ['G(!(min_hits_higher_threshold & min_above_auditing_threshold))', '!(all_samples_above_deferral & min_hits_higher_threshold)', 'G(!(min_hits_higher_threshold & all_samples_above_deferral))', 'G(!(all_samples_above_deferral & min_above_auditing_threshold))', '!(any_sample_below_deferral & min_hits_higher_threshold)', 'G(!(any_sample_below_deferral & min_hits_higher_threshold))', 'G(!(initial_score_above_deferral & min_hits_higher_threshold))']
++++ Length: 7
++ Y-SAT CHECK
++ REALIZABILITY CHECK
++ COUNTERSTRATEGY COMPUTATION - REFINEMENT GENERATION

=== COUNTERRUN ===
Sf2 -> Sf4


=== INTERPOLANT ===
(any_sample_below_deferral__Sf2 & initial_score_above_deferral__Sf2)


++++ ELAPSED TIME: 15.259522971
++++ QUEUE LENGTH: 54
++++ Solutions: 0
++++ Duplicates: 0
++++ Node number: 88
++++ Refinement: ['!(min_hits_higher_threshold & min_above_auditing_threshold)', 'G(!(min_above_auditing_threshold & min_hits_higher_threshold))', 'G(!(min_hits_higher_threshold & all_samples_above_deferral))', 'G(!(min_above_auditing_threshold & all_samples_above_deferral))', 'G(!(min_hits_higher_threshold & any_sample_below_deferral))', '!(initial_score_above_deferral & min_hits_higher_threshold)', 'G(!(initial_score_above_deferral & min_hits_higher_threshold))', '!(initial_score_above_deferral & any_sample_below_deferral)']
++++ Length: 8
++ Y-SAT CHECK
++ REALIZABILITY CHECK
++ COUNTERSTRATEGY COMPUTATION - REFINEMENT GENERATION

=== COUNTERRUN ===
S0 -> Sf5 -> Sf4


=== INTERPOLANT ===
(any_sample_below_deferral__Sf5 & initial_score_above_deferral__Sf5)


++++ ELAPSED TIME: 15.432691384
++++ QUEUE LENGTH: 54
++++ Solutions: 0
++++ Duplicates: 0
++++ Node number: 89
++++ Refinement: ['!(min_hits_higher_threshold & min_above_auditing_threshold)', 'G(!(min_above_auditing_threshold & min_hits_higher_threshold))', 'G(!(min_hits_higher_threshold & all_samples_above_deferral))', 'G(!(min_above_auditing_threshold & all_samples_above_deferral))', 'G(!(min_hits_higher_threshold & any_sample_below_deferral))', '!(initial_score_above_deferral & min_hits_higher_threshold)', 'G(!(initial_score_above_deferral & min_hits_higher_threshold))', 'G(!(initial_score_above_deferral & any_sample_below_deferral))']
++++ Length: 8
++ Y-SAT CHECK
++ REALIZABILITY CHECK
++ COUNTERSTRATEGY COMPUTATION - REFINEMENT GENERATION

=== COUNTERRUN ===
Sf2 -> Sf4


=== INTERPOLANT ===
(any_sample_below_deferral__Sf2 & min_above_auditing_threshold__Sf2)


++++ ELAPSED TIME: 15.627363223999998
++++ QUEUE LENGTH: 55
++++ Solutions: 0
++++ Duplicates: 0
++++ Node number: 90
++++ Refinement: ['!(min_hits_higher_threshold & min_above_auditing_threshold)', 'G(!(min_above_auditing_threshold & min_hits_higher_threshold))', 'G(!(min_hits_higher_threshold & all_samples_above_deferral))', 'G(!(min_above_auditing_threshold & all_samples_above_deferral))', 'G(!(min_hits_higher_threshold & any_sample_below_deferral))', 'G(!(initial_score_above_deferral & min_hits_higher_threshold))', '!(initial_score_above_deferral & any_sample_below_deferral)', 'G(!(any_sample_below_deferral & initial_score_above_deferral))']
++++ Length: 8
++ Y-SAT CHECK
++ REALIZABILITY CHECK
++ COUNTERSTRATEGY COMPUTATION - REFINEMENT GENERATION

=== COUNTERRUN ===
Sf1 -> Sf4


=== INTERPOLANT ===
(any_sample_below_deferral__Sf1 & min_above_auditing_threshold__Sf1)


++++ ELAPSED TIME: 15.809947257
++++ QUEUE LENGTH: 56
++++ Solutions: 0
++++ Duplicates: 0
++++ Node number: 91
++++ Refinement: ['!(min_hits_higher_threshold & min_above_auditing_threshold)', 'G(!(min_above_auditing_threshold & min_hits_higher_threshold))', 'G(!(min_hits_higher_threshold & all_samples_above_deferral))', 'G(!(min_above_auditing_threshold & all_samples_above_deferral))', 'G(!(min_hits_higher_threshold & any_sample_below_deferral))', 'G(!(initial_score_above_deferral & min_hits_higher_threshold))', 'G(!(initial_score_above_deferral & any_sample_below_deferral))', '!(any_sample_below_deferral & min_above_auditing_threshold)']
++++ Length: 8
++ Y-SAT CHECK
++ REALIZABILITY CHECK
++ COUNTERSTRATEGY COMPUTATION - REFINEMENT GENERATION

=== COUNTERRUN ===
S0 -> Sf8 -> Sf4


=== INTERPOLANT ===
(any_sample_below_deferral__Sf8 & min_above_auditing_threshold__Sf8)


++++ ELAPSED TIME: 16.001084659
++++ QUEUE LENGTH: 56
++++ Solutions: 0
++++ Duplicates: 0
++++ Node number: 92
++++ Refinement: ['!(min_hits_higher_threshold & min_above_auditing_threshold)', 'G(!(min_above_auditing_threshold & min_hits_higher_threshold))', 'G(!(min_hits_higher_threshold & all_samples_above_deferral))', 'G(!(min_above_auditing_threshold & all_samples_above_deferral))', 'G(!(min_hits_higher_threshold & any_sample_below_deferral))', 'G(!(initial_score_above_deferral & min_hits_higher_threshold))', 'G(!(initial_score_above_deferral & any_sample_below_deferral))', 'G(!(any_sample_below_deferral & min_above_auditing_threshold))']
++++ Length: 8
++ Y-SAT CHECK
++ REALIZABILITY CHECK
++ COUNTERSTRATEGY COMPUTATION - REFINEMENT GENERATION

=== COUNTERRUN ===
Sf1 -> Sf4


=== INTERPOLANT ===
(all_samples_above_deferral__Sf1 & any_sample_below_deferral__Sf1)


++++ ELAPSED TIME: 16.175702665000003
++++ QUEUE LENGTH: 57
++++ Solutions: 0
++++ Duplicates: 0
++++ Node number: 93
++++ Refinement: ['!(min_hits_higher_threshold & min_above_auditing_threshold)', 'G(!(min_above_auditing_threshold & min_hits_higher_threshold))', 'G(!(min_hits_higher_threshold & all_samples_above_deferral))', 'G(!(min_above_auditing_threshold & all_samples_above_deferral))', '!(min_hits_higher_threshold & any_sample_below_deferral)', 'G(!(min_hits_higher_threshold & any_sample_below_deferral))', '!(initial_score_above_deferral & min_hits_higher_threshold)', 'G(!(initial_score_above_deferral & min_hits_higher_threshold))']
++++ Length: 8
++ Y-SAT CHECK
++ REALIZABILITY CHECK
++ COUNTERSTRATEGY COMPUTATION - REFINEMENT GENERATION

=== COUNTERRUN ===
Sf0 -> Sf4


=== INTERPOLANT ===
(any_sample_below_deferral__Sf0 & initial_score_above_deferral__Sf0)


++++ ELAPSED TIME: 16.342160774
++++ QUEUE LENGTH: 58
++++ Solutions: 0
++++ Duplicates: 0
++++ Node number: 94
++++ Refinement: ['!(min_hits_higher_threshold & min_above_auditing_threshold)', 'G(!(min_above_auditing_threshold & min_hits_higher_threshold))', 'G(!(min_hits_higher_threshold & all_samples_above_deferral))', 'G(!(min_above_auditing_threshold & all_samples_above_deferral))', '!(min_hits_higher_threshold & any_sample_below_deferral)', 'G(!(min_hits_higher_threshold & any_sample_below_deferral))', 'G(!(initial_score_above_deferral & min_hits_higher_threshold))', '!(any_sample_below_deferral & initial_score_above_deferral)']
++++ Length: 8
++ Y-SAT CHECK
++ REALIZABILITY CHECK
++ COUNTERSTRATEGY COMPUTATION - REFINEMENT GENERATION

=== COUNTERRUN ===
S0 -> Sf8 -> Sf4


=== INTERPOLANT ===
(any_sample_below_deferral__Sf8 & initial_score_above_deferral__Sf8)


++++ ELAPSED TIME: 16.532410104
++++ QUEUE LENGTH: 58
++++ Solutions: 0
++++ Duplicates: 0
++++ Node number: 95
++++ Refinement: ['!(min_hits_higher_threshold & min_above_auditing_threshold)', 'G(!(min_above_auditing_threshold & min_hits_higher_threshold))', 'G(!(min_hits_higher_threshold & all_samples_above_deferral))', 'G(!(min_above_auditing_threshold & all_samples_above_deferral))', '!(min_hits_higher_threshold & any_sample_below_deferral)', 'G(!(min_hits_higher_threshold & any_sample_below_deferral))', 'G(!(initial_score_above_deferral & min_hits_higher_threshold))', 'G(!(any_sample_below_deferral & initial_score_above_deferral))']
++++ Length: 8
++ Y-SAT CHECK
++ REALIZABILITY CHECK
++ COUNTERSTRATEGY COMPUTATION - REFINEMENT GENERATION

=== COUNTERRUN ===
Sf3 -> Sf4


=== INTERPOLANT ===
(any_sample_below_deferral__Sf3 & min_above_auditing_threshold__Sf3)


++++ ELAPSED TIME: 16.696198146
++++ QUEUE LENGTH: 59
++++ Solutions: 0
++++ Duplicates: 0
++++ Node number: 96
++++ Refinement: ['!(min_hits_higher_threshold & min_above_auditing_threshold)', 'G(!(min_above_auditing_threshold & min_hits_higher_threshold))', 'G(!(min_hits_higher_threshold & all_samples_above_deferral))', '!(min_above_auditing_threshold & all_samples_above_deferral)', 'G(!(all_samples_above_deferral & min_above_auditing_threshold))', 'G(!(min_hits_higher_threshold & any_sample_below_deferral))', '!(initial_score_above_deferral & min_hits_higher_threshold)', 'G(!(min_hits_higher_threshold & initial_score_above_deferral))']
++++ Length: 8
++ Y-SAT CHECK
++ REALIZABILITY CHECK
++ COUNTERSTRATEGY COMPUTATION - REFINEMENT GENERATION

=== COUNTERRUN ===
Sf3 -> Sf4


=== INTERPOLANT ===
(any_sample_below_deferral__Sf3 & initial_score_above_deferral__Sf3)


++++ ELAPSED TIME: 16.870976506
++++ QUEUE LENGTH: 60
++++ Solutions: 0
++++ Duplicates: 0
++++ Node number: 97
++++ Refinement: ['!(min_hits_higher_threshold & min_above_auditing_threshold)', 'G(!(min_above_auditing_threshold & min_hits_higher_threshold))', 'G(!(min_hits_higher_threshold & all_samples_above_deferral))', '!(min_above_auditing_threshold & all_samples_above_deferral)', 'G(!(all_samples_above_deferral & min_above_auditing_threshold))', 'G(!(min_hits_higher_threshold & any_sample_below_deferral))', 'G(!(initial_score_above_deferral & min_hits_higher_threshold))', '!(any_sample_below_deferral & initial_score_above_deferral)']
++++ Length: 8
++ Y-SAT CHECK
++ REALIZABILITY CHECK
++ COUNTERSTRATEGY COMPUTATION - REFINEMENT GENERATION

=== COUNTERRUN ===
S0 -> Sf8 -> Sf4


=== INTERPOLANT ===
(any_sample_below_deferral__Sf8 & initial_score_above_deferral__Sf8)


++++ ELAPSED TIME: 17.047500898000003
++++ QUEUE LENGTH: 60
++++ Solutions: 0
++++ Duplicates: 0
++++ Node number: 98
++++ Refinement: ['!(min_hits_higher_threshold & min_above_auditing_threshold)', 'G(!(min_above_auditing_threshold & min_hits_higher_threshold))', 'G(!(min_hits_higher_threshold & all_samples_above_deferral))', '!(min_above_auditing_threshold & all_samples_above_deferral)', 'G(!(all_samples_above_deferral & min_above_auditing_threshold))', 'G(!(min_hits_higher_threshold & any_sample_below_deferral))', 'G(!(initial_score_above_deferral & min_hits_higher_threshold))', 'G(!(any_sample_below_deferral & initial_score_above_deferral))']
++++ Length: 8
++ Y-SAT CHECK
++ REALIZABILITY CHECK
++ COUNTERSTRATEGY COMPUTATION - REFINEMENT GENERATION

=== COUNTERRUN ===
Sf0 -> Sf4


=== INTERPOLANT ===
(any_sample_below_deferral__Sf0 & min_above_auditing_threshold__Sf0)


++++ ELAPSED TIME: 17.23310619
++++ QUEUE LENGTH: 61
++++ Solutions: 0
++++ Duplicates: 0
++++ Node number: 99
++++ Refinement: ['!(min_hits_higher_threshold & min_above_auditing_threshold)', 'G(!(min_above_auditing_threshold & min_hits_higher_threshold))', 'G(!(min_hits_higher_threshold & all_samples_above_deferral))', '!(min_above_auditing_threshold & all_samples_above_deferral)', 'G(!(all_samples_above_deferral & min_above_auditing_threshold))', '!(min_hits_higher_threshold & any_sample_below_deferral)', 'G(!(any_sample_below_deferral & min_hits_higher_threshold))', '!(initial_score_above_deferral & min_hits_higher_threshold)']
++++ Length: 8
++ Y-SAT CHECK
++ REALIZABILITY CHECK
++ COUNTERSTRATEGY COMPUTATION - REFINEMENT GENERATION

=== COUNTERRUN ===
S2 -> Sf7 -> Sf4


=== INTERPOLANT ===
(initial_score_above_deferral__Sf7 & min_hits_higher_threshold__Sf7)


++++ ELAPSED TIME: 17.407876264000002
++++ QUEUE LENGTH: 61
++++ Solutions: 0
++++ Duplicates: 0
++++ Node number: 100
++++ Refinement: ['!(min_hits_higher_threshold & min_above_auditing_threshold)', 'G(!(min_above_auditing_threshold & min_hits_higher_threshold))', 'G(!(min_hits_higher_threshold & all_samples_above_deferral))', '!(min_above_auditing_threshold & all_samples_above_deferral)', 'G(!(all_samples_above_deferral & min_above_auditing_threshold))', '!(min_hits_higher_threshold & any_sample_below_deferral)', 'G(!(any_sample_below_deferral & min_hits_higher_threshold))', 'G(!(initial_score_above_deferral & min_hits_higher_threshold))']
++++ Length: 8
++ Y-SAT CHECK
++ REALIZABILITY CHECK
++ COUNTERSTRATEGY COMPUTATION - REFINEMENT GENERATION

=== COUNTERRUN ===
Sf0 -> Sf4


=== INTERPOLANT ===
(any_sample_below_deferral__Sf0 & initial_score_above_deferral__Sf0)


++++ ELAPSED TIME: 17.580251930000003
++++ QUEUE LENGTH: 62
++++ Solutions: 0
++++ Duplicates: 0
++++ Node number: 101
++++ Refinement: ['!(min_hits_higher_threshold & min_above_auditing_threshold)', 'G(!(min_above_auditing_threshold & min_hits_higher_threshold))', '!(min_hits_higher_threshold & all_samples_above_deferral)', 'G(!(all_samples_above_deferral & min_hits_higher_threshold))', '!(all_samples_above_deferral & min_above_auditing_threshold)', 'G(!(min_above_auditing_threshold & all_samples_above_deferral))', 'G(!(any_sample_below_deferral & min_hits_higher_threshold))', '!(initial_score_above_deferral & min_hits_higher_threshold)']
++++ Length: 8
++ Y-SAT CHECK
++ REALIZABILITY CHECK
++ COUNTERSTRATEGY COMPUTATION - REFINEMENT GENERATION

=== COUNTERRUN ===
S2 -> Sf6 -> Sf4


=== INTERPOLANT ===
(initial_score_above_deferral__Sf6 & min_hits_higher_threshold__Sf6)


++++ ELAPSED TIME: 17.789057598000003
++++ QUEUE LENGTH: 62
++++ Solutions: 0
++++ Duplicates: 0
++++ Node number: 102
++++ Refinement: ['!(min_hits_higher_threshold & min_above_auditing_threshold)', 'G(!(min_above_auditing_threshold & min_hits_higher_threshold))', '!(min_hits_higher_threshold & all_samples_above_deferral)', 'G(!(all_samples_above_deferral & min_hits_higher_threshold))', '!(all_samples_above_deferral & min_above_auditing_threshold)', 'G(!(min_above_auditing_threshold & all_samples_above_deferral))', 'G(!(any_sample_below_deferral & min_hits_higher_threshold))', 'G(!(initial_score_above_deferral & min_hits_higher_threshold))']
++++ Length: 8
++ Y-SAT CHECK
++ REALIZABILITY CHECK
++ COUNTERSTRATEGY COMPUTATION - REFINEMENT GENERATION

=== COUNTERRUN ===
Sf0 -> Sf4


=== INTERPOLANT ===
(any_sample_below_deferral__Sf0 & initial_score_above_deferral__Sf0)


++++ ELAPSED TIME: 17.994707899
++++ QUEUE LENGTH: 63
++++ Solutions: 0
++++ Duplicates: 0
++++ Node number: 103
++++ Refinement: ['!(min_hits_higher_threshold & min_above_auditing_threshold)', 'G(!(min_above_auditing_threshold & min_hits_higher_threshold))', '!(min_hits_higher_threshold & all_samples_above_deferral)', 'G(!(all_samples_above_deferral & min_hits_higher_threshold))', '!(all_samples_above_deferral & min_above_auditing_threshold)', 'G(!(min_above_auditing_threshold & all_samples_above_deferral))', '!(any_sample_below_deferral & min_hits_higher_threshold)', 'G(!(any_sample_below_deferral & min_hits_higher_threshold))']
++++ Length: 8
++ Y-SAT CHECK
++ REALIZABILITY CHECK
++ COUNTERSTRATEGY COMPUTATION - REFINEMENT GENERATION

=== COUNTERRUN ===
Sf2 -> Sf4


=== INTERPOLANT ===
(initial_score_above_deferral__Sf2 & min_hits_higher_threshold__Sf2)


++++ ELAPSED TIME: 18.192677141
++++ QUEUE LENGTH: 64
++++ Solutions: 0
++++ Duplicates: 0
++++ Node number: 104
++++ Refinement: ['!(min_hits_higher_threshold & min_above_auditing_threshold)', 'G(!(min_above_auditing_threshold & min_hits_higher_threshold))', '!(min_hits_higher_threshold & all_samples_above_deferral)', 'G(!(all_samples_above_deferral & min_hits_higher_threshold))', 'G(!(all_samples_above_deferral & min_above_auditing_threshold))', 'G(!(min_hits_higher_threshold & any_sample_below_deferral))', 'G(!(min_hits_higher_threshold & initial_score_above_deferral))', '!(any_sample_below_deferral & initial_score_above_deferral)']
++++ Length: 8
++ Y-SAT CHECK
++ REALIZABILITY CHECK
++ COUNTERSTRATEGY COMPUTATION - REFINEMENT GENERATION

=== COUNTERRUN ===
S1 -> Sf8 -> Sf4


=== INTERPOLANT ===
(any_sample_below_deferral__Sf8 & initial_score_above_deferral__Sf8)


++++ ELAPSED TIME: 18.379149981
++++ QUEUE LENGTH: 64
++++ Solutions: 0
++++ Duplicates: 0
++++ Node number: 105
++++ Refinement: ['!(min_hits_higher_threshold & min_above_auditing_threshold)', 'G(!(min_above_auditing_threshold & min_hits_higher_threshold))', '!(min_hits_higher_threshold & all_samples_above_deferral)', 'G(!(all_samples_above_deferral & min_hits_higher_threshold))', 'G(!(all_samples_above_deferral & min_above_auditing_threshold))', 'G(!(min_hits_higher_threshold & any_sample_below_deferral))', 'G(!(min_hits_higher_threshold & initial_score_above_deferral))', 'G(!(any_sample_below_deferral & initial_score_above_deferral))']
++++ Length: 8
++ Y-SAT CHECK
++ REALIZABILITY CHECK
++ COUNTERSTRATEGY COMPUTATION - REFINEMENT GENERATION

=== COUNTERRUN ===
Sf3 -> Sf4


=== INTERPOLANT ===
(any_sample_below_deferral__Sf3 & min_above_auditing_threshold__Sf3)


++++ ELAPSED TIME: 18.544993855
++++ QUEUE LENGTH: 65
++++ Solutions: 0
++++ Duplicates: 0
++++ Node number: 106
++++ Refinement: ['!(min_hits_higher_threshold & min_above_auditing_threshold)', 'G(!(min_above_auditing_threshold & min_hits_higher_threshold))', '!(min_hits_higher_threshold & all_samples_above_deferral)', 'G(!(all_samples_above_deferral & min_hits_higher_threshold))', 'G(!(all_samples_above_deferral & min_above_auditing_threshold))', 'G(!(min_hits_higher_threshold & any_sample_below_deferral))', '!(min_hits_higher_threshold & initial_score_above_deferral)', 'G(!(initial_score_above_deferral & min_hits_higher_threshold))']
++++ Length: 8
++ Y-SAT CHECK
++ REALIZABILITY CHECK
++ COUNTERSTRATEGY COMPUTATION - REFINEMENT GENERATION

=== COUNTERRUN ===
Sf2 -> Sf4


=== INTERPOLANT ===
(any_sample_below_deferral__Sf2 & initial_score_above_deferral__Sf2)


++++ ELAPSED TIME: 18.7075369
++++ QUEUE LENGTH: 66
++++ Solutions: 0
++++ Duplicates: 0
++++ Node number: 107
++++ Refinement: ['!(min_hits_higher_threshold & min_above_auditing_threshold)', 'G(!(min_above_auditing_threshold & min_hits_higher_threshold))', '!(min_hits_higher_threshold & all_samples_above_deferral)', 'G(!(all_samples_above_deferral & min_hits_higher_threshold))', 'G(!(all_samples_above_deferral & min_above_auditing_threshold))', '!(min_hits_higher_threshold & any_sample_below_deferral)', 'G(!(min_hits_higher_threshold & any_sample_below_deferral))', 'G(!(min_hits_higher_threshold & initial_score_above_deferral))']
++++ Length: 8
++ Y-SAT CHECK
++ REALIZABILITY CHECK
++ COUNTERSTRATEGY COMPUTATION - REFINEMENT GENERATION

=== COUNTERRUN ===
Sf1 -> Sf4


=== INTERPOLANT ===
(any_sample_below_deferral__Sf1 & initial_score_above_deferral__Sf1)


++++ ELAPSED TIME: 18.886138632
++++ QUEUE LENGTH: 67
++++ Solutions: 0
++++ Duplicates: 0
++++ Node number: 108
++++ Refinement: ['!(min_hits_higher_threshold & min_above_auditing_threshold)', 'G(!(min_above_auditing_threshold & min_hits_higher_threshold))', '!(min_hits_higher_threshold & all_samples_above_deferral)', 'G(!(all_samples_above_deferral & min_hits_higher_threshold))', 'G(!(all_samples_above_deferral & min_above_auditing_threshold))', '!(min_hits_higher_threshold & any_sample_below_deferral)', 'G(!(min_hits_higher_threshold & any_sample_below_deferral))', '!(min_hits_higher_threshold & initial_score_above_deferral)']
++++ Length: 8
++ Y-SAT CHECK
++ REALIZABILITY CHECK
++ COUNTERSTRATEGY COMPUTATION - REFINEMENT GENERATION

=== COUNTERRUN ===
S1 -> Sf5 -> Sf4


=== INTERPOLANT ===
(initial_score_above_deferral__Sf5 & min_hits_higher_threshold__Sf5)


++++ ELAPSED TIME: 19.072178525
++++ QUEUE LENGTH: 67
++++ Solutions: 0
++++ Duplicates: 0
++++ Node number: 109
++++ Refinement: ['G(!(min_hits_higher_threshold & min_above_auditing_threshold))', 'G(!(all_samples_above_deferral & min_hits_higher_threshold))', '!(all_samples_above_deferral & min_above_auditing_threshold)', 'G(!(min_above_auditing_threshold & all_samples_above_deferral))', 'G(!(any_sample_below_deferral & min_hits_higher_threshold))', 'G(!(min_hits_higher_threshold & initial_score_above_deferral))', '!(initial_score_above_deferral & any_sample_below_deferral)', 'G(!(initial_score_above_deferral & any_sample_below_deferral))']
++++ Length: 8
++ Y-SAT CHECK
++ REALIZABILITY CHECK
++ COUNTERSTRATEGY COMPUTATION - REFINEMENT GENERATION

=== COUNTERRUN ===
Sf3 -> Sf4


=== INTERPOLANT ===
(any_sample_below_deferral__Sf3 & min_above_auditing_threshold__Sf3)


++++ ELAPSED TIME: 19.24194508
++++ QUEUE LENGTH: 68
++++ Solutions: 0
++++ Duplicates: 0
++++ Node number: 110
++++ Refinement: ['G(!(min_hits_higher_threshold & min_above_auditing_threshold))', 'G(!(all_samples_above_deferral & min_hits_higher_threshold))', '!(all_samples_above_deferral & min_above_auditing_threshold)', 'G(!(min_above_auditing_threshold & all_samples_above_deferral))', 'G(!(any_sample_below_deferral & min_hits_higher_threshold))', 'G(!(min_hits_higher_threshold & initial_score_above_deferral))', 'G(!(initial_score_above_deferral & any_sample_below_deferral))', '!(any_sample_below_deferral & min_above_auditing_threshold)']
++++ Length: 8
++ Y-SAT CHECK
++ REALIZABILITY CHECK
++ COUNTERSTRATEGY COMPUTATION - REFINEMENT GENERATION

=== COUNTERRUN ===
S0 -> Sf8 -> Sf4


=== INTERPOLANT ===
(any_sample_below_deferral__Sf8 & min_above_auditing_threshold__Sf8)


++++ ELAPSED TIME: 19.417131659000002
++++ QUEUE LENGTH: 68
++++ Solutions: 0
++++ Duplicates: 0
++++ Node number: 111
++++ Refinement: ['G(!(min_hits_higher_threshold & min_above_auditing_threshold))', 'G(!(all_samples_above_deferral & min_hits_higher_threshold))', '!(all_samples_above_deferral & min_above_auditing_threshold)', 'G(!(min_above_auditing_threshold & all_samples_above_deferral))', 'G(!(any_sample_below_deferral & min_hits_higher_threshold))', 'G(!(min_hits_higher_threshold & initial_score_above_deferral))', 'G(!(initial_score_above_deferral & any_sample_below_deferral))', 'G(!(any_sample_below_deferral & min_above_auditing_threshold))']
++++ Length: 8
++ Y-SAT CHECK
++ REALIZABILITY CHECK
++ COUNTERSTRATEGY COMPUTATION - REFINEMENT GENERATION

=== COUNTERRUN ===
Sf2 -> Sf4


=== INTERPOLANT ===
(all_samples_above_deferral__Sf2 & any_sample_below_deferral__Sf2)


++++ ELAPSED TIME: 19.583386608
++++ QUEUE LENGTH: 69
++++ Solutions: 0
++++ Duplicates: 0
++++ Node number: 112
++++ Refinement: ['G(!(min_hits_higher_threshold & min_above_auditing_threshold))', 'G(!(all_samples_above_deferral & min_hits_higher_threshold))', '!(all_samples_above_deferral & min_above_auditing_threshold)', 'G(!(min_above_auditing_threshold & all_samples_above_deferral))', 'G(!(any_sample_below_deferral & min_hits_higher_threshold))', '!(min_hits_higher_threshold & initial_score_above_deferral)', 'G(!(min_hits_higher_threshold & initial_score_above_deferral))', '!(any_sample_below_deferral & initial_score_above_deferral)']
++++ Length: 8
++ Y-SAT CHECK
++ REALIZABILITY CHECK
++ COUNTERSTRATEGY COMPUTATION - REFINEMENT GENERATION

=== COUNTERRUN ===
S1 -> Sf5 -> Sf4


=== INTERPOLANT ===
(any_sample_below_deferral__Sf5 & initial_score_above_deferral__Sf5)


++++ ELAPSED TIME: 19.771473646
++++ QUEUE LENGTH: 69
++++ Solutions: 0
++++ Duplicates: 0
++++ Node number: 113
++++ Refinement: ['G(!(min_hits_higher_threshold & min_above_auditing_threshold))', 'G(!(all_samples_above_deferral & min_hits_higher_threshold))', '!(all_samples_above_deferral & min_above_auditing_threshold)', 'G(!(min_above_auditing_threshold & all_samples_above_deferral))', 'G(!(any_sample_below_deferral & min_hits_higher_threshold))', '!(min_hits_higher_threshold & initial_score_above_deferral)', 'G(!(min_hits_higher_threshold & initial_score_above_deferral))', 'G(!(any_sample_below_deferral & initial_score_above_deferral))']
++++ Length: 8
++ Y-SAT CHECK
++ REALIZABILITY CHECK
++ COUNTERSTRATEGY COMPUTATION - REFINEMENT GENERATION

=== COUNTERRUN ===
Sf0 -> Sf4


=== INTERPOLANT ===
(any_sample_below_deferral__Sf0 & min_above_auditing_threshold__Sf0)


++++ ELAPSED TIME: 19.942912396
++++ QUEUE LENGTH: 70
++++ Solutions: 0
++++ Duplicates: 0
++++ Node number: 114
++++ Refinement: ['G(!(min_hits_higher_threshold & min_above_auditing_threshold))', 'G(!(all_samples_above_deferral & min_hits_higher_threshold))', '!(all_samples_above_deferral & min_above_auditing_threshold)', 'G(!(min_above_auditing_threshold & all_samples_above_deferral))', '!(any_sample_below_deferral & min_hits_higher_threshold)', 'G(!(min_hits_higher_threshold & any_sample_below_deferral))', '!(initial_score_above_deferral & min_hits_higher_threshold)', 'G(!(initial_score_above_deferral & min_hits_higher_threshold))']
++++ Length: 8
++ Y-SAT CHECK
++ REALIZABILITY CHECK
++ COUNTERSTRATEGY COMPUTATION - REFINEMENT GENERATION

=== COUNTERRUN ===
Sf2 -> Sf4


=== INTERPOLANT ===
(any_sample_below_deferral__Sf2 & initial_score_above_deferral__Sf2)


++++ ELAPSED TIME: 20.108893208
++++ QUEUE LENGTH: 71
++++ Solutions: 0
++++ Duplicates: 0
++++ Node number: 115
++++ Refinement: ['G(!(min_hits_higher_threshold & min_above_auditing_threshold))', 'G(!(all_samples_above_deferral & min_hits_higher_threshold))', '!(all_samples_above_deferral & min_above_auditing_threshold)', 'G(!(min_above_auditing_threshold & all_samples_above_deferral))', '!(any_sample_below_deferral & min_hits_higher_threshold)', 'G(!(min_hits_higher_threshold & any_sample_below_deferral))', 'G(!(initial_score_above_deferral & min_hits_higher_threshold))', '!(any_sample_below_deferral & initial_score_above_deferral)']
++++ Length: 8
++ Y-SAT CHECK
++ REALIZABILITY CHECK
++ COUNTERSTRATEGY COMPUTATION - REFINEMENT GENERATION

=== COUNTERRUN ===
S1 -> Sf5 -> Sf4


=== INTERPOLANT ===
(any_sample_below_deferral__Sf5 & initial_score_above_deferral__Sf5)


++++ ELAPSED TIME: 20.289236191
++++ QUEUE LENGTH: 71
++++ Solutions: 0
++++ Duplicates: 0
++++ Node number: 116
++++ Refinement: ['G(!(min_hits_higher_threshold & min_above_auditing_threshold))', 'G(!(all_samples_above_deferral & min_hits_higher_threshold))', '!(all_samples_above_deferral & min_above_auditing_threshold)', 'G(!(min_above_auditing_threshold & all_samples_above_deferral))', '!(any_sample_below_deferral & min_hits_higher_threshold)', 'G(!(min_hits_higher_threshold & any_sample_below_deferral))', 'G(!(initial_score_above_deferral & min_hits_higher_threshold))', 'G(!(any_sample_below_deferral & initial_score_above_deferral))']
++++ Length: 8
++ Y-SAT CHECK
++ REALIZABILITY CHECK
++ COUNTERSTRATEGY COMPUTATION - REFINEMENT GENERATION

=== COUNTERRUN ===
Sf0 -> Sf4


=== INTERPOLANT ===
(any_sample_below_deferral__Sf0 & min_above_auditing_threshold__Sf0)


++++ ELAPSED TIME: 20.459475910000002
++++ QUEUE LENGTH: 72
++++ Solutions: 0
++++ Duplicates: 0
++++ Node number: 117
++++ Refinement: ['G(!(min_hits_higher_threshold & min_above_auditing_threshold))', 'G(!(all_samples_above_deferral & min_hits_higher_threshold))', 'G(!(all_samples_above_deferral & min_above_auditing_threshold))', 'G(!(min_hits_higher_threshold & any_sample_below_deferral))', 'G(!(min_hits_higher_threshold & initial_score_above_deferral))', '!(any_sample_below_deferral & initial_score_above_deferral)', 'G(!(any_sample_below_deferral & initial_score_above_deferral))', '!(any_sample_below_deferral & min_above_auditing_threshold)']
++++ Length: 8
++ Y-SAT CHECK
++ REALIZABILITY CHECK
++ COUNTERSTRATEGY COMPUTATION - REFINEMENT GENERATION

=== COUNTERRUN ===
S2 -> Sf7 -> Sf4


=== INTERPOLANT ===
(any_sample_below_deferral__Sf7 & min_above_auditing_threshold__Sf7)


++++ ELAPSED TIME: 20.672108286
++++ QUEUE LENGTH: 72
++++ Solutions: 0
++++ Duplicates: 0
++++ Node number: 118
++++ Refinement: ['G(!(min_hits_higher_threshold & min_above_auditing_threshold))', 'G(!(all_samples_above_deferral & min_hits_higher_threshold))', 'G(!(all_samples_above_deferral & min_above_auditing_threshold))', 'G(!(min_hits_higher_threshold & any_sample_below_deferral))', 'G(!(min_hits_higher_threshold & initial_score_above_deferral))', '!(any_sample_below_deferral & initial_score_above_deferral)', 'G(!(any_sample_below_deferral & initial_score_above_deferral))', 'G(!(any_sample_below_deferral & min_above_auditing_threshold))']
++++ Length: 8
++ Y-SAT CHECK
++ REALIZABILITY CHECK
++ COUNTERSTRATEGY COMPUTATION - REFINEMENT GENERATION

=== COUNTERRUN ===
Sf0 -> Sf4


=== INTERPOLANT ===
(all_samples_above_deferral__Sf0 & any_sample_below_deferral__Sf0)


++++ ELAPSED TIME: 20.864608962000002
++++ QUEUE LENGTH: 73
++++ Solutions: 0
++++ Duplicates: 0
++++ Node number: 119
++++ Refinement: ['G(!(min_hits_higher_threshold & min_above_auditing_threshold))', 'G(!(all_samples_above_deferral & min_hits_higher_threshold))', 'G(!(all_samples_above_deferral & min_above_auditing_threshold))', 'G(!(min_hits_higher_threshold & any_sample_below_deferral))', 'G(!(min_hits_higher_threshold & initial_score_above_deferral))', 'G(!(any_sample_below_deferral & initial_score_above_deferral))', '!(any_sample_below_deferral & min_above_auditing_threshold)', 'G(!(any_sample_below_deferral & min_above_auditing_threshold))']
++++ Length: 8
++ Y-SAT CHECK
++ REALIZABILITY CHECK
++ COUNTERSTRATEGY COMPUTATION - REFINEMENT GENERATION

=== COUNTERRUN ===
Sf1 -> Sf4


=== INTERPOLANT ===
(all_samples_above_deferral__Sf1 & any_sample_below_deferral__Sf1)


++++ ELAPSED TIME: 21.037073816000003
++++ QUEUE LENGTH: 74
++++ Solutions: 0
++++ Duplicates: 0
++++ Node number: 120
++++ Refinement: ['G(!(min_hits_higher_threshold & min_above_auditing_threshold))', 'G(!(all_samples_above_deferral & min_hits_higher_threshold))', 'G(!(all_samples_above_deferral & min_above_auditing_threshold))', 'G(!(min_hits_higher_threshold & any_sample_below_deferral))', 'G(!(min_hits_higher_threshold & initial_score_above_deferral))', 'G(!(any_sample_below_deferral & initial_score_above_deferral))', 'G(!(any_sample_below_deferral & min_above_auditing_threshold))', 'G(!(all_samples_above_deferral & any_sample_below_deferral))']
++++ Length: 8
++ Y-SAT CHECK
++ REALIZABILITY CHECK
++ COUNTERSTRATEGY COMPUTATION - REFINEMENT GENERATION

=== COUNTERRUN ===
Sf3 -> Sf4


=== INTERPOLANT ===
(initial_score_above_deferral__Sf3 & min_above_auditing_threshold__Sf3)


++++ ELAPSED TIME: 21.237279429
++++ QUEUE LENGTH: 75
++++ Solutions: 0
++++ Duplicates: 0
++++ Node number: 121
++++ Refinement: ['G(!(min_hits_higher_threshold & min_above_auditing_threshold))', 'G(!(all_samples_above_deferral & min_hits_higher_threshold))', 'G(!(all_samples_above_deferral & min_above_auditing_threshold))', 'G(!(min_hits_higher_threshold & any_sample_below_deferral))', 'G(!(min_hits_higher_threshold & initial_score_above_deferral))', 'G(!(any_sample_below_deferral & initial_score_above_deferral))', 'G(!(any_sample_below_deferral & min_above_auditing_threshold))', '!(all_samples_above_deferral & any_sample_below_deferral)']
++++ Length: 8
++ Y-SAT CHECK
++ REALIZABILITY CHECK
++ COUNTERSTRATEGY COMPUTATION - REFINEMENT GENERATION

=== COUNTERRUN ===
S1 -> Sf7 -> Sf4


=== INTERPOLANT ===
(all_samples_above_deferral__Sf7 & any_sample_below_deferral__Sf7)


++++ ELAPSED TIME: 21.424701624
++++ QUEUE LENGTH: 75
++++ Solutions: 0
++++ Duplicates: 0
++++ Node number: 122
++++ Refinement: ['G(!(min_hits_higher_threshold & min_above_auditing_threshold))', 'G(!(all_samples_above_deferral & min_hits_higher_threshold))', 'G(!(all_samples_above_deferral & min_above_auditing_threshold))', 'G(!(min_hits_higher_threshold & any_sample_below_deferral))', '!(min_hits_higher_threshold & initial_score_above_deferral)', 'G(!(min_hits_higher_threshold & initial_score_above_deferral))', '!(initial_score_above_deferral & any_sample_below_deferral)', 'G(!(initial_score_above_deferral & any_sample_below_deferral))']
++++ Length: 8
++ Y-SAT CHECK
++ REALIZABILITY CHECK
++ COUNTERSTRATEGY COMPUTATION - REFINEMENT GENERATION

=== COUNTERRUN ===
Sf1 -> Sf4


=== INTERPOLANT ===
(any_sample_below_deferral__Sf1 & min_above_auditing_threshold__Sf1)


++++ ELAPSED TIME: 21.593834568000002
++++ QUEUE LENGTH: 76
++++ Solutions: 0
++++ Duplicates: 0
++++ Node number: 123
++++ Refinement: ['G(!(min_hits_higher_threshold & min_above_auditing_threshold))', 'G(!(all_samples_above_deferral & min_hits_higher_threshold))', 'G(!(all_samples_above_deferral & min_above_auditing_threshold))', 'G(!(min_hits_higher_threshold & any_sample_below_deferral))', '!(min_hits_higher_threshold & initial_score_above_deferral)', 'G(!(min_hits_higher_threshold & initial_score_above_deferral))', 'G(!(initial_score_above_deferral & any_sample_below_deferral))', '!(min_above_auditing_threshold & any_sample_below_deferral)']
++++ Length: 8
++ Y-SAT CHECK
++ REALIZABILITY CHECK
++ COUNTERSTRATEGY COMPUTATION - REFINEMENT GENERATION

=== COUNTERRUN ===
S2 -> Sf8 -> Sf4


=== INTERPOLANT ===
(any_sample_below_deferral__Sf8 & min_above_auditing_threshold__Sf8)


++++ ELAPSED TIME: 21.788110605
++++ QUEUE LENGTH: 76
++++ Solutions: 0
++++ Duplicates: 0
++++ Node number: 124
++++ Refinement: ['G(!(min_hits_higher_threshold & min_above_auditing_threshold))', 'G(!(all_samples_above_deferral & min_hits_higher_threshold))', 'G(!(all_samples_above_deferral & min_above_auditing_threshold))', 'G(!(min_hits_higher_threshold & any_sample_below_deferral))', '!(min_hits_higher_threshold & initial_score_above_deferral)', 'G(!(min_hits_higher_threshold & initial_score_above_deferral))', 'G(!(initial_score_above_deferral & any_sample_below_deferral))', 'G(!(min_above_auditing_threshold & any_sample_below_deferral))']
++++ Length: 8
++ Y-SAT CHECK
++ REALIZABILITY CHECK
++ COUNTERSTRATEGY COMPUTATION - REFINEMENT GENERATION

=== COUNTERRUN ===
Sf1 -> Sf4


=== INTERPOLANT ===
(all_samples_above_deferral__Sf1 & any_sample_below_deferral__Sf1)


++++ ELAPSED TIME: 21.959461458
++++ QUEUE LENGTH: 77
++++ Solutions: 0
++++ Duplicates: 0
++++ Node number: 125
++++ Refinement: ['G(!(min_hits_higher_threshold & min_above_auditing_threshold))', 'G(!(all_samples_above_deferral & min_hits_higher_threshold))', 'G(!(all_samples_above_deferral & min_above_auditing_threshold))', '!(min_hits_higher_threshold & any_sample_below_deferral)', 'G(!(min_hits_higher_threshold & any_sample_below_deferral))', '!(initial_score_above_deferral & min_hits_higher_threshold)', 'G(!(initial_score_above_deferral & min_hits_higher_threshold))', '!(any_sample_below_deferral & initial_score_above_deferral)']
++++ Length: 8
++ Y-SAT CHECK
++ REALIZABILITY CHECK
++ COUNTERSTRATEGY COMPUTATION - REFINEMENT GENERATION

=== COUNTERRUN ===
S2 -> Sf8 -> Sf4


=== INTERPOLANT ===
(any_sample_below_deferral__Sf8 & initial_score_above_deferral__Sf8)


++++ ELAPSED TIME: 22.161389107
++++ QUEUE LENGTH: 77
++++ Solutions: 0
++++ Duplicates: 0
++++ Node number: 126
++++ Refinement: ['G(!(min_hits_higher_threshold & min_above_auditing_threshold))', 'G(!(all_samples_above_deferral & min_hits_higher_threshold))', 'G(!(all_samples_above_deferral & min_above_auditing_threshold))', '!(min_hits_higher_threshold & any_sample_below_deferral)', 'G(!(min_hits_higher_threshold & any_sample_below_deferral))', '!(initial_score_above_deferral & min_hits_higher_threshold)', 'G(!(initial_score_above_deferral & min_hits_higher_threshold))', 'G(!(any_sample_below_deferral & initial_score_above_deferral))']
++++ Length: 8
++ Y-SAT CHECK
++ REALIZABILITY CHECK
++ COUNTERSTRATEGY COMPUTATION - REFINEMENT GENERATION

=== COUNTERRUN ===
Sf0 -> Sf4


=== INTERPOLANT ===
(any_sample_below_deferral__Sf0 & min_above_auditing_threshold__Sf0)


++++ ELAPSED TIME: 22.335650706000003
++++ QUEUE LENGTH: 78
++++ Solutions: 0
++++ Duplicates: 0
++++ Node number: 127
++++ Refinement: ['G(!(min_hits_higher_threshold & min_above_auditing_threshold))', 'G(!(all_samples_above_deferral & min_hits_higher_threshold))', 'G(!(all_samples_above_deferral & min_above_auditing_threshold))', '!(min_hits_higher_threshold & any_sample_below_deferral)', 'G(!(min_hits_higher_threshold & any_sample_below_deferral))', 'G(!(initial_score_above_deferral & min_hits_higher_threshold))', '!(any_sample_below_deferral & initial_score_above_deferral)', 'G(!(any_sample_below_deferral & initial_score_above_deferral))']
++++ Length: 8
++ Y-SAT CHECK
++ REALIZABILITY CHECK
++ COUNTERSTRATEGY COMPUTATION - REFINEMENT GENERATION

=== COUNTERRUN ===
Sf0 -> Sf4


=== INTERPOLANT ===
(any_sample_below_deferral__Sf0 & min_above_auditing_threshold__Sf0)


++++ ELAPSED TIME: 22.503183423000003
++++ QUEUE LENGTH: 79
++++ Solutions: 0
++++ Duplicates: 0
++++ Node number: 128
++++ Refinement: ['G(!(min_hits_higher_threshold & min_above_auditing_threshold))', 'G(!(all_samples_above_deferral & min_hits_higher_threshold))', 'G(!(all_samples_above_deferral & min_above_auditing_threshold))', '!(min_hits_higher_threshold & any_sample_below_deferral)', 'G(!(min_hits_higher_threshold & any_sample_below_deferral))', 'G(!(initial_score_above_deferral & min_hits_higher_threshold))', 'G(!(any_sample_below_deferral & initial_score_above_deferral))', '!(min_above_auditing_threshold & any_sample_below_deferral)']
++++ Length: 8
++ Y-SAT CHECK
++ REALIZABILITY CHECK
++ COUNTERSTRATEGY COMPUTATION - REFINEMENT GENERATION

=== COUNTERRUN ===
S0 -> Sf6 -> Sf4


=== INTERPOLANT ===
(any_sample_below_deferral__Sf6 & min_above_auditing_threshold__Sf6)


++++ ELAPSED TIME: 22.684140881
++++ QUEUE LENGTH: 79
++++ Solutions: 0
++++ Duplicates: 0
++++ Node number: 129
++++ Refinement: ['G(!(min_hits_higher_threshold & min_above_auditing_threshold))', 'G(!(all_samples_above_deferral & min_hits_higher_threshold))', 'G(!(all_samples_above_deferral & min_above_auditing_threshold))', '!(min_hits_higher_threshold & any_sample_below_deferral)', 'G(!(min_hits_higher_threshold & any_sample_below_deferral))', 'G(!(initial_score_above_deferral & min_hits_higher_threshold))', 'G(!(any_sample_below_deferral & initial_score_above_deferral))', 'G(!(min_above_auditing_threshold & any_sample_below_deferral))']
++++ Length: 8
++ Y-SAT CHECK
++ REALIZABILITY CHECK
++ COUNTERSTRATEGY COMPUTATION - REFINEMENT GENERATION

=== COUNTERRUN ===
Sf1 -> Sf4


=== INTERPOLANT ===
(all_samples_above_deferral__Sf1 & any_sample_below_deferral__Sf1)


++++ ELAPSED TIME: 22.928803543
++++ QUEUE LENGTH: 80
++++ Solutions: 0
++++ Duplicates: 0
++++ Node number: 130
++++ Refinement: ['G(!(min_hits_higher_threshold & min_above_auditing_threshold))', '!(all_samples_above_deferral & min_hits_higher_threshold)', 'G(!(min_hits_higher_threshold & all_samples_above_deferral))', '!(all_samples_above_deferral & min_above_auditing_threshold)', 'G(!(min_above_auditing_threshold & all_samples_above_deferral))', 'G(!(any_sample_below_deferral & min_hits_higher_threshold))', '!(initial_score_above_deferral & min_hits_higher_threshold)', 'G(!(min_hits_higher_threshold & initial_score_above_deferral))']
++++ Length: 8
++ Y-SAT CHECK
++ REALIZABILITY CHECK
++ COUNTERSTRATEGY COMPUTATION - REFINEMENT GENERATION

=== COUNTERRUN ===
Sf1 -> Sf4


=== INTERPOLANT ===
(any_sample_below_deferral__Sf1 & initial_score_above_deferral__Sf1)


++++ ELAPSED TIME: 23.101635296
++++ QUEUE LENGTH: 81
++++ Solutions: 0
++++ Duplicates: 0
++++ Node number: 131
++++ Refinement: ['G(!(min_hits_higher_threshold & min_above_auditing_threshold))', '!(all_samples_above_deferral & min_hits_higher_threshold)', 'G(!(min_hits_higher_threshold & all_samples_above_deferral))', '!(all_samples_above_deferral & min_above_auditing_threshold)', 'G(!(min_above_auditing_threshold & all_samples_above_deferral))', 'G(!(any_sample_below_deferral & min_hits_higher_threshold))', 'G(!(initial_score_above_deferral & min_hits_higher_threshold))', '!(initial_score_above_deferral & any_sample_below_deferral)']
++++ Length: 8
++ Y-SAT CHECK
++ REALIZABILITY CHECK
++ COUNTERSTRATEGY COMPUTATION - REFINEMENT GENERATION

=== COUNTERRUN ===
S1 -> Sf8 -> Sf4


=== INTERPOLANT ===
(any_sample_below_deferral__Sf8 & initial_score_above_deferral__Sf8)


++++ ELAPSED TIME: 23.287902279
++++ QUEUE LENGTH: 81
++++ Solutions: 0
++++ Duplicates: 0
++++ Node number: 132
++++ Refinement: ['G(!(min_hits_higher_threshold & min_above_auditing_threshold))', '!(all_samples_above_deferral & min_hits_higher_threshold)', 'G(!(min_hits_higher_threshold & all_samples_above_deferral))', '!(all_samples_above_deferral & min_above_auditing_threshold)', 'G(!(min_above_auditing_threshold & all_samples_above_deferral))', 'G(!(any_sample_below_deferral & min_hits_higher_threshold))', 'G(!(initial_score_above_deferral & min_hits_higher_threshold))', 'G(!(initial_score_above_deferral & any_sample_below_deferral))']
++++ Length: 8
++ Y-SAT CHECK
++ REALIZABILITY CHECK
++ COUNTERSTRATEGY COMPUTATION - REFINEMENT GENERATION

=== COUNTERRUN ===
Sf1 -> Sf4


=== INTERPOLANT ===
(any_sample_below_deferral__Sf1 & min_above_auditing_threshold__Sf1)


++++ ELAPSED TIME: 23.456112042
++++ QUEUE LENGTH: 82
++++ Solutions: 0
++++ Duplicates: 0
++++ Node number: 133
++++ Refinement: ['G(!(min_hits_higher_threshold & min_above_auditing_threshold))', '!(all_samples_above_deferral & min_hits_higher_threshold)', 'G(!(min_hits_higher_threshold & all_samples_above_deferral))', '!(all_samples_above_deferral & min_above_auditing_threshold)', 'G(!(min_above_auditing_threshold & all_samples_above_deferral))', '!(any_sample_below_deferral & min_hits_higher_threshold)', 'G(!(min_hits_higher_threshold & any_sample_below_deferral))', '!(initial_score_above_deferral & min_hits_higher_threshold)']
++++ Length: 8
++ Y-SAT CHECK
++ REALIZABILITY CHECK
++ COUNTERSTRATEGY COMPUTATION - REFINEMENT GENERATION

=== COUNTERRUN ===
S2 -> Sf8 -> Sf4


=== INTERPOLANT ===
(initial_score_above_deferral__Sf8 & min_hits_higher_threshold__Sf8)


++++ ELAPSED TIME: 23.630545920000003
++++ QUEUE LENGTH: 82
++++ Solutions: 0
++++ Duplicates: 0
++++ Node number: 134
++++ Refinement: ['G(!(min_hits_higher_threshold & min_above_auditing_threshold))', '!(all_samples_above_deferral & min_hits_higher_threshold)', 'G(!(min_hits_higher_threshold & all_samples_above_deferral))', '!(all_samples_above_deferral & min_above_auditing_threshold)', 'G(!(min_above_auditing_threshold & all_samples_above_deferral))', '!(any_sample_below_deferral & min_hits_higher_threshold)', 'G(!(min_hits_higher_threshold & any_sample_below_deferral))', 'G(!(initial_score_above_deferral & min_hits_higher_threshold))']
++++ Length: 8
++ Y-SAT CHECK
++ REALIZABILITY CHECK
++ COUNTERSTRATEGY COMPUTATION - REFINEMENT GENERATION

=== COUNTERRUN ===
Sf1 -> Sf4


=== INTERPOLANT ===
(any_sample_below_deferral__Sf1 & initial_score_above_deferral__Sf1)


++++ ELAPSED TIME: 23.813756217
++++ QUEUE LENGTH: 83
++++ Solutions: 0
++++ Duplicates: 0
++++ Node number: 135
++++ Refinement: ['G(!(min_hits_higher_threshold & min_above_auditing_threshold))', '!(all_samples_above_deferral & min_hits_higher_threshold)', 'G(!(min_hits_higher_threshold & all_samples_above_deferral))', 'G(!(all_samples_above_deferral & min_above_auditing_threshold))', 'G(!(any_sample_below_deferral & min_hits_higher_threshold))', 'G(!(min_hits_higher_threshold & initial_score_above_deferral))', '!(any_sample_below_deferral & initial_score_above_deferral)', 'G(!(any_sample_below_deferral & initial_score_above_deferral))']
++++ Length: 8
++ Y-SAT CHECK
++ REALIZABILITY CHECK
++ COUNTERSTRATEGY COMPUTATION - REFINEMENT GENERATION

=== COUNTERRUN ===
Sf0 -> Sf4


=== INTERPOLANT ===
(any_sample_below_deferral__Sf0 & min_above_auditing_threshold__Sf0)


++++ ELAPSED TIME: 23.98156515
++++ QUEUE LENGTH: 84
++++ Solutions: 0
++++ Duplicates: 0
++++ Node number: 136
++++ Refinement: ['G(!(min_hits_higher_threshold & min_above_auditing_threshold))', '!(all_samples_above_deferral & min_hits_higher_threshold)', 'G(!(min_hits_higher_threshold & all_samples_above_deferral))', 'G(!(all_samples_above_deferral & min_above_auditing_threshold))', 'G(!(any_sample_below_deferral & min_hits_higher_threshold))', 'G(!(min_hits_higher_threshold & initial_score_above_deferral))', 'G(!(any_sample_below_deferral & initial_score_above_deferral))', '!(any_sample_below_deferral & min_above_auditing_threshold)']
++++ Length: 8
++ Y-SAT CHECK
++ REALIZABILITY CHECK
++ COUNTERSTRATEGY COMPUTATION - REFINEMENT GENERATION

=== COUNTERRUN ===
S1 -> Sf5 -> Sf4


=== INTERPOLANT ===
(any_sample_below_deferral__Sf5 & min_above_auditing_threshold__Sf5)


++++ ELAPSED TIME: 24.182705306000003
++++ QUEUE LENGTH: 84
++++ Solutions: 0
++++ Duplicates: 0
++++ Node number: 137
++++ Refinement: ['G(!(min_hits_higher_threshold & min_above_auditing_threshold))', '!(all_samples_above_deferral & min_hits_higher_threshold)', 'G(!(min_hits_higher_threshold & all_samples_above_deferral))', 'G(!(all_samples_above_deferral & min_above_auditing_threshold))', 'G(!(any_sample_below_deferral & min_hits_higher_threshold))', 'G(!(min_hits_higher_threshold & initial_score_above_deferral))', 'G(!(any_sample_below_deferral & initial_score_above_deferral))', 'G(!(any_sample_below_deferral & min_above_auditing_threshold))']
++++ Length: 8
++ Y-SAT CHECK
++ REALIZABILITY CHECK
++ COUNTERSTRATEGY COMPUTATION - REFINEMENT GENERATION

=== COUNTERRUN ===
Sf0 -> Sf4


=== INTERPOLANT ===
(all_samples_above_deferral__Sf0 & any_sample_below_deferral__Sf0)


++++ ELAPSED TIME: 24.382395439
++++ QUEUE LENGTH: 85
++++ Solutions: 0
++++ Duplicates: 0
++++ Node number: 138
++++ Refinement: ['G(!(min_hits_higher_threshold & min_above_auditing_threshold))', '!(all_samples_above_deferral & min_hits_higher_threshold)', 'G(!(min_hits_higher_threshold & all_samples_above_deferral))', 'G(!(all_samples_above_deferral & min_above_auditing_threshold))', 'G(!(any_sample_below_deferral & min_hits_higher_threshold))', '!(min_hits_higher_threshold & initial_score_above_deferral)', 'G(!(initial_score_above_deferral & min_hits_higher_threshold))', '!(initial_score_above_deferral & any_sample_below_deferral)']
++++ Length: 8
++ Y-SAT CHECK
++ REALIZABILITY CHECK
++ COUNTERSTRATEGY COMPUTATION - REFINEMENT GENERATION

=== COUNTERRUN ===
S0 -> Sf6 -> Sf4


=== INTERPOLANT ===
(any_sample_below_deferral__Sf6 & initial_score_above_deferral__Sf6)


++++ ELAPSED TIME: 24.558686270000003
++++ QUEUE LENGTH: 85
++++ Solutions: 0
++++ Duplicates: 0
++++ Node number: 139
++++ Refinement: ['G(!(min_hits_higher_threshold & min_above_auditing_threshold))', '!(all_samples_above_deferral & min_hits_higher_threshold)', 'G(!(min_hits_higher_threshold & all_samples_above_deferral))', 'G(!(all_samples_above_deferral & min_above_auditing_threshold))', 'G(!(any_sample_below_deferral & min_hits_higher_threshold))', '!(min_hits_higher_threshold & initial_score_above_deferral)', 'G(!(initial_score_above_deferral & min_hits_higher_threshold))', 'G(!(initial_score_above_deferral & any_sample_below_deferral))']
++++ Length: 8
++ Y-SAT CHECK
++ REALIZABILITY CHECK
++ COUNTERSTRATEGY COMPUTATION - REFINEMENT GENERATION

=== COUNTERRUN ===
Sf0 -> Sf4


=== INTERPOLANT ===
(any_sample_below_deferral__Sf0 & min_above_auditing_threshold__Sf0)


++++ ELAPSED TIME: 24.721595238000003
++++ QUEUE LENGTH: 86
++++ Solutions: 0
++++ Duplicates: 0
++++ Node number: 140
++++ Refinement: ['G(!(min_hits_higher_threshold & min_above_auditing_threshold))', '!(all_samples_above_deferral & min_hits_higher_threshold)', 'G(!(min_hits_higher_threshold & all_samples_above_deferral))', 'G(!(all_samples_above_deferral & min_above_auditing_threshold))', '!(any_sample_below_deferral & min_hits_higher_threshold)', 'G(!(any_sample_below_deferral & min_hits_higher_threshold))', '!(initial_score_above_deferral & min_hits_higher_threshold)', 'G(!(initial_score_above_deferral & min_hits_higher_threshold))']
++++ Length: 8
++ Y-SAT CHECK
++ REALIZABILITY CHECK
++ COUNTERSTRATEGY COMPUTATION - REFINEMENT GENERATION

=== COUNTERRUN ===
Sf0 -> Sf4


=== INTERPOLANT ===
(any_sample_below_deferral__Sf0 & initial_score_above_deferral__Sf0)


++++ ELAPSED TIME: 24.886799949
++++ QUEUE LENGTH: 87
++++ Solutions: 0
++++ Duplicates: 0
++++ Node number: 141
++++ Refinement: ['G(!(min_hits_higher_threshold & min_above_auditing_threshold))', '!(all_samples_above_deferral & min_hits_higher_threshold)', 'G(!(min_hits_higher_threshold & all_samples_above_deferral))', 'G(!(all_samples_above_deferral & min_above_auditing_threshold))', '!(any_sample_below_deferral & min_hits_higher_threshold)', 'G(!(any_sample_below_deferral & min_hits_higher_threshold))', 'G(!(initial_score_above_deferral & min_hits_higher_threshold))', '!(any_sample_below_deferral & initial_score_above_deferral)']
++++ Length: 8
++ Y-SAT CHECK
++ REALIZABILITY CHECK
++ COUNTERSTRATEGY COMPUTATION - REFINEMENT GENERATION

=== COUNTERRUN ===
S1 -> Sf6 -> Sf4


=== INTERPOLANT ===
(any_sample_below_deferral__Sf6 & initial_score_above_deferral__Sf6)


++++ ELAPSED TIME: 25.069647574
++++ QUEUE LENGTH: 87
++++ Solutions: 0
++++ Duplicates: 0
++++ Node number: 142
++++ Refinement: ['G(!(min_hits_higher_threshold & min_above_auditing_threshold))', '!(all_samples_above_deferral & min_hits_higher_threshold)', 'G(!(min_hits_higher_threshold & all_samples_above_deferral))', 'G(!(all_samples_above_deferral & min_above_auditing_threshold))', '!(any_sample_below_deferral & min_hits_higher_threshold)', 'G(!(any_sample_below_deferral & min_hits_higher_threshold))', 'G(!(initial_score_above_deferral & min_hits_higher_threshold))', 'G(!(any_sample_below_deferral & initial_score_above_deferral))']
++++ Length: 8
++ Y-SAT CHECK
++ REALIZABILITY CHECK
++ COUNTERSTRATEGY COMPUTATION - REFINEMENT GENERATION

=== COUNTERRUN ===
Sf0 -> Sf4


=== INTERPOLANT ===
(any_sample_below_deferral__Sf0 & min_above_auditing_threshold__Sf0)


++++ ELAPSED TIME: 25.239021842
++++ QUEUE LENGTH: 88
++++ Solutions: 0
++++ Duplicates: 0
++++ Node number: 143
++++ Refinement: ['!(min_hits_higher_threshold & min_above_auditing_threshold)', 'G(!(min_above_auditing_threshold & min_hits_higher_threshold))', 'G(!(min_hits_higher_threshold & all_samples_above_deferral))', 'G(!(min_above_auditing_threshold & all_samples_above_deferral))', 'G(!(min_hits_higher_threshold & any_sample_below_deferral))', '!(initial_score_above_deferral & min_hits_higher_threshold)', 'G(!(initial_score_above_deferral & min_hits_higher_threshold))', '!(initial_score_above_deferral & any_sample_below_deferral)', 'G(!(initial_score_above_deferral & any_sample_below_deferral))']
++++ Length: 9
++ Y-SAT CHECK
++ REALIZABILITY CHECK
++ COUNTERSTRATEGY COMPUTATION - REFINEMENT GENERATION

=== COUNTERRUN ===
Sf2 -> Sf4


=== INTERPOLANT ===
(any_sample_below_deferral__Sf2 & min_above_auditing_threshold__Sf2)


++++ ELAPSED TIME: 25.403890214
++++ QUEUE LENGTH: 89
++++ Solutions: 0
++++ Duplicates: 0
++++ Node number: 144
++++ Refinement: ['!(min_hits_higher_threshold & min_above_auditing_threshold)', 'G(!(min_above_auditing_threshold & min_hits_higher_threshold))', 'G(!(min_hits_higher_threshold & all_samples_above_deferral))', 'G(!(min_above_auditing_threshold & all_samples_above_deferral))', 'G(!(min_hits_higher_threshold & any_sample_below_deferral))', '!(initial_score_above_deferral & min_hits_higher_threshold)', 'G(!(initial_score_above_deferral & min_hits_higher_threshold))', 'G(!(initial_score_above_deferral & any_sample_below_deferral))', '!(any_sample_below_deferral & min_above_auditing_threshold)']
++++ Length: 9
++ Y-SAT CHECK
++ REALIZABILITY CHECK
++ COUNTERSTRATEGY COMPUTATION - REFINEMENT GENERATION

=== COUNTERRUN ===
S1 -> Sf6 -> Sf4


=== INTERPOLANT ===
(any_sample_below_deferral__Sf6 & min_above_auditing_threshold__Sf6)


++++ ELAPSED TIME: 25.582336303
++++ QUEUE LENGTH: 89
++++ Solutions: 0
++++ Duplicates: 0
++++ Node number: 145
++++ Refinement: ['!(min_hits_higher_threshold & min_above_auditing_threshold)', 'G(!(min_above_auditing_threshold & min_hits_higher_threshold))', 'G(!(min_hits_higher_threshold & all_samples_above_deferral))', 'G(!(min_above_auditing_threshold & all_samples_above_deferral))', 'G(!(min_hits_higher_threshold & any_sample_below_deferral))', '!(initial_score_above_deferral & min_hits_higher_threshold)', 'G(!(initial_score_above_deferral & min_hits_higher_threshold))', 'G(!(initial_score_above_deferral & any_sample_below_deferral))', 'G(!(any_sample_below_deferral & min_above_auditing_threshold))']
++++ Length: 9
++ Y-SAT CHECK
++ REALIZABILITY CHECK
++ COUNTERSTRATEGY COMPUTATION - REFINEMENT GENERATION

=== COUNTERRUN ===
Sf2 -> Sf4


=== INTERPOLANT ===
(all_samples_above_deferral__Sf2 & any_sample_below_deferral__Sf2)


++++ ELAPSED TIME: 25.757839669000003
++++ QUEUE LENGTH: 90
++++ Solutions: 0
++++ Duplicates: 0
++++ Node number: 146
++++ Refinement: ['!(min_hits_higher_threshold & min_above_auditing_threshold)', 'G(!(min_above_auditing_threshold & min_hits_higher_threshold))', 'G(!(min_hits_higher_threshold & all_samples_above_deferral))', 'G(!(min_above_auditing_threshold & all_samples_above_deferral))', 'G(!(min_hits_higher_threshold & any_sample_below_deferral))', 'G(!(initial_score_above_deferral & min_hits_higher_threshold))', '!(initial_score_above_deferral & any_sample_below_deferral)', 'G(!(any_sample_below_deferral & initial_score_above_deferral))', '!(any_sample_below_deferral & min_above_auditing_threshold)']
++++ Length: 9
++ Y-SAT CHECK
++ REALIZABILITY CHECK
++ COUNTERSTRATEGY COMPUTATION - REFINEMENT GENERATION

=== COUNTERRUN ===
S1 -> Sf5 -> Sf4


=== INTERPOLANT ===
(any_sample_below_deferral__Sf5 & min_above_auditing_threshold__Sf5)


++++ ELAPSED TIME: 25.945744301
++++ QUEUE LENGTH: 90
++++ Solutions: 0
++++ Duplicates: 0
++++ Node number: 147
++++ Refinement: ['!(min_hits_higher_threshold & min_above_auditing_threshold)', 'G(!(min_above_auditing_threshold & min_hits_higher_threshold))', 'G(!(min_hits_higher_threshold & all_samples_above_deferral))', 'G(!(min_above_auditing_threshold & all_samples_above_deferral))', 'G(!(min_hits_higher_threshold & any_sample_below_deferral))', 'G(!(initial_score_above_deferral & min_hits_higher_threshold))', '!(initial_score_above_deferral & any_sample_below_deferral)', 'G(!(any_sample_below_deferral & initial_score_above_deferral))', 'G(!(any_sample_below_deferral & min_above_auditing_threshold))']
++++ Length: 9
++ Y-SAT CHECK
++ REALIZABILITY CHECK
++ COUNTERSTRATEGY COMPUTATION - REFINEMENT GENERATION

=== COUNTERRUN ===
Sf2 -> Sf4


=== INTERPOLANT ===
(all_samples_above_deferral__Sf2 & any_sample_below_deferral__Sf2)


++++ ELAPSED TIME: 26.120327406
++++ QUEUE LENGTH: 91
++++ Solutions: 0
++++ Duplicates: 0
++++ Node number: 148
++++ Refinement: ['!(min_hits_higher_threshold & min_above_auditing_threshold)', 'G(!(min_above_auditing_threshold & min_hits_higher_threshold))', 'G(!(min_hits_higher_threshold & all_samples_above_deferral))', 'G(!(min_above_auditing_threshold & all_samples_above_deferral))', 'G(!(min_hits_higher_threshold & any_sample_below_deferral))', 'G(!(initial_score_above_deferral & min_hits_higher_threshold))', 'G(!(initial_score_above_deferral & any_sample_below_deferral))', '!(any_sample_below_deferral & min_above_auditing_threshold)', 'G(!(any_sample_below_deferral & min_above_auditing_threshold))']
++++ Length: 9
++ Y-SAT CHECK
++ REALIZABILITY CHECK
++ COUNTERSTRATEGY COMPUTATION - REFINEMENT GENERATION

=== COUNTERRUN ===
Sf1 -> Sf4


=== INTERPOLANT ===
(all_samples_above_deferral__Sf1 & any_sample_below_deferral__Sf1)


++++ ELAPSED TIME: 26.292609074
++++ QUEUE LENGTH: 92
++++ Solutions: 0
++++ Duplicates: 0
++++ Node number: 149
++++ Refinement: ['!(min_hits_higher_threshold & min_above_auditing_threshold)', 'G(!(min_above_auditing_threshold & min_hits_higher_threshold))', 'G(!(min_hits_higher_threshold & all_samples_above_deferral))', 'G(!(min_above_auditing_threshold & all_samples_above_deferral))', 'G(!(min_hits_higher_threshold & any_sample_below_deferral))', 'G(!(initial_score_above_deferral & min_hits_higher_threshold))', 'G(!(initial_score_above_deferral & any_sample_below_deferral))', 'G(!(any_sample_below_deferral & min_above_auditing_threshold))', '!(any_sample_below_deferral & all_samples_above_deferral)']
++++ Length: 9
++ Y-SAT CHECK
++ REALIZABILITY CHECK
++ COUNTERSTRATEGY COMPUTATION - REFINEMENT GENERATION

=== COUNTERRUN ===
S1 -> Sf7 -> Sf4


=== INTERPOLANT ===
(all_samples_above_deferral__Sf7 & any_sample_below_deferral__Sf7)


++++ ELAPSED TIME: 26.476265351000002
++++ QUEUE LENGTH: 92
++++ Solutions: 0
++++ Duplicates: 0
++++ Node number: 150
++++ Refinement: ['!(min_hits_higher_threshold & min_above_auditing_threshold)', 'G(!(min_above_auditing_threshold & min_hits_higher_threshold))', 'G(!(min_hits_higher_threshold & all_samples_above_deferral))', 'G(!(min_above_auditing_threshold & all_samples_above_deferral))', 'G(!(min_hits_higher_threshold & any_sample_below_deferral))', 'G(!(initial_score_above_deferral & min_hits_higher_threshold))', 'G(!(initial_score_above_deferral & any_sample_below_deferral))', 'G(!(any_sample_below_deferral & min_above_auditing_threshold))', 'G(!(any_sample_below_deferral & all_samples_above_deferral))']
++++ Length: 9
++ Y-SAT CHECK
++ REALIZABILITY CHECK
++ COUNTERSTRATEGY COMPUTATION - REFINEMENT GENERATION

=== COUNTERRUN ===
Sf1 -> Sf4


=== INTERPOLANT ===
(initial_score_above_deferral__Sf1 & min_above_auditing_threshold__Sf1)


++++ ELAPSED TIME: 26.640667504
++++ QUEUE LENGTH: 93
++++ Solutions: 0
++++ Duplicates: 0
++++ Node number: 151
++++ Refinement: ['!(min_hits_higher_threshold & min_above_auditing_threshold)', 'G(!(min_above_auditing_threshold & min_hits_higher_threshold))', 'G(!(min_hits_higher_threshold & all_samples_above_deferral))', 'G(!(min_above_auditing_threshold & all_samples_above_deferral))', '!(min_hits_higher_threshold & any_sample_below_deferral)', 'G(!(min_hits_higher_threshold & any_sample_below_deferral))', '!(initial_score_above_deferral & min_hits_higher_threshold)', 'G(!(initial_score_above_deferral & min_hits_higher_threshold))', '!(initial_score_above_deferral & any_sample_below_deferral)']
++++ Length: 9
++ Y-SAT CHECK
++ REALIZABILITY CHECK
++ COUNTERSTRATEGY COMPUTATION - REFINEMENT GENERATION

=== COUNTERRUN ===
S2 -> Sf5 -> Sf4


=== INTERPOLANT ===
(any_sample_below_deferral__Sf5 & initial_score_above_deferral__Sf5)


++++ ELAPSED TIME: 26.830549487000003
++++ QUEUE LENGTH: 93
++++ Solutions: 0
++++ Duplicates: 0
++++ Node number: 152
++++ Refinement: ['!(min_hits_higher_threshold & min_above_auditing_threshold)', 'G(!(min_above_auditing_threshold & min_hits_higher_threshold))', 'G(!(min_hits_higher_threshold & all_samples_above_deferral))', 'G(!(min_above_auditing_threshold & all_samples_above_deferral))', '!(min_hits_higher_threshold & any_sample_below_deferral)', 'G(!(min_hits_higher_threshold & any_sample_below_deferral))', '!(initial_score_above_deferral & min_hits_higher_threshold)', 'G(!(initial_score_above_deferral & min_hits_higher_threshold))', 'G(!(initial_score_above_deferral & any_sample_below_deferral))']
++++ Length: 9
++ Y-SAT CHECK
++ REALIZABILITY CHECK
++ COUNTERSTRATEGY COMPUTATION - REFINEMENT GENERATION

=== COUNTERRUN ===
Sf2 -> Sf4


=== INTERPOLANT ===
(any_sample_below_deferral__Sf2 & min_above_auditing_threshold__Sf2)


++++ ELAPSED TIME: 27.122172594000002
++++ QUEUE LENGTH: 94
++++ Solutions: 0
++++ Duplicates: 0
++++ Node number: 153
++++ Refinement: ['!(min_hits_higher_threshold & min_above_auditing_threshold)', 'G(!(min_above_auditing_threshold & min_hits_higher_threshold))', 'G(!(min_hits_higher_threshold & all_samples_above_deferral))', 'G(!(min_above_auditing_threshold & all_samples_above_deferral))', '!(min_hits_higher_threshold & any_sample_below_deferral)', 'G(!(min_hits_higher_threshold & any_sample_below_deferral))', 'G(!(initial_score_above_deferral & min_hits_higher_threshold))', '!(any_sample_below_deferral & initial_score_above_deferral)', 'G(!(any_sample_below_deferral & initial_score_above_deferral))']
++++ Length: 9
++ Y-SAT CHECK
++ REALIZABILITY CHECK
++ COUNTERSTRATEGY COMPUTATION - REFINEMENT GENERATION

=== COUNTERRUN ===
Sf0 -> Sf4


=== INTERPOLANT ===
(any_sample_below_deferral__Sf0 & min_above_auditing_threshold__Sf0)


++++ ELAPSED TIME: 27.294049062000003
++++ QUEUE LENGTH: 95
++++ Solutions: 0
++++ Duplicates: 0
++++ Node number: 154
++++ Refinement: ['!(min_hits_higher_threshold & min_above_auditing_threshold)', 'G(!(min_above_auditing_threshold & min_hits_higher_threshold))', 'G(!(min_hits_higher_threshold & all_samples_above_deferral))', 'G(!(min_above_auditing_threshold & all_samples_above_deferral))', '!(min_hits_higher_threshold & any_sample_below_deferral)', 'G(!(min_hits_higher_threshold & any_sample_below_deferral))', 'G(!(initial_score_above_deferral & min_hits_higher_threshold))', 'G(!(any_sample_below_deferral & initial_score_above_deferral))', '!(any_sample_below_deferral & min_above_auditing_threshold)']
++++ Length: 9
++ Y-SAT CHECK
++ REALIZABILITY CHECK
++ COUNTERSTRATEGY COMPUTATION - REFINEMENT GENERATION

=== COUNTERRUN ===
S0 -> Sf8 -> Sf4


=== INTERPOLANT ===
(any_sample_below_deferral__Sf8 & min_above_auditing_threshold__Sf8)


++++ ELAPSED TIME: 27.479277008
++++ QUEUE LENGTH: 95
++++ Solutions: 0
++++ Duplicates: 0
++++ Node number: 155
++++ Refinement: ['!(min_hits_higher_threshold & min_above_auditing_threshold)', 'G(!(min_above_auditing_threshold & min_hits_higher_threshold))', 'G(!(min_hits_higher_threshold & all_samples_above_deferral))', 'G(!(min_above_auditing_threshold & all_samples_above_deferral))', '!(min_hits_higher_threshold & any_sample_below_deferral)', 'G(!(min_hits_higher_threshold & any_sample_below_deferral))', 'G(!(initial_score_above_deferral & min_hits_higher_threshold))', 'G(!(any_sample_below_deferral & initial_score_above_deferral))', 'G(!(any_sample_below_deferral & min_above_auditing_threshold))']
++++ Length: 9
++ Y-SAT CHECK
++ REALIZABILITY CHECK
++ COUNTERSTRATEGY COMPUTATION - REFINEMENT GENERATION

=== COUNTERRUN ===
Sf3 -> Sf4


=== INTERPOLANT ===
(all_samples_above_deferral__Sf3 & any_sample_below_deferral__Sf3)


++++ ELAPSED TIME: 27.652324682
++++ QUEUE LENGTH: 96
++++ Solutions: 0
++++ Duplicates: 0
++++ Node number: 156
++++ Refinement: ['!(min_hits_higher_threshold & min_above_auditing_threshold)', 'G(!(min_above_auditing_threshold & min_hits_higher_threshold))', 'G(!(min_hits_higher_threshold & all_samples_above_deferral))', '!(min_above_auditing_threshold & all_samples_above_deferral)', 'G(!(all_samples_above_deferral & min_above_auditing_threshold))', 'G(!(min_hits_higher_threshold & any_sample_below_deferral))', '!(initial_score_above_deferral & min_hits_higher_threshold)', 'G(!(min_hits_higher_threshold & initial_score_above_deferral))', '!(any_sample_below_deferral & initial_score_above_deferral)']
++++ Length: 9
++ Y-SAT CHECK
++ REALIZABILITY CHECK
++ COUNTERSTRATEGY COMPUTATION - REFINEMENT GENERATION

=== COUNTERRUN ===
S1 -> Sf5 -> Sf4


=== INTERPOLANT ===
(any_sample_below_deferral__Sf5 & initial_score_above_deferral__Sf5)


++++ ELAPSED TIME: 27.852419717
++++ QUEUE LENGTH: 96
++++ Solutions: 0
++++ Duplicates: 0
++++ Node number: 157
++++ Refinement: ['!(min_hits_higher_threshold & min_above_auditing_threshold)', 'G(!(min_above_auditing_threshold & min_hits_higher_threshold))', 'G(!(min_hits_higher_threshold & all_samples_above_deferral))', '!(min_above_auditing_threshold & all_samples_above_deferral)', 'G(!(all_samples_above_deferral & min_above_auditing_threshold))', 'G(!(min_hits_higher_threshold & any_sample_below_deferral))', '!(initial_score_above_deferral & min_hits_higher_threshold)', 'G(!(min_hits_higher_threshold & initial_score_above_deferral))', 'G(!(any_sample_below_deferral & initial_score_above_deferral))']
++++ Length: 9
++ Y-SAT CHECK
++ REALIZABILITY CHECK
++ COUNTERSTRATEGY COMPUTATION - REFINEMENT GENERATION

=== COUNTERRUN ===
Sf3 -> Sf4


=== INTERPOLANT ===
(any_sample_below_deferral__Sf3 & min_above_auditing_threshold__Sf3)


++++ ELAPSED TIME: 28.093060281
++++ QUEUE LENGTH: 97
++++ Solutions: 0
++++ Duplicates: 0
++++ Node number: 158
++++ Refinement: ['!(min_hits_higher_threshold & min_above_auditing_threshold)', 'G(!(min_above_auditing_threshold & min_hits_higher_threshold))', 'G(!(min_hits_higher_threshold & all_samples_above_deferral))', '!(min_above_auditing_threshold & all_samples_above_deferral)', 'G(!(all_samples_above_deferral & min_above_auditing_threshold))', 'G(!(min_hits_higher_threshold & any_sample_below_deferral))', 'G(!(initial_score_above_deferral & min_hits_higher_threshold))', '!(any_sample_below_deferral & initial_score_above_deferral)', 'G(!(any_sample_below_deferral & initial_score_above_deferral))']
++++ Length: 9
++ Y-SAT CHECK
++ REALIZABILITY CHECK
++ COUNTERSTRATEGY COMPUTATION - REFINEMENT GENERATION

=== COUNTERRUN ===
Sf0 -> Sf4


=== INTERPOLANT ===
(any_sample_below_deferral__Sf0 & min_above_auditing_threshold__Sf0)


++++ ELAPSED TIME: 28.275722099000003
++++ QUEUE LENGTH: 98
++++ Solutions: 0
++++ Duplicates: 0
++++ Node number: 159
++++ Refinement: ['!(min_hits_higher_threshold & min_above_auditing_threshold)', 'G(!(min_above_auditing_threshold & min_hits_higher_threshold))', 'G(!(min_hits_higher_threshold & all_samples_above_deferral))', '!(min_above_auditing_threshold & all_samples_above_deferral)', 'G(!(all_samples_above_deferral & min_above_auditing_threshold))', 'G(!(min_hits_higher_threshold & any_sample_below_deferral))', 'G(!(initial_score_above_deferral & min_hits_higher_threshold))', 'G(!(any_sample_below_deferral & initial_score_above_deferral))', '!(min_above_auditing_threshold & any_sample_below_deferral)']
++++ Length: 9
++ Y-SAT CHECK
++ REALIZABILITY CHECK
++ COUNTERSTRATEGY COMPUTATION - REFINEMENT GENERATION

=== COUNTERRUN ===
S2 -> Sf5 -> Sf4


=== INTERPOLANT ===
(any_sample_below_deferral__Sf5 & min_above_auditing_threshold__Sf5)


++++ ELAPSED TIME: 28.467372044
++++ QUEUE LENGTH: 98
++++ Solutions: 0
++++ Duplicates: 0
++++ Node number: 160
++++ Refinement: ['!(min_hits_higher_threshold & min_above_auditing_threshold)', 'G(!(min_above_auditing_threshold & min_hits_higher_threshold))', 'G(!(min_hits_higher_threshold & all_samples_above_deferral))', '!(min_above_auditing_threshold & all_samples_above_deferral)', 'G(!(all_samples_above_deferral & min_above_auditing_threshold))', 'G(!(min_hits_higher_threshold & any_sample_below_deferral))', 'G(!(initial_score_above_deferral & min_hits_higher_threshold))', 'G(!(any_sample_below_deferral & initial_score_above_deferral))', 'G(!(min_above_auditing_threshold & any_sample_below_deferral))']
++++ Length: 9
++ Y-SAT CHECK
++ REALIZABILITY CHECK
++ COUNTERSTRATEGY COMPUTATION - REFINEMENT GENERATION

=== COUNTERRUN ===
Sf0 -> Sf4


=== INTERPOLANT ===
(all_samples_above_deferral__Sf0 & any_sample_below_deferral__Sf0)


++++ ELAPSED TIME: 28.63792485
++++ QUEUE LENGTH: 99
++++ Solutions: 0
++++ Duplicates: 0
++++ Node number: 161
++++ Refinement: ['!(min_hits_higher_threshold & min_above_auditing_threshold)', 'G(!(min_above_auditing_threshold & min_hits_higher_threshold))', 'G(!(min_hits_higher_threshold & all_samples_above_deferral))', '!(min_above_auditing_threshold & all_samples_above_deferral)', 'G(!(all_samples_above_deferral & min_above_auditing_threshold))', '!(min_hits_higher_threshold & any_sample_below_deferral)', 'G(!(any_sample_below_deferral & min_hits_higher_threshold))', '!(initial_score_above_deferral & min_hits_higher_threshold)', 'G(!(min_hits_higher_threshold & initial_score_above_deferral))']
++++ Length: 9
++ Y-SAT CHECK
++ REALIZABILITY CHECK
++ COUNTERSTRATEGY COMPUTATION - REFINEMENT GENERATION

=== COUNTERRUN ===
Sf2 -> Sf4


=== INTERPOLANT ===
(any_sample_below_deferral__Sf2 & initial_score_above_deferral__Sf2)


++++ ELAPSED TIME: 28.814880753
++++ QUEUE LENGTH: 100
++++ Solutions: 0
++++ Duplicates: 0
++++ Node number: 162
++++ Refinement: ['!(min_hits_higher_threshold & min_above_auditing_threshold)', 'G(!(min_above_auditing_threshold & min_hits_higher_threshold))', 'G(!(min_hits_higher_threshold & all_samples_above_deferral))', '!(min_above_auditing_threshold & all_samples_above_deferral)', 'G(!(all_samples_above_deferral & min_above_auditing_threshold))', '!(min_hits_higher_threshold & any_sample_below_deferral)', 'G(!(any_sample_below_deferral & min_hits_higher_threshold))', 'G(!(initial_score_above_deferral & min_hits_higher_threshold))', '!(initial_score_above_deferral & any_sample_below_deferral)']
++++ Length: 9
++ Y-SAT CHECK
++ REALIZABILITY CHECK
++ COUNTERSTRATEGY COMPUTATION - REFINEMENT GENERATION

=== COUNTERRUN ===
S2 -> Sf8 -> Sf4


=== INTERPOLANT ===
(any_sample_below_deferral__Sf8 & initial_score_above_deferral__Sf8)


++++ ELAPSED TIME: 28.995682962
++++ QUEUE LENGTH: 100
++++ Solutions: 0
++++ Duplicates: 0
++++ Node number: 163
++++ Refinement: ['!(min_hits_higher_threshold & min_above_auditing_threshold)', 'G(!(min_above_auditing_threshold & min_hits_higher_threshold))', 'G(!(min_hits_higher_threshold & all_samples_above_deferral))', '!(min_above_auditing_threshold & all_samples_above_deferral)', 'G(!(all_samples_above_deferral & min_above_auditing_threshold))', '!(min_hits_higher_threshold & any_sample_below_deferral)', 'G(!(any_sample_below_deferral & min_hits_higher_threshold))', 'G(!(initial_score_above_deferral & min_hits_higher_threshold))', 'G(!(initial_score_above_deferral & any_sample_below_deferral))']
++++ Length: 9
++ Y-SAT CHECK
++ REALIZABILITY CHECK
++ COUNTERSTRATEGY COMPUTATION - REFINEMENT GENERATION

=== COUNTERRUN ===
Sf1 -> Sf4


=== INTERPOLANT ===
(any_sample_below_deferral__Sf1 & min_above_auditing_threshold__Sf1)


++++ ELAPSED TIME: 29.304158576000003
++++ QUEUE LENGTH: 101
++++ Solutions: 0
++++ Duplicates: 0
++++ Node number: 164
++++ Refinement: ['!(min_hits_higher_threshold & min_above_auditing_threshold)', 'G(!(min_above_auditing_threshold & min_hits_higher_threshold))', '!(min_hits_higher_threshold & all_samples_above_deferral)', 'G(!(all_samples_above_deferral & min_hits_higher_threshold))', '!(all_samples_above_deferral & min_above_auditing_threshold)', 'G(!(min_above_auditing_threshold & all_samples_above_deferral))', 'G(!(any_sample_below_deferral & min_hits_higher_threshold))', '!(initial_score_above_deferral & min_hits_higher_threshold)', 'G(!(initial_score_above_deferral & min_hits_higher_threshold))']
++++ Length: 9
++ Y-SAT CHECK
++ REALIZABILITY CHECK
++ COUNTERSTRATEGY COMPUTATION - REFINEMENT GENERATION

=== COUNTERRUN ===
Sf1 -> Sf4


=== INTERPOLANT ===
(any_sample_below_deferral__Sf1 & initial_score_above_deferral__Sf1)


++++ ELAPSED TIME: 29.481564065
++++ QUEUE LENGTH: 102
++++ Solutions: 0
++++ Duplicates: 0
++++ Node number: 165
++++ Refinement: ['!(min_hits_higher_threshold & min_above_auditing_threshold)', 'G(!(min_above_auditing_threshold & min_hits_higher_threshold))', '!(min_hits_higher_threshold & all_samples_above_deferral)', 'G(!(all_samples_above_deferral & min_hits_higher_threshold))', '!(all_samples_above_deferral & min_above_auditing_threshold)', 'G(!(min_above_auditing_threshold & all_samples_above_deferral))', 'G(!(any_sample_below_deferral & min_hits_higher_threshold))', 'G(!(initial_score_above_deferral & min_hits_higher_threshold))', '!(initial_score_above_deferral & any_sample_below_deferral)']
++++ Length: 9
++ Y-SAT CHECK
++ REALIZABILITY CHECK
++ COUNTERSTRATEGY COMPUTATION - REFINEMENT GENERATION

=== COUNTERRUN ===
S1 -> Sf8 -> Sf4


=== INTERPOLANT ===
(any_sample_below_deferral__Sf8 & initial_score_above_deferral__Sf8)


++++ ELAPSED TIME: 29.662025119000003
++++ QUEUE LENGTH: 102
++++ Solutions: 0
++++ Duplicates: 0
++++ Node number: 166
++++ Refinement: ['!(min_hits_higher_threshold & min_above_auditing_threshold)', 'G(!(min_above_auditing_threshold & min_hits_higher_threshold))', '!(min_hits_higher_threshold & all_samples_above_deferral)', 'G(!(all_samples_above_deferral & min_hits_higher_threshold))', '!(all_samples_above_deferral & min_above_auditing_threshold)', 'G(!(min_above_auditing_threshold & all_samples_above_deferral))', 'G(!(any_sample_below_deferral & min_hits_higher_threshold))', 'G(!(initial_score_above_deferral & min_hits_higher_threshold))', 'G(!(initial_score_above_deferral & any_sample_below_deferral))']
++++ Length: 9
++ Y-SAT CHECK
++ REALIZABILITY CHECK
++ COUNTERSTRATEGY COMPUTATION - REFINEMENT GENERATION

=== COUNTERRUN ===
Sf3 -> Sf4


=== INTERPOLANT ===
(any_sample_below_deferral__Sf3 & min_above_auditing_threshold__Sf3)


++++ ELAPSED TIME: 29.842256507000002
++++ QUEUE LENGTH: 103
++++ Solutions: 0
++++ Duplicates: 0
++++ Node number: 167
++++ Refinement: ['!(min_hits_higher_threshold & min_above_auditing_threshold)', 'G(!(min_above_auditing_threshold & min_hits_higher_threshold))', '!(min_hits_higher_threshold & all_samples_above_deferral)', 'G(!(all_samples_above_deferral & min_hits_higher_threshold))', '!(all_samples_above_deferral & min_above_auditing_threshold)', 'G(!(min_above_auditing_threshold & all_samples_above_deferral))', '!(any_sample_below_deferral & min_hits_higher_threshold)', 'G(!(any_sample_below_deferral & min_hits_higher_threshold))', '!(initial_score_above_deferral & min_hits_higher_threshold)']
++++ Length: 9
++ Y-SAT CHECK
++ REALIZABILITY CHECK
++ COUNTERSTRATEGY COMPUTATION - REFINEMENT GENERATION

=== COUNTERRUN ===
S2 -> Sf8 -> Sf4


=== INTERPOLANT ===
(initial_score_above_deferral__Sf8 & min_hits_higher_threshold__Sf8)


++++ ELAPSED TIME: 30.028521358000003
++++ QUEUE LENGTH: 103
++++ Solutions: 0
++++ Duplicates: 0
++++ Node number: 168
++++ Refinement: ['!(min_hits_higher_threshold & min_above_auditing_threshold)', 'G(!(min_above_auditing_threshold & min_hits_higher_threshold))', '!(min_hits_higher_threshold & all_samples_above_deferral)', 'G(!(all_samples_above_deferral & min_hits_higher_threshold))', '!(all_samples_above_deferral & min_above_auditing_threshold)', 'G(!(min_above_auditing_threshold & all_samples_above_deferral))', '!(any_sample_below_deferral & min_hits_higher_threshold)', 'G(!(any_sample_below_deferral & min_hits_higher_threshold))', 'G(!(initial_score_above_deferral & min_hits_higher_threshold))']
++++ Length: 9
++ Y-SAT CHECK
++ REALIZABILITY CHECK
++ COUNTERSTRATEGY COMPUTATION - REFINEMENT GENERATION

=== COUNTERRUN ===
Sf3 -> Sf4


=== INTERPOLANT ===
(any_sample_below_deferral__Sf3 & initial_score_above_deferral__Sf3)


++++ ELAPSED TIME: 30.209794645000002
++++ QUEUE LENGTH: 104
++++ Solutions: 0
++++ Duplicates: 0
++++ Node number: 169
++++ Refinement: ['!(min_hits_higher_threshold & min_above_auditing_threshold)', 'G(!(min_above_auditing_threshold & min_hits_higher_threshold))', '!(min_hits_higher_threshold & all_samples_above_deferral)', 'G(!(all_samples_above_deferral & min_hits_higher_threshold))', 'G(!(all_samples_above_deferral & min_above_auditing_threshold))', 'G(!(min_hits_higher_threshold & any_sample_below_deferral))', 'G(!(min_hits_higher_threshold & initial_score_above_deferral))', '!(any_sample_below_deferral & initial_score_above_deferral)', 'G(!(any_sample_below_deferral & initial_score_above_deferral))']
++++ Length: 9
++ Y-SAT CHECK
++ REALIZABILITY CHECK
++ COUNTERSTRATEGY COMPUTATION - REFINEMENT GENERATION

=== COUNTERRUN ===
Sf3 -> Sf4


=== INTERPOLANT ===
(any_sample_below_deferral__Sf3 & min_above_auditing_threshold__Sf3)


++++ ELAPSED TIME: 30.378194431000004
++++ QUEUE LENGTH: 105
++++ Solutions: 0
++++ Duplicates: 0
++++ Node number: 170
++++ Refinement: ['!(min_hits_higher_threshold & min_above_auditing_threshold)', 'G(!(min_above_auditing_threshold & min_hits_higher_threshold))', '!(min_hits_higher_threshold & all_samples_above_deferral)', 'G(!(all_samples_above_deferral & min_hits_higher_threshold))', 'G(!(all_samples_above_deferral & min_above_auditing_threshold))', 'G(!(min_hits_higher_threshold & any_sample_below_deferral))', 'G(!(min_hits_higher_threshold & initial_score_above_deferral))', 'G(!(any_sample_below_deferral & initial_score_above_deferral))', '!(any_sample_below_deferral & min_above_auditing_threshold)']
++++ Length: 9
++ Y-SAT CHECK
++ REALIZABILITY CHECK
++ COUNTERSTRATEGY COMPUTATION - REFINEMENT GENERATION

=== COUNTERRUN ===
S2 -> Sf8 -> Sf4


=== INTERPOLANT ===
(any_sample_below_deferral__Sf8 & min_above_auditing_threshold__Sf8)


++++ ELAPSED TIME: 30.560481557000003
++++ QUEUE LENGTH: 105
++++ Solutions: 0
++++ Duplicates: 0
++++ Node number: 171
++++ Refinement: ['!(min_hits_higher_threshold & min_above_auditing_threshold)', 'G(!(min_above_auditing_threshold & min_hits_higher_threshold))', '!(min_hits_higher_threshold & all_samples_above_deferral)', 'G(!(all_samples_above_deferral & min_hits_higher_threshold))', 'G(!(all_samples_above_deferral & min_above_auditing_threshold))', 'G(!(min_hits_higher_threshold & any_sample_below_deferral))', 'G(!(min_hits_higher_threshold & initial_score_above_deferral))', 'G(!(any_sample_below_deferral & initial_score_above_deferral))', 'G(!(any_sample_below_deferral & min_above_auditing_threshold))']
++++ Length: 9
++ Y-SAT CHECK
++ REALIZABILITY CHECK
++ COUNTERSTRATEGY COMPUTATION - REFINEMENT GENERATION

=== COUNTERRUN ===
Sf1 -> Sf4


=== INTERPOLANT ===
(all_samples_above_deferral__Sf1 & any_sample_below_deferral__Sf1)


++++ ELAPSED TIME: 30.727297460000003
++++ QUEUE LENGTH: 106
++++ Solutions: 0
++++ Duplicates: 0
++++ Node number: 172
++++ Refinement: ['!(min_hits_higher_threshold & min_above_auditing_threshold)', 'G(!(min_above_auditing_threshold & min_hits_higher_threshold))', '!(min_hits_higher_threshold & all_samples_above_deferral)', 'G(!(all_samples_above_deferral & min_hits_higher_threshold))', 'G(!(all_samples_above_deferral & min_above_auditing_threshold))', 'G(!(min_hits_higher_threshold & any_sample_below_deferral))', '!(min_hits_higher_threshold & initial_score_above_deferral)', 'G(!(initial_score_above_deferral & min_hits_higher_threshold))', '!(any_sample_below_deferral & initial_score_above_deferral)']
++++ Length: 9
++ Y-SAT CHECK
++ REALIZABILITY CHECK
++ COUNTERSTRATEGY COMPUTATION - REFINEMENT GENERATION

=== COUNTERRUN ===
S0 -> Sf8 -> Sf4


=== INTERPOLANT ===
(any_sample_below_deferral__Sf8 & initial_score_above_deferral__Sf8)


++++ ELAPSED TIME: 30.930968773000004
++++ QUEUE LENGTH: 106
++++ Solutions: 0
++++ Duplicates: 0
++++ Node number: 173
++++ Refinement: ['!(min_hits_higher_threshold & min_above_auditing_threshold)', 'G(!(min_above_auditing_threshold & min_hits_higher_threshold))', '!(min_hits_higher_threshold & all_samples_above_deferral)', 'G(!(all_samples_above_deferral & min_hits_higher_threshold))', 'G(!(all_samples_above_deferral & min_above_auditing_threshold))', 'G(!(min_hits_higher_threshold & any_sample_below_deferral))', '!(min_hits_higher_threshold & initial_score_above_deferral)', 'G(!(initial_score_above_deferral & min_hits_higher_threshold))', 'G(!(any_sample_below_deferral & initial_score_above_deferral))']
++++ Length: 9
++ Y-SAT CHECK
++ REALIZABILITY CHECK
++ COUNTERSTRATEGY COMPUTATION - REFINEMENT GENERATION

=== COUNTERRUN ===
Sf2 -> Sf4


=== INTERPOLANT ===
(any_sample_below_deferral__Sf2 & min_above_auditing_threshold__Sf2)


++++ ELAPSED TIME: 31.240308159999998
++++ QUEUE LENGTH: 107
++++ Solutions: 0
++++ Duplicates: 0
++++ Node number: 174
++++ Refinement: ['!(min_hits_higher_threshold & min_above_auditing_threshold)', 'G(!(min_above_auditing_threshold & min_hits_higher_threshold))', '!(min_hits_higher_threshold & all_samples_above_deferral)', 'G(!(all_samples_above_deferral & min_hits_higher_threshold))', 'G(!(all_samples_above_deferral & min_above_auditing_threshold))', '!(min_hits_higher_threshold & any_sample_below_deferral)', 'G(!(min_hits_higher_threshold & any_sample_below_deferral))', 'G(!(min_hits_higher_threshold & initial_score_above_deferral))', '!(any_sample_below_deferral & initial_score_above_deferral)']
++++ Length: 9
++ Y-SAT CHECK
++ REALIZABILITY CHECK
++ COUNTERSTRATEGY COMPUTATION - REFINEMENT GENERATION

=== COUNTERRUN ===
S2 -> Sf6 -> Sf4


=== INTERPOLANT ===
(any_sample_below_deferral__Sf6 & initial_score_above_deferral__Sf6)


++++ ELAPSED TIME: 31.424617988999998
++++ QUEUE LENGTH: 107
++++ Solutions: 0
++++ Duplicates: 0
++++ Node number: 175
++++ Refinement: ['!(min_hits_higher_threshold & min_above_auditing_threshold)', 'G(!(min_above_auditing_threshold & min_hits_higher_threshold))', '!(min_hits_higher_threshold & all_samples_above_deferral)', 'G(!(all_samples_above_deferral & min_hits_higher_threshold))', 'G(!(all_samples_above_deferral & min_above_auditing_threshold))', '!(min_hits_higher_threshold & any_sample_below_deferral)', 'G(!(min_hits_higher_threshold & any_sample_below_deferral))', 'G(!(min_hits_higher_threshold & initial_score_above_deferral))', 'G(!(any_sample_below_deferral & initial_score_above_deferral))']
++++ Length: 9
++ Y-SAT CHECK
++ REALIZABILITY CHECK
++ COUNTERSTRATEGY COMPUTATION - REFINEMENT GENERATION

=== COUNTERRUN ===
Sf2 -> Sf4


=== INTERPOLANT ===
(any_sample_below_deferral__Sf2 & min_above_auditing_threshold__Sf2)


++++ ELAPSED TIME: 31.592767957
++++ QUEUE LENGTH: 108
++++ Solutions: 0
++++ Duplicates: 0
++++ Node number: 176
++++ Refinement: ['!(min_hits_higher_threshold & min_above_auditing_threshold)', 'G(!(min_above_auditing_threshold & min_hits_higher_threshold))', '!(min_hits_higher_threshold & all_samples_above_deferral)', 'G(!(all_samples_above_deferral & min_hits_higher_threshold))', 'G(!(all_samples_above_deferral & min_above_auditing_threshold))', '!(min_hits_higher_threshold & any_sample_below_deferral)', 'G(!(min_hits_higher_threshold & any_sample_below_deferral))', '!(min_hits_higher_threshold & initial_score_above_deferral)', 'G(!(min_hits_higher_threshold & initial_score_above_deferral))']
++++ Length: 9
++ Y-SAT CHECK
++ REALIZABILITY CHECK
++ COUNTERSTRATEGY COMPUTATION - REFINEMENT GENERATION

=== COUNTERRUN ===
Sf3 -> Sf4


=== INTERPOLANT ===
(any_sample_below_deferral__Sf3 & initial_score_above_deferral__Sf3)


++++ ELAPSED TIME: 31.760456505
++++ QUEUE LENGTH: 109
++++ Solutions: 0
++++ Duplicates: 0
++++ Node number: 177
++++ Refinement: ['G(!(min_hits_higher_threshold & min_above_auditing_threshold))', 'G(!(all_samples_above_deferral & min_hits_higher_threshold))', '!(all_samples_above_deferral & min_above_auditing_threshold)', 'G(!(min_above_auditing_threshold & all_samples_above_deferral))', 'G(!(any_sample_below_deferral & min_hits_higher_threshold))', 'G(!(min_hits_higher_threshold & initial_score_above_deferral))', '!(initial_score_above_deferral & any_sample_below_deferral)', 'G(!(initial_score_above_deferral & any_sample_below_deferral))', '!(any_sample_below_deferral & min_above_auditing_threshold)']
++++ Length: 9
++ Y-SAT CHECK
++ REALIZABILITY CHECK
++ COUNTERSTRATEGY COMPUTATION - REFINEMENT GENERATION

=== COUNTERRUN ===
S2 -> Sf5 -> Sf4


=== INTERPOLANT ===
(any_sample_below_deferral__Sf5 & min_above_auditing_threshold__Sf5)


++++ ELAPSED TIME: 31.944893997
++++ QUEUE LENGTH: 109
++++ Solutions: 0
++++ Duplicates: 0
++++ Node number: 178
++++ Refinement: ['G(!(min_hits_higher_threshold & min_above_auditing_threshold))', 'G(!(all_samples_above_deferral & min_hits_higher_threshold))', '!(all_samples_above_deferral & min_above_auditing_threshold)', 'G(!(min_above_auditing_threshold & all_samples_above_deferral))', 'G(!(any_sample_below_deferral & min_hits_higher_threshold))', 'G(!(min_hits_higher_threshold & initial_score_above_deferral))', '!(initial_score_above_deferral & any_sample_below_deferral)', 'G(!(initial_score_above_deferral & any_sample_below_deferral))', 'G(!(any_sample_below_deferral & min_above_auditing_threshold))']
++++ Length: 9
++ Y-SAT CHECK
++ REALIZABILITY CHECK
++ COUNTERSTRATEGY COMPUTATION - REFINEMENT GENERATION

=== COUNTERRUN ===
Sf1 -> Sf4


=== INTERPOLANT ===
(all_samples_above_deferral__Sf1 & any_sample_below_deferral__Sf1)


++++ ELAPSED TIME: 32.118945827000005
++++ QUEUE LENGTH: 110
++++ Solutions: 0
++++ Duplicates: 0
++++ Node number: 179
++++ Refinement: ['G(!(min_hits_higher_threshold & min_above_auditing_threshold))', 'G(!(all_samples_above_deferral & min_hits_higher_threshold))', '!(all_samples_above_deferral & min_above_auditing_threshold)', 'G(!(min_above_auditing_threshold & all_samples_above_deferral))', 'G(!(any_sample_below_deferral & min_hits_higher_threshold))', 'G(!(min_hits_higher_threshold & initial_score_above_deferral))', 'G(!(initial_score_above_deferral & any_sample_below_deferral))', '!(any_sample_below_deferral & min_above_auditing_threshold)', 'G(!(any_sample_below_deferral & min_above_auditing_threshold))']
++++ Length: 9
++ Y-SAT CHECK
++ REALIZABILITY CHECK
++ COUNTERSTRATEGY COMPUTATION - REFINEMENT GENERATION

=== COUNTERRUN ===
Sf1 -> Sf4


=== INTERPOLANT ===
(all_samples_above_deferral__Sf1 & any_sample_below_deferral__Sf1)


++++ ELAPSED TIME: 32.296598317000004
++++ QUEUE LENGTH: 111
++++ Solutions: 0
++++ Duplicates: 0
++++ Node number: 180
++++ Refinement: ['G(!(min_hits_higher_threshold & min_above_auditing_threshold))', 'G(!(all_samples_above_deferral & min_hits_higher_threshold))', '!(all_samples_above_deferral & min_above_auditing_threshold)', 'G(!(min_above_auditing_threshold & all_samples_above_deferral))', 'G(!(any_sample_below_deferral & min_hits_higher_threshold))', 'G(!(min_hits_higher_threshold & initial_score_above_deferral))', 'G(!(initial_score_above_deferral & any_sample_below_deferral))', 'G(!(any_sample_below_deferral & min_above_auditing_threshold))', '!(any_sample_below_deferral & all_samples_above_deferral)']
++++ Length: 9
++ Y-SAT CHECK
++ REALIZABILITY CHECK
++ COUNTERSTRATEGY COMPUTATION - REFINEMENT GENERATION

=== COUNTERRUN ===
S2 -> Sf5 -> Sf4


=== INTERPOLANT ===
(all_samples_above_deferral__Sf5 & any_sample_below_deferral__Sf5)


++++ ELAPSED TIME: 32.483620275
++++ QUEUE LENGTH: 111
++++ Solutions: 0
++++ Duplicates: 0
++++ Node number: 181
++++ Refinement: ['G(!(min_hits_higher_threshold & min_above_auditing_threshold))', 'G(!(all_samples_above_deferral & min_hits_higher_threshold))', '!(all_samples_above_deferral & min_above_auditing_threshold)', 'G(!(min_above_auditing_threshold & all_samples_above_deferral))', 'G(!(any_sample_below_deferral & min_hits_higher_threshold))', 'G(!(min_hits_higher_threshold & initial_score_above_deferral))', 'G(!(initial_score_above_deferral & any_sample_below_deferral))', 'G(!(any_sample_below_deferral & min_above_auditing_threshold))', 'G(!(any_sample_below_deferral & all_samples_above_deferral))']
++++ Length: 9
++ Y-SAT CHECK
++ REALIZABILITY CHECK
++ COUNTERSTRATEGY COMPUTATION - REFINEMENT GENERATION

=== COUNTERRUN ===
Sf3 -> Sf4


=== INTERPOLANT ===
(initial_score_above_deferral__Sf3 & min_above_auditing_threshold__Sf3)


++++ ELAPSED TIME: 32.653049432
++++ QUEUE LENGTH: 112
++++ Solutions: 0
++++ Duplicates: 0
++++ Node number: 182
++++ Refinement: ['G(!(min_hits_higher_threshold & min_above_auditing_threshold))', 'G(!(all_samples_above_deferral & min_hits_higher_threshold))', '!(all_samples_above_deferral & min_above_auditing_threshold)', 'G(!(min_above_auditing_threshold & all_samples_above_deferral))', 'G(!(any_sample_below_deferral & min_hits_higher_threshold))', '!(min_hits_higher_threshold & initial_score_above_deferral)', 'G(!(min_hits_higher_threshold & initial_score_above_deferral))', '!(any_sample_below_deferral & initial_score_above_deferral)', 'G(!(initial_score_above_deferral & any_sample_below_deferral))']
++++ Length: 9
++ Y-SAT CHECK
++ REALIZABILITY CHECK
++ COUNTERSTRATEGY COMPUTATION - REFINEMENT GENERATION

=== COUNTERRUN ===
Sf2 -> Sf4


=== INTERPOLANT ===
(any_sample_below_deferral__Sf2 & min_above_auditing_threshold__Sf2)


++++ ELAPSED TIME: 32.833712238000004
++++ QUEUE LENGTH: 113
++++ Solutions: 0
++++ Duplicates: 0
++++ Node number: 183
++++ Refinement: ['G(!(min_hits_higher_threshold & min_above_auditing_threshold))', 'G(!(all_samples_above_deferral & min_hits_higher_threshold))', '!(all_samples_above_deferral & min_above_auditing_threshold)', 'G(!(min_above_auditing_threshold & all_samples_above_deferral))', 'G(!(any_sample_below_deferral & min_hits_higher_threshold))', '!(min_hits_higher_threshold & initial_score_above_deferral)', 'G(!(min_hits_higher_threshold & initial_score_above_deferral))', 'G(!(any_sample_below_deferral & initial_score_above_deferral))', '!(min_above_auditing_threshold & any_sample_below_deferral)']
++++ Length: 9
++ Y-SAT CHECK
++ REALIZABILITY CHECK
++ COUNTERSTRATEGY COMPUTATION - REFINEMENT GENERATION

=== COUNTERRUN ===
S0 -> Sf5 -> Sf4


=== INTERPOLANT ===
(any_sample_below_deferral__Sf5 & min_above_auditing_threshold__Sf5)


++++ ELAPSED TIME: 33.021481804000004
++++ QUEUE LENGTH: 113
++++ Solutions: 0
++++ Duplicates: 0
++++ Node number: 184
++++ Refinement: ['G(!(min_hits_higher_threshold & min_above_auditing_threshold))', 'G(!(all_samples_above_deferral & min_hits_higher_threshold))', '!(all_samples_above_deferral & min_above_auditing_threshold)', 'G(!(min_above_auditing_threshold & all_samples_above_deferral))', 'G(!(any_sample_below_deferral & min_hits_higher_threshold))', '!(min_hits_higher_threshold & initial_score_above_deferral)', 'G(!(min_hits_higher_threshold & initial_score_above_deferral))', 'G(!(any_sample_below_deferral & initial_score_above_deferral))', 'G(!(min_above_auditing_threshold & any_sample_below_deferral))']
++++ Length: 9
++ Y-SAT CHECK
++ REALIZABILITY CHECK
++ COUNTERSTRATEGY COMPUTATION - REFINEMENT GENERATION

=== COUNTERRUN ===
Sf0 -> Sf4


=== INTERPOLANT ===
(all_samples_above_deferral__Sf0 & any_sample_below_deferral__Sf0)


++++ ELAPSED TIME: 33.538379815
++++ QUEUE LENGTH: 114
++++ Solutions: 0
++++ Duplicates: 0
++++ Node number: 185
++++ Refinement: ['G(!(min_hits_higher_threshold & min_above_auditing_threshold))', 'G(!(all_samples_above_deferral & min_hits_higher_threshold))', '!(all_samples_above_deferral & min_above_auditing_threshold)', 'G(!(min_above_auditing_threshold & all_samples_above_deferral))', '!(any_sample_below_deferral & min_hits_higher_threshold)', 'G(!(min_hits_higher_threshold & any_sample_below_deferral))', '!(initial_score_above_deferral & min_hits_higher_threshold)', 'G(!(initial_score_above_deferral & min_hits_higher_threshold))', '!(any_sample_below_deferral & initial_score_above_deferral)']
++++ Length: 9
++ Y-SAT CHECK
++ REALIZABILITY CHECK
++ COUNTERSTRATEGY COMPUTATION - REFINEMENT GENERATION

=== COUNTERRUN ===
S2 -> Sf8 -> Sf4


=== INTERPOLANT ===
(any_sample_below_deferral__Sf8 & initial_score_above_deferral__Sf8)


++++ ELAPSED TIME: 33.719034974
++++ QUEUE LENGTH: 114
++++ Solutions: 0
++++ Duplicates: 0
++++ Node number: 186
++++ Refinement: ['G(!(min_hits_higher_threshold & min_above_auditing_threshold))', 'G(!(all_samples_above_deferral & min_hits_higher_threshold))', '!(all_samples_above_deferral & min_above_auditing_threshold)', 'G(!(min_above_auditing_threshold & all_samples_above_deferral))', '!(any_sample_below_deferral & min_hits_higher_threshold)', 'G(!(min_hits_higher_threshold & any_sample_below_deferral))', '!(initial_score_above_deferral & min_hits_higher_threshold)', 'G(!(initial_score_above_deferral & min_hits_higher_threshold))', 'G(!(any_sample_below_deferral & initial_score_above_deferral))']
++++ Length: 9
++ Y-SAT CHECK
++ REALIZABILITY CHECK
++ COUNTERSTRATEGY COMPUTATION - REFINEMENT GENERATION

=== COUNTERRUN ===
Sf2 -> Sf4


=== INTERPOLANT ===
(any_sample_below_deferral__Sf2 & min_above_auditing_threshold__Sf2)


++++ ELAPSED TIME: 33.897529899
++++ QUEUE LENGTH: 115
++++ Solutions: 0
++++ Duplicates: 0
++++ Node number: 187
++++ Refinement: ['G(!(min_hits_higher_threshold & min_above_auditing_threshold))', 'G(!(all_samples_above_deferral & min_hits_higher_threshold))', '!(all_samples_above_deferral & min_above_auditing_threshold)', 'G(!(min_above_auditing_threshold & all_samples_above_deferral))', '!(any_sample_below_deferral & min_hits_higher_threshold)', 'G(!(min_hits_higher_threshold & any_sample_below_deferral))', 'G(!(initial_score_above_deferral & min_hits_higher_threshold))', '!(any_sample_below_deferral & initial_score_above_deferral)', 'G(!(initial_score_above_deferral & any_sample_below_deferral))']
++++ Length: 9
++ Y-SAT CHECK
++ REALIZABILITY CHECK
++ COUNTERSTRATEGY COMPUTATION - REFINEMENT GENERATION

=== COUNTERRUN ===
Sf0 -> Sf4


=== INTERPOLANT ===
(any_sample_below_deferral__Sf0 & min_above_auditing_threshold__Sf0)


++++ ELAPSED TIME: 34.065360988
++++ QUEUE LENGTH: 116
++++ Solutions: 0
++++ Duplicates: 0
++++ Node number: 188
++++ Refinement: ['G(!(min_hits_higher_threshold & min_above_auditing_threshold))', 'G(!(all_samples_above_deferral & min_hits_higher_threshold))', '!(all_samples_above_deferral & min_above_auditing_threshold)', 'G(!(min_above_auditing_threshold & all_samples_above_deferral))', '!(any_sample_below_deferral & min_hits_higher_threshold)', 'G(!(min_hits_higher_threshold & any_sample_below_deferral))', 'G(!(initial_score_above_deferral & min_hits_higher_threshold))', 'G(!(any_sample_below_deferral & initial_score_above_deferral))', '!(min_above_auditing_threshold & any_sample_below_deferral)']
++++ Length: 9
++ Y-SAT CHECK
++ REALIZABILITY CHECK
++ COUNTERSTRATEGY COMPUTATION - REFINEMENT GENERATION

=== COUNTERRUN ===
S2 -> Sf8 -> Sf4


=== INTERPOLANT ===
(any_sample_below_deferral__Sf8 & min_above_auditing_threshold__Sf8)


++++ ELAPSED TIME: 34.263220256000004
++++ QUEUE LENGTH: 116
++++ Solutions: 0
++++ Duplicates: 0
++++ Node number: 189
++++ Refinement: ['G(!(min_hits_higher_threshold & min_above_auditing_threshold))', 'G(!(all_samples_above_deferral & min_hits_higher_threshold))', '!(all_samples_above_deferral & min_above_auditing_threshold)', 'G(!(min_above_auditing_threshold & all_samples_above_deferral))', '!(any_sample_below_deferral & min_hits_higher_threshold)', 'G(!(min_hits_higher_threshold & any_sample_below_deferral))', 'G(!(initial_score_above_deferral & min_hits_higher_threshold))', 'G(!(any_sample_below_deferral & initial_score_above_deferral))', 'G(!(min_above_auditing_threshold & any_sample_below_deferral))']
++++ Length: 9
++ Y-SAT CHECK
++ REALIZABILITY CHECK
++ COUNTERSTRATEGY COMPUTATION - REFINEMENT GENERATION

=== COUNTERRUN ===
Sf2 -> Sf4


=== INTERPOLANT ===
(all_samples_above_deferral__Sf2 & any_sample_below_deferral__Sf2)


++++ ELAPSED TIME: 34.443249672
++++ QUEUE LENGTH: 117
++++ Solutions: 0
++++ Duplicates: 0
++++ Node number: 190
++++ Refinement: ['G(!(min_hits_higher_threshold & min_above_auditing_threshold))', 'G(!(all_samples_above_deferral & min_hits_higher_threshold))', 'G(!(all_samples_above_deferral & min_above_auditing_threshold))', 'G(!(min_hits_higher_threshold & any_sample_below_deferral))', 'G(!(min_hits_higher_threshold & initial_score_above_deferral))', '!(any_sample_below_deferral & initial_score_above_deferral)', 'G(!(any_sample_below_deferral & initial_score_above_deferral))', '!(any_sample_below_deferral & min_above_auditing_threshold)', 'G(!(any_sample_below_deferral & min_above_auditing_threshold))']
++++ Length: 9
++ Y-SAT CHECK
++ REALIZABILITY CHECK
++ COUNTERSTRATEGY COMPUTATION - REFINEMENT GENERATION

=== COUNTERRUN ===
Sf1 -> Sf4


=== INTERPOLANT ===
(all_samples_above_deferral__Sf1 & any_sample_below_deferral__Sf1)


++++ ELAPSED TIME: 34.607915486
++++ QUEUE LENGTH: 118
++++ Solutions: 0
++++ Duplicates: 0
++++ Node number: 191
++++ Refinement: ['G(!(min_hits_higher_threshold & min_above_auditing_threshold))', 'G(!(all_samples_above_deferral & min_hits_higher_threshold))', 'G(!(all_samples_above_deferral & min_above_auditing_threshold))', 'G(!(min_hits_higher_threshold & any_sample_below_deferral))', 'G(!(min_hits_higher_threshold & initial_score_above_deferral))', '!(any_sample_below_deferral & initial_score_above_deferral)', 'G(!(any_sample_below_deferral & initial_score_above_deferral))', 'G(!(any_sample_below_deferral & min_above_auditing_threshold))', 'G(!(all_samples_above_deferral & any_sample_below_deferral))']
++++ Length: 9
++ Y-SAT CHECK
++ REALIZABILITY CHECK
++ COUNTERSTRATEGY COMPUTATION - REFINEMENT GENERATION

=== COUNTERRUN ===
Sf0 -> Sf4


=== INTERPOLANT ===
(initial_score_above_deferral__Sf0 & min_above_auditing_threshold__Sf0)


++++ ELAPSED TIME: 34.787450414
++++ QUEUE LENGTH: 119
++++ Solutions: 0
++++ Duplicates: 0
++++ Node number: 192
++++ Refinement: ['G(!(min_hits_higher_threshold & min_above_auditing_threshold))', 'G(!(all_samples_above_deferral & min_hits_higher_threshold))', 'G(!(all_samples_above_deferral & min_above_auditing_threshold))', 'G(!(min_hits_higher_threshold & any_sample_below_deferral))', 'G(!(min_hits_higher_threshold & initial_score_above_deferral))', '!(any_sample_below_deferral & initial_score_above_deferral)', 'G(!(any_sample_below_deferral & initial_score_above_deferral))', 'G(!(any_sample_below_deferral & min_above_auditing_threshold))', '!(all_samples_above_deferral & any_sample_below_deferral)']
++++ Length: 9
++ Y-SAT CHECK
++ REALIZABILITY CHECK
++ COUNTERSTRATEGY COMPUTATION - REFINEMENT GENERATION

=== COUNTERRUN ===
S2 -> Sf8 -> Sf4


=== INTERPOLANT ===
(all_samples_above_deferral__Sf8 & any_sample_below_deferral__Sf8)


++++ ELAPSED TIME: 34.973155395
++++ QUEUE LENGTH: 119
++++ Solutions: 0
++++ Duplicates: 0
++++ Node number: 193
++++ Refinement: ['G(!(min_hits_higher_threshold & min_above_auditing_threshold))', 'G(!(all_samples_above_deferral & min_hits_higher_threshold))', 'G(!(all_samples_above_deferral & min_above_auditing_threshold))', 'G(!(min_hits_higher_threshold & any_sample_below_deferral))', 'G(!(min_hits_higher_threshold & initial_score_above_deferral))', 'G(!(any_sample_below_deferral & initial_score_above_deferral))', '!(any_sample_below_deferral & min_above_auditing_threshold)', 'G(!(any_sample_below_deferral & min_above_auditing_threshold))', '!(any_sample_below_deferral & all_samples_above_deferral)']
++++ Length: 9
++ Y-SAT CHECK
++ REALIZABILITY CHECK
++ COUNTERSTRATEGY COMPUTATION - REFINEMENT GENERATION

=== COUNTERRUN ===
S1 -> Sf5 -> Sf4


=== INTERPOLANT ===
(all_samples_above_deferral__Sf5 & any_sample_below_deferral__Sf5)


++++ ELAPSED TIME: 35.171850229
++++ QUEUE LENGTH: 119
++++ Solutions: 0
++++ Duplicates: 0
++++ Node number: 194
++++ Refinement: ['G(!(min_hits_higher_threshold & min_above_auditing_threshold))', 'G(!(all_samples_above_deferral & min_hits_higher_threshold))', 'G(!(all_samples_above_deferral & min_above_auditing_threshold))', 'G(!(min_hits_higher_threshold & any_sample_below_deferral))', 'G(!(min_hits_higher_threshold & initial_score_above_deferral))', 'G(!(any_sample_below_deferral & initial_score_above_deferral))', '!(any_sample_below_deferral & min_above_auditing_threshold)', 'G(!(any_sample_below_deferral & min_above_auditing_threshold))', 'G(!(any_sample_below_deferral & all_samples_above_deferral))']
++++ Length: 9
++ Y-SAT CHECK
++ REALIZABILITY CHECK
++ COUNTERSTRATEGY COMPUTATION - REFINEMENT GENERATION

=== COUNTERRUN ===
Sf1 -> Sf4


=== INTERPOLANT ===
(initial_score_above_deferral__Sf1 & min_above_auditing_threshold__Sf1)


++++ ELAPSED TIME: 35.362875464
++++ QUEUE LENGTH: 120
++++ Solutions: 0
++++ Duplicates: 0
++++ Node number: 195
++++ Refinement: ['G(!(min_hits_higher_threshold & min_above_auditing_threshold))', 'G(!(all_samples_above_deferral & min_hits_higher_threshold))', 'G(!(all_samples_above_deferral & min_above_auditing_threshold))', 'G(!(min_hits_higher_threshold & any_sample_below_deferral))', 'G(!(min_hits_higher_threshold & initial_score_above_deferral))', 'G(!(any_sample_below_deferral & initial_score_above_deferral))', 'G(!(any_sample_below_deferral & min_above_auditing_threshold))', 'G(!(all_samples_above_deferral & any_sample_below_deferral))', 'G(!(min_above_auditing_threshold & initial_score_above_deferral))']
++++ Length: 9
++ Y-SAT CHECK
++ REALIZABILITY CHECK
++ COUNTERSTRATEGY COMPUTATION - REFINEMENT GENERATION

=== COUNTERRUN ===
Sf0 -> Sf4


=== INTERPOLANT ===
(all_samples_above_deferral__Sf0 & initial_score_above_deferral__Sf0)


++++ ELAPSED TIME: 35.538510116000005
++++ QUEUE LENGTH: 121
++++ Solutions: 0
++++ Duplicates: 0
++++ Node number: 196
++++ Refinement: ['G(!(min_hits_higher_threshold & min_above_auditing_threshold))', 'G(!(all_samples_above_deferral & min_hits_higher_threshold))', 'G(!(all_samples_above_deferral & min_above_auditing_threshold))', 'G(!(min_hits_higher_threshold & any_sample_below_deferral))', 'G(!(min_hits_higher_threshold & initial_score_above_deferral))', 'G(!(any_sample_below_deferral & initial_score_above_deferral))', 'G(!(any_sample_below_deferral & min_above_auditing_threshold))', 'G(!(all_samples_above_deferral & any_sample_below_deferral))', '!(min_above_auditing_threshold & initial_score_above_deferral)']
++++ Length: 9
++ Y-SAT CHECK
++ REALIZABILITY CHECK
++ COUNTERSTRATEGY COMPUTATION - REFINEMENT GENERATION

=== COUNTERRUN ===
S1 -> Sf7 -> Sf4


=== INTERPOLANT ===
(initial_score_above_deferral__Sf7 & min_above_auditing_threshold__Sf7)


++++ ELAPSED TIME: 35.830822433
++++ QUEUE LENGTH: 121
++++ Solutions: 0
++++ Duplicates: 0
++++ Node number: 197
++++ Refinement: ['G(!(min_hits_higher_threshold & min_above_auditing_threshold))', 'G(!(all_samples_above_deferral & min_hits_higher_threshold))', 'G(!(all_samples_above_deferral & min_above_auditing_threshold))', 'G(!(min_hits_higher_threshold & any_sample_below_deferral))', 'G(!(min_hits_higher_threshold & initial_score_above_deferral))', 'G(!(any_sample_below_deferral & initial_score_above_deferral))', 'G(!(any_sample_below_deferral & min_above_auditing_threshold))', '!(all_samples_above_deferral & any_sample_below_deferral)', 'G(!(any_sample_below_deferral & all_samples_above_deferral))']
++++ Length: 9
++ Y-SAT CHECK
++ REALIZABILITY CHECK
++ COUNTERSTRATEGY COMPUTATION - REFINEMENT GENERATION

=== COUNTERRUN ===
Sf3 -> Sf4


=== INTERPOLANT ===
(initial_score_above_deferral__Sf3 & min_above_auditing_threshold__Sf3)


++++ ELAPSED TIME: 36.003077155
++++ QUEUE LENGTH: 122
++++ Solutions: 0
++++ Duplicates: 0
++++ Node number: 198
++++ Refinement: ['G(!(min_hits_higher_threshold & min_above_auditing_threshold))', 'G(!(all_samples_above_deferral & min_hits_higher_threshold))', 'G(!(all_samples_above_deferral & min_above_auditing_threshold))', 'G(!(min_hits_higher_threshold & any_sample_below_deferral))', '!(min_hits_higher_threshold & initial_score_above_deferral)', 'G(!(min_hits_higher_threshold & initial_score_above_deferral))', '!(initial_score_above_deferral & any_sample_below_deferral)', 'G(!(initial_score_above_deferral & any_sample_below_deferral))', '!(any_sample_below_deferral & min_above_auditing_threshold)']
++++ Length: 9
++ Y-SAT CHECK
++ REALIZABILITY CHECK
++ COUNTERSTRATEGY COMPUTATION - REFINEMENT GENERATION

=== COUNTERRUN ===
S0 -> Sf7 -> Sf4


=== INTERPOLANT ===
(any_sample_below_deferral__Sf7 & min_above_auditing_threshold__Sf7)


++++ ELAPSED TIME: 36.196127574
++++ QUEUE LENGTH: 122
++++ Solutions: 0
++++ Duplicates: 0
++++ Node number: 199
++++ Refinement: ['G(!(min_hits_higher_threshold & min_above_auditing_threshold))', 'G(!(all_samples_above_deferral & min_hits_higher_threshold))', 'G(!(all_samples_above_deferral & min_above_auditing_threshold))', 'G(!(min_hits_higher_threshold & any_sample_below_deferral))', '!(min_hits_higher_threshold & initial_score_above_deferral)', 'G(!(min_hits_higher_threshold & initial_score_above_deferral))', '!(initial_score_above_deferral & any_sample_below_deferral)', 'G(!(initial_score_above_deferral & any_sample_below_deferral))', 'G(!(any_sample_below_deferral & min_above_auditing_threshold))']
++++ Length: 9
++ Y-SAT CHECK
++ REALIZABILITY CHECK
++ COUNTERSTRATEGY COMPUTATION - REFINEMENT GENERATION

=== COUNTERRUN ===
Sf2 -> Sf4


=== INTERPOLANT ===
(all_samples_above_deferral__Sf2 & any_sample_below_deferral__Sf2)


++++ ELAPSED TIME: 36.367822681
++++ QUEUE LENGTH: 123
++++ Solutions: 0
++++ Duplicates: 0
++++ Node number: 200
++++ Refinement: ['G(!(min_hits_higher_threshold & min_above_auditing_threshold))', 'G(!(all_samples_above_deferral & min_hits_higher_threshold))', 'G(!(all_samples_above_deferral & min_above_auditing_threshold))', 'G(!(min_hits_higher_threshold & any_sample_below_deferral))', '!(min_hits_higher_threshold & initial_score_above_deferral)', 'G(!(min_hits_higher_threshold & initial_score_above_deferral))', 'G(!(initial_score_above_deferral & any_sample_below_deferral))', '!(min_above_auditing_threshold & any_sample_below_deferral)', 'G(!(any_sample_below_deferral & min_above_auditing_threshold))']
++++ Length: 9
++ Y-SAT CHECK
++ REALIZABILITY CHECK
++ COUNTERSTRATEGY COMPUTATION - REFINEMENT GENERATION

=== COUNTERRUN ===
Sf2 -> Sf4


=== INTERPOLANT ===
(all_samples_above_deferral__Sf2 & any_sample_below_deferral__Sf2)


++++ ELAPSED TIME: 36.534957301
++++ QUEUE LENGTH: 124
++++ Solutions: 0
++++ Duplicates: 0
++++ Node number: 201
++++ Refinement: ['G(!(min_hits_higher_threshold & min_above_auditing_threshold))', 'G(!(all_samples_above_deferral & min_hits_higher_threshold))', 'G(!(all_samples_above_deferral & min_above_auditing_threshold))', 'G(!(min_hits_higher_threshold & any_sample_below_deferral))', '!(min_hits_higher_threshold & initial_score_above_deferral)', 'G(!(min_hits_higher_threshold & initial_score_above_deferral))', 'G(!(initial_score_above_deferral & any_sample_below_deferral))', 'G(!(min_above_auditing_threshold & any_sample_below_deferral))', '!(any_sample_below_deferral & all_samples_above_deferral)']
++++ Length: 9
++ Y-SAT CHECK
++ REALIZABILITY CHECK
++ COUNTERSTRATEGY COMPUTATION - REFINEMENT GENERATION

=== COUNTERRUN ===
S0 -> Sf5 -> Sf4


=== INTERPOLANT ===
(all_samples_above_deferral__Sf5 & any_sample_below_deferral__Sf5)


++++ ELAPSED TIME: 36.718606604
++++ QUEUE LENGTH: 124
++++ Solutions: 0
++++ Duplicates: 0
++++ Node number: 202
++++ Refinement: ['G(!(min_hits_higher_threshold & min_above_auditing_threshold))', 'G(!(all_samples_above_deferral & min_hits_higher_threshold))', 'G(!(all_samples_above_deferral & min_above_auditing_threshold))', 'G(!(min_hits_higher_threshold & any_sample_below_deferral))', '!(min_hits_higher_threshold & initial_score_above_deferral)', 'G(!(min_hits_higher_threshold & initial_score_above_deferral))', 'G(!(initial_score_above_deferral & any_sample_below_deferral))', 'G(!(min_above_auditing_threshold & any_sample_below_deferral))', 'G(!(any_sample_below_deferral & all_samples_above_deferral))']
++++ Length: 9
++ Y-SAT CHECK
++ REALIZABILITY CHECK
++ COUNTERSTRATEGY COMPUTATION - REFINEMENT GENERATION

=== COUNTERRUN ===
Sf2 -> Sf4


=== INTERPOLANT ===
(initial_score_above_deferral__Sf2 & min_above_auditing_threshold__Sf2)


++++ ELAPSED TIME: 36.897214225
++++ QUEUE LENGTH: 125
++++ Solutions: 0
++++ Duplicates: 0
++++ Node number: 203
++++ Refinement: ['G(!(min_hits_higher_threshold & min_above_auditing_threshold))', 'G(!(all_samples_above_deferral & min_hits_higher_threshold))', 'G(!(all_samples_above_deferral & min_above_auditing_threshold))', '!(min_hits_higher_threshold & any_sample_below_deferral)', 'G(!(min_hits_higher_threshold & any_sample_below_deferral))', '!(initial_score_above_deferral & min_hits_higher_threshold)', 'G(!(initial_score_above_deferral & min_hits_higher_threshold))', '!(any_sample_below_deferral & initial_score_above_deferral)', 'G(!(any_sample_below_deferral & initial_score_above_deferral))']
++++ Length: 9
++ Y-SAT CHECK
++ REALIZABILITY CHECK
++ COUNTERSTRATEGY COMPUTATION - REFINEMENT GENERATION

=== COUNTERRUN ===
Sf0 -> Sf4


=== INTERPOLANT ===
(any_sample_below_deferral__Sf0 & min_above_auditing_threshold__Sf0)


++++ ELAPSED TIME: 37.066699542
++++ QUEUE LENGTH: 126
++++ Solutions: 0
++++ Duplicates: 0
++++ Node number: 204
++++ Refinement: ['G(!(min_hits_higher_threshold & min_above_auditing_threshold))', 'G(!(all_samples_above_deferral & min_hits_higher_threshold))', 'G(!(all_samples_above_deferral & min_above_auditing_threshold))', '!(min_hits_higher_threshold & any_sample_below_deferral)', 'G(!(min_hits_higher_threshold & any_sample_below_deferral))', '!(initial_score_above_deferral & min_hits_higher_threshold)', 'G(!(initial_score_above_deferral & min_hits_higher_threshold))', 'G(!(any_sample_below_deferral & initial_score_above_deferral))', '!(min_above_auditing_threshold & any_sample_below_deferral)']
++++ Length: 9
++ Y-SAT CHECK
++ REALIZABILITY CHECK
++ COUNTERSTRATEGY COMPUTATION - REFINEMENT GENERATION

=== COUNTERRUN ===
S0 -> Sf8 -> Sf4


=== INTERPOLANT ===
(any_sample_below_deferral__Sf8 & min_above_auditing_threshold__Sf8)


++++ ELAPSED TIME: 37.261805108000004
++++ QUEUE LENGTH: 126
++++ Solutions: 0
++++ Duplicates: 0
++++ Node number: 205
++++ Refinement: ['G(!(min_hits_higher_threshold & min_above_auditing_threshold))', 'G(!(all_samples_above_deferral & min_hits_higher_threshold))', 'G(!(all_samples_above_deferral & min_above_auditing_threshold))', '!(min_hits_higher_threshold & any_sample_below_deferral)', 'G(!(min_hits_higher_threshold & any_sample_below_deferral))', '!(initial_score_above_deferral & min_hits_higher_threshold)', 'G(!(initial_score_above_deferral & min_hits_higher_threshold))', 'G(!(any_sample_below_deferral & initial_score_above_deferral))', 'G(!(min_above_auditing_threshold & any_sample_below_deferral))']
++++ Length: 9
++ Y-SAT CHECK
++ REALIZABILITY CHECK
++ COUNTERSTRATEGY COMPUTATION - REFINEMENT GENERATION

=== COUNTERRUN ===
Sf1 -> Sf4


=== INTERPOLANT ===
(all_samples_above_deferral__Sf1 & any_sample_below_deferral__Sf1)


++++ ELAPSED TIME: 37.43338395
++++ QUEUE LENGTH: 127
++++ Solutions: 0
++++ Duplicates: 0
++++ Node number: 206
++++ Refinement: ['G(!(min_hits_higher_threshold & min_above_auditing_threshold))', 'G(!(all_samples_above_deferral & min_hits_higher_threshold))', 'G(!(all_samples_above_deferral & min_above_auditing_threshold))', '!(min_hits_higher_threshold & any_sample_below_deferral)', 'G(!(min_hits_higher_threshold & any_sample_below_deferral))', 'G(!(initial_score_above_deferral & min_hits_higher_threshold))', '!(any_sample_below_deferral & initial_score_above_deferral)', 'G(!(any_sample_below_deferral & initial_score_above_deferral))', '!(min_above_auditing_threshold & any_sample_below_deferral)']
++++ Length: 9
++ Y-SAT CHECK
++ REALIZABILITY CHECK
++ COUNTERSTRATEGY COMPUTATION - REFINEMENT GENERATION

=== COUNTERRUN ===
S0 -> Sf5 -> Sf4


=== INTERPOLANT ===
(any_sample_below_deferral__Sf5 & min_above_auditing_threshold__Sf5)


++++ ELAPSED TIME: 37.625939417
++++ QUEUE LENGTH: 127
++++ Solutions: 0
++++ Duplicates: 0
++++ Node number: 207
++++ Refinement: ['G(!(min_hits_higher_threshold & min_above_auditing_threshold))', 'G(!(all_samples_above_deferral & min_hits_higher_threshold))', 'G(!(all_samples_above_deferral & min_above_auditing_threshold))', '!(min_hits_higher_threshold & any_sample_below_deferral)', 'G(!(min_hits_higher_threshold & any_sample_below_deferral))', 'G(!(initial_score_above_deferral & min_hits_higher_threshold))', '!(any_sample_below_deferral & initial_score_above_deferral)', 'G(!(any_sample_below_deferral & initial_score_above_deferral))', 'G(!(min_above_auditing_threshold & any_sample_below_deferral))']
++++ Length: 9
++ Y-SAT CHECK
++ REALIZABILITY CHECK
++ COUNTERSTRATEGY COMPUTATION - REFINEMENT GENERATION

=== COUNTERRUN ===
Sf0 -> Sf4


=== INTERPOLANT ===
(all_samples_above_deferral__Sf0 & any_sample_below_deferral__Sf0)


++++ ELAPSED TIME: 37.807362909
++++ QUEUE LENGTH: 128
++++ Solutions: 0
++++ Duplicates: 0
++++ Node number: 208
++++ Refinement: ['G(!(min_hits_higher_threshold & min_above_auditing_threshold))', 'G(!(all_samples_above_deferral & min_hits_higher_threshold))', 'G(!(all_samples_above_deferral & min_above_auditing_threshold))', '!(min_hits_higher_threshold & any_sample_below_deferral)', 'G(!(min_hits_higher_threshold & any_sample_below_deferral))', 'G(!(initial_score_above_deferral & min_hits_higher_threshold))', 'G(!(any_sample_below_deferral & initial_score_above_deferral))', '!(min_above_auditing_threshold & any_sample_below_deferral)', 'G(!(any_sample_below_deferral & min_above_auditing_threshold))']
++++ Length: 9
++ Y-SAT CHECK
++ REALIZABILITY CHECK
++ COUNTERSTRATEGY COMPUTATION - REFINEMENT GENERATION

=== COUNTERRUN ===
Sf0 -> Sf4


=== INTERPOLANT ===
(all_samples_above_deferral__Sf0 & any_sample_below_deferral__Sf0)


++++ ELAPSED TIME: 37.976061328
++++ QUEUE LENGTH: 129
++++ Solutions: 0
++++ Duplicates: 0
++++ Node number: 209
++++ Refinement: ['G(!(min_hits_higher_threshold & min_above_auditing_threshold))', 'G(!(all_samples_above_deferral & min_hits_higher_threshold))', 'G(!(all_samples_above_deferral & min_above_auditing_threshold))', '!(min_hits_higher_threshold & any_sample_below_deferral)', 'G(!(min_hits_higher_threshold & any_sample_below_deferral))', 'G(!(initial_score_above_deferral & min_hits_higher_threshold))', 'G(!(any_sample_below_deferral & initial_score_above_deferral))', 'G(!(min_above_auditing_threshold & any_sample_below_deferral))', '!(any_sample_below_deferral & all_samples_above_deferral)']
++++ Length: 9
++ Y-SAT CHECK
++ REALIZABILITY CHECK
++ COUNTERSTRATEGY COMPUTATION - REFINEMENT GENERATION

=== COUNTERRUN ===
S0 -> Sf5 -> Sf4


=== INTERPOLANT ===
(all_samples_above_deferral__Sf5 & any_sample_below_deferral__Sf5)


++++ ELAPSED TIME: 38.172984256
++++ QUEUE LENGTH: 129
++++ Solutions: 0
++++ Duplicates: 0
++++ Node number: 210
++++ Refinement: ['G(!(min_hits_higher_threshold & min_above_auditing_threshold))', 'G(!(all_samples_above_deferral & min_hits_higher_threshold))', 'G(!(all_samples_above_deferral & min_above_auditing_threshold))', '!(min_hits_higher_threshold & any_sample_below_deferral)', 'G(!(min_hits_higher_threshold & any_sample_below_deferral))', 'G(!(initial_score_above_deferral & min_hits_higher_threshold))', 'G(!(any_sample_below_deferral & initial_score_above_deferral))', 'G(!(min_above_auditing_threshold & any_sample_below_deferral))', 'G(!(any_sample_below_deferral & all_samples_above_deferral))']
++++ Length: 9
++ Y-SAT CHECK
++ REALIZABILITY CHECK
++ COUNTERSTRATEGY COMPUTATION - REFINEMENT GENERATION

=== COUNTERRUN ===
Sf3 -> Sf4


=== INTERPOLANT ===
(initial_score_above_deferral__Sf3 & min_above_auditing_threshold__Sf3)


++++ ELAPSED TIME: 38.346918609
++++ QUEUE LENGTH: 130
++++ Solutions: 0
++++ Duplicates: 0
++++ Node number: 211
++++ Refinement: ['G(!(min_hits_higher_threshold & min_above_auditing_threshold))', '!(all_samples_above_deferral & min_hits_higher_threshold)', 'G(!(min_hits_higher_threshold & all_samples_above_deferral))', '!(all_samples_above_deferral & min_above_auditing_threshold)', 'G(!(min_above_auditing_threshold & all_samples_above_deferral))', 'G(!(any_sample_below_deferral & min_hits_higher_threshold))', '!(initial_score_above_deferral & min_hits_higher_threshold)', 'G(!(min_hits_higher_threshold & initial_score_above_deferral))', '!(any_sample_below_deferral & initial_score_above_deferral)']
++++ Length: 9
++ Y-SAT CHECK
++ REALIZABILITY CHECK
++ COUNTERSTRATEGY COMPUTATION - REFINEMENT GENERATION

=== COUNTERRUN ===
S2 -> Sf5 -> Sf4


=== INTERPOLANT ===
(any_sample_below_deferral__Sf5 & initial_score_above_deferral__Sf5)


++++ ELAPSED TIME: 38.536103127000004
++++ QUEUE LENGTH: 130
++++ Solutions: 0
++++ Duplicates: 0
++++ Node number: 212
++++ Refinement: ['G(!(min_hits_higher_threshold & min_above_auditing_threshold))', '!(all_samples_above_deferral & min_hits_higher_threshold)', 'G(!(min_hits_higher_threshold & all_samples_above_deferral))', '!(all_samples_above_deferral & min_above_auditing_threshold)', 'G(!(min_above_auditing_threshold & all_samples_above_deferral))', 'G(!(any_sample_below_deferral & min_hits_higher_threshold))', '!(initial_score_above_deferral & min_hits_higher_threshold)', 'G(!(min_hits_higher_threshold & initial_score_above_deferral))', 'G(!(any_sample_below_deferral & initial_score_above_deferral))']
++++ Length: 9
++ Y-SAT CHECK
++ REALIZABILITY CHECK
++ COUNTERSTRATEGY COMPUTATION - REFINEMENT GENERATION

=== COUNTERRUN ===
Sf0 -> Sf4


=== INTERPOLANT ===
(any_sample_below_deferral__Sf0 & min_above_auditing_threshold__Sf0)


++++ ELAPSED TIME: 38.803281691
++++ QUEUE LENGTH: 131
++++ Solutions: 0
++++ Duplicates: 0
++++ Node number: 213
++++ Refinement: ['G(!(min_hits_higher_threshold & min_above_auditing_threshold))', '!(all_samples_above_deferral & min_hits_higher_threshold)', 'G(!(min_hits_higher_threshold & all_samples_above_deferral))', '!(all_samples_above_deferral & min_above_auditing_threshold)', 'G(!(min_above_auditing_threshold & all_samples_above_deferral))', 'G(!(any_sample_below_deferral & min_hits_higher_threshold))', 'G(!(initial_score_above_deferral & min_hits_higher_threshold))', '!(initial_score_above_deferral & any_sample_below_deferral)', 'G(!(any_sample_below_deferral & initial_score_above_deferral))']
++++ Length: 9
++ Y-SAT CHECK
++ REALIZABILITY CHECK
++ COUNTERSTRATEGY COMPUTATION - REFINEMENT GENERATION

=== COUNTERRUN ===
Sf3 -> Sf4


=== INTERPOLANT ===
(any_sample_below_deferral__Sf3 & min_above_auditing_threshold__Sf3)


++++ ELAPSED TIME: 38.979554354
++++ QUEUE LENGTH: 132
++++ Solutions: 0
++++ Duplicates: 0
++++ Node number: 214
++++ Refinement: ['G(!(min_hits_higher_threshold & min_above_auditing_threshold))', '!(all_samples_above_deferral & min_hits_higher_threshold)', 'G(!(min_hits_higher_threshold & all_samples_above_deferral))', '!(all_samples_above_deferral & min_above_auditing_threshold)', 'G(!(min_above_auditing_threshold & all_samples_above_deferral))', 'G(!(any_sample_below_deferral & min_hits_higher_threshold))', 'G(!(initial_score_above_deferral & min_hits_higher_threshold))', 'G(!(initial_score_above_deferral & any_sample_below_deferral))', '!(any_sample_below_deferral & min_above_auditing_threshold)']
++++ Length: 9
++ Y-SAT CHECK
++ REALIZABILITY CHECK
++ COUNTERSTRATEGY COMPUTATION - REFINEMENT GENERATION

=== COUNTERRUN ===
S1 -> Sf5 -> Sf4


=== INTERPOLANT ===
(any_sample_below_deferral__Sf5 & min_above_auditing_threshold__Sf5)


++++ ELAPSED TIME: 39.245916803
++++ QUEUE LENGTH: 132
++++ Solutions: 0
++++ Duplicates: 0
++++ Node number: 215
++++ Refinement: ['G(!(min_hits_higher_threshold & min_above_auditing_threshold))', '!(all_samples_above_deferral & min_hits_higher_threshold)', 'G(!(min_hits_higher_threshold & all_samples_above_deferral))', '!(all_samples_above_deferral & min_above_auditing_threshold)', 'G(!(min_above_auditing_threshold & all_samples_above_deferral))', 'G(!(any_sample_below_deferral & min_hits_higher_threshold))', 'G(!(initial_score_above_deferral & min_hits_higher_threshold))', 'G(!(initial_score_above_deferral & any_sample_below_deferral))', 'G(!(any_sample_below_deferral & min_above_auditing_threshold))']
++++ Length: 9
++ Y-SAT CHECK
++ REALIZABILITY CHECK
++ COUNTERSTRATEGY COMPUTATION - REFINEMENT GENERATION

=== COUNTERRUN ===
Sf1 -> Sf4


=== INTERPOLANT ===
(all_samples_above_deferral__Sf1 & any_sample_below_deferral__Sf1)


++++ ELAPSED TIME: 39.416484064
++++ QUEUE LENGTH: 133
++++ Solutions: 0
++++ Duplicates: 0
++++ Node number: 216
++++ Refinement: ['G(!(min_hits_higher_threshold & min_above_auditing_threshold))', '!(all_samples_above_deferral & min_hits_higher_threshold)', 'G(!(min_hits_higher_threshold & all_samples_above_deferral))', '!(all_samples_above_deferral & min_above_auditing_threshold)', 'G(!(min_above_auditing_threshold & all_samples_above_deferral))', '!(any_sample_below_deferral & min_hits_higher_threshold)', 'G(!(min_hits_higher_threshold & any_sample_below_deferral))', '!(initial_score_above_deferral & min_hits_higher_threshold)', 'G(!(initial_score_above_deferral & min_hits_higher_threshold))']
++++ Length: 9
++ Y-SAT CHECK
++ REALIZABILITY CHECK
++ COUNTERSTRATEGY COMPUTATION - REFINEMENT GENERATION

=== COUNTERRUN ===
Sf3 -> Sf4


=== INTERPOLANT ===
(any_sample_below_deferral__Sf3 & initial_score_above_deferral__Sf3)


++++ ELAPSED TIME: 39.587209292000004
++++ QUEUE LENGTH: 134
++++ Solutions: 0
++++ Duplicates: 0
++++ Node number: 217
++++ Refinement: ['G(!(min_hits_higher_threshold & min_above_auditing_threshold))', '!(all_samples_above_deferral & min_hits_higher_threshold)', 'G(!(min_hits_higher_threshold & all_samples_above_deferral))', '!(all_samples_above_deferral & min_above_auditing_threshold)', 'G(!(min_above_auditing_threshold & all_samples_above_deferral))', '!(any_sample_below_deferral & min_hits_higher_threshold)', 'G(!(min_hits_higher_threshold & any_sample_below_deferral))', 'G(!(initial_score_above_deferral & min_hits_higher_threshold))', '!(any_sample_below_deferral & initial_score_above_deferral)']
++++ Length: 9
++ Y-SAT CHECK
++ REALIZABILITY CHECK
++ COUNTERSTRATEGY COMPUTATION - REFINEMENT GENERATION

=== COUNTERRUN ===
S1 -> Sf5 -> Sf4


=== INTERPOLANT ===
(any_sample_below_deferral__Sf5 & initial_score_above_deferral__Sf5)


++++ ELAPSED TIME: 39.764646925
++++ QUEUE LENGTH: 134
++++ Solutions: 0
++++ Duplicates: 0
++++ Node number: 218
++++ Refinement: ['G(!(min_hits_higher_threshold & min_above_auditing_threshold))', '!(all_samples_above_deferral & min_hits_higher_threshold)', 'G(!(min_hits_higher_threshold & all_samples_above_deferral))', '!(all_samples_above_deferral & min_above_auditing_threshold)', 'G(!(min_above_auditing_threshold & all_samples_above_deferral))', '!(any_sample_below_deferral & min_hits_higher_threshold)', 'G(!(min_hits_higher_threshold & any_sample_below_deferral))', 'G(!(initial_score_above_deferral & min_hits_higher_threshold))', 'G(!(any_sample_below_deferral & initial_score_above_deferral))']
++++ Length: 9
++ Y-SAT CHECK
++ REALIZABILITY CHECK
++ COUNTERSTRATEGY COMPUTATION - REFINEMENT GENERATION

=== COUNTERRUN ===
Sf0 -> Sf4


=== INTERPOLANT ===
(any_sample_below_deferral__Sf0 & min_above_auditing_threshold__Sf0)


++++ ELAPSED TIME: 39.937023882
++++ QUEUE LENGTH: 135
++++ Solutions: 0
++++ Duplicates: 0
++++ Node number: 219
++++ Refinement: ['G(!(min_hits_higher_threshold & min_above_auditing_threshold))', '!(all_samples_above_deferral & min_hits_higher_threshold)', 'G(!(min_hits_higher_threshold & all_samples_above_deferral))', 'G(!(all_samples_above_deferral & min_above_auditing_threshold))', 'G(!(any_sample_below_deferral & min_hits_higher_threshold))', 'G(!(min_hits_higher_threshold & initial_score_above_deferral))', '!(any_sample_below_deferral & initial_score_above_deferral)', 'G(!(any_sample_below_deferral & initial_score_above_deferral))', '!(min_above_auditing_threshold & any_sample_below_deferral)']
++++ Length: 9
++ Y-SAT CHECK
++ REALIZABILITY CHECK
++ COUNTERSTRATEGY COMPUTATION - REFINEMENT GENERATION

=== COUNTERRUN ===
S0 -> Sf8 -> Sf4


=== INTERPOLANT ===
(any_sample_below_deferral__Sf8 & min_above_auditing_threshold__Sf8)


++++ ELAPSED TIME: 40.115644011
++++ QUEUE LENGTH: 135
++++ Solutions: 0
++++ Duplicates: 0
++++ Node number: 220
++++ Refinement: ['G(!(min_hits_higher_threshold & min_above_auditing_threshold))', '!(all_samples_above_deferral & min_hits_higher_threshold)', 'G(!(min_hits_higher_threshold & all_samples_above_deferral))', 'G(!(all_samples_above_deferral & min_above_auditing_threshold))', 'G(!(any_sample_below_deferral & min_hits_higher_threshold))', 'G(!(min_hits_higher_threshold & initial_score_above_deferral))', '!(any_sample_below_deferral & initial_score_above_deferral)', 'G(!(any_sample_below_deferral & initial_score_above_deferral))', 'G(!(min_above_auditing_threshold & any_sample_below_deferral))']
++++ Length: 9
++ Y-SAT CHECK
++ REALIZABILITY CHECK
++ COUNTERSTRATEGY COMPUTATION - REFINEMENT GENERATION

=== COUNTERRUN ===
Sf1 -> Sf4


=== INTERPOLANT ===
(all_samples_above_deferral__Sf1 & any_sample_below_deferral__Sf1)


++++ ELAPSED TIME: 40.29646045
++++ QUEUE LENGTH: 136
++++ Solutions: 0
++++ Duplicates: 0
++++ Node number: 221
++++ Refinement: ['G(!(min_hits_higher_threshold & min_above_auditing_threshold))', '!(all_samples_above_deferral & min_hits_higher_threshold)', 'G(!(min_hits_higher_threshold & all_samples_above_deferral))', 'G(!(all_samples_above_deferral & min_above_auditing_threshold))', 'G(!(any_sample_below_deferral & min_hits_higher_threshold))', 'G(!(min_hits_higher_threshold & initial_score_above_deferral))', 'G(!(any_sample_below_deferral & initial_score_above_deferral))', '!(any_sample_below_deferral & min_above_auditing_threshold)', 'G(!(min_above_auditing_threshold & any_sample_below_deferral))']
++++ Length: 9
++ Y-SAT CHECK
++ REALIZABILITY CHECK
++ COUNTERSTRATEGY COMPUTATION - REFINEMENT GENERATION

=== COUNTERRUN ===
Sf1 -> Sf4


=== INTERPOLANT ===
(all_samples_above_deferral__Sf1 & any_sample_below_deferral__Sf1)


++++ ELAPSED TIME: 40.463835336
++++ QUEUE LENGTH: 137
++++ Solutions: 0
++++ Duplicates: 0
++++ Node number: 222
++++ Refinement: ['G(!(min_hits_higher_threshold & min_above_auditing_threshold))', '!(all_samples_above_deferral & min_hits_higher_threshold)', 'G(!(min_hits_higher_threshold & all_samples_above_deferral))', 'G(!(all_samples_above_deferral & min_above_auditing_threshold))', 'G(!(any_sample_below_deferral & min_hits_higher_threshold))', 'G(!(min_hits_higher_threshold & initial_score_above_deferral))', 'G(!(any_sample_below_deferral & initial_score_above_deferral))', 'G(!(any_sample_below_deferral & min_above_auditing_threshold))', 'G(!(all_samples_above_deferral & any_sample_below_deferral))']
++++ Length: 9
++ Y-SAT CHECK
++ REALIZABILITY CHECK
++ COUNTERSTRATEGY COMPUTATION - REFINEMENT GENERATION

=== COUNTERRUN ===
Sf2 -> Sf4


=== INTERPOLANT ===
(initial_score_above_deferral__Sf2 & min_above_auditing_threshold__Sf2)


++++ ELAPSED TIME: 40.630787671
++++ QUEUE LENGTH: 138
++++ Solutions: 0
++++ Duplicates: 0
++++ Node number: 223
++++ Refinement: ['G(!(min_hits_higher_threshold & min_above_auditing_threshold))', '!(all_samples_above_deferral & min_hits_higher_threshold)', 'G(!(min_hits_higher_threshold & all_samples_above_deferral))', 'G(!(all_samples_above_deferral & min_above_auditing_threshold))', 'G(!(any_sample_below_deferral & min_hits_higher_threshold))', 'G(!(min_hits_higher_threshold & initial_score_above_deferral))', 'G(!(any_sample_below_deferral & initial_score_above_deferral))', 'G(!(any_sample_below_deferral & min_above_auditing_threshold))', '!(all_samples_above_deferral & any_sample_below_deferral)']
++++ Length: 9
++ Y-SAT CHECK
++ REALIZABILITY CHECK
++ COUNTERSTRATEGY COMPUTATION - REFINEMENT GENERATION

=== COUNTERRUN ===
S1 -> Sf5 -> Sf4


=== INTERPOLANT ===
(all_samples_above_deferral__Sf5 & any_sample_below_deferral__Sf5)


++++ ELAPSED TIME: 40.826135776
++++ QUEUE LENGTH: 138
++++ Solutions: 0
++++ Duplicates: 0
++++ Node number: 224
++++ Refinement: ['G(!(min_hits_higher_threshold & min_above_auditing_threshold))', '!(all_samples_above_deferral & min_hits_higher_threshold)', 'G(!(min_hits_higher_threshold & all_samples_above_deferral))', 'G(!(all_samples_above_deferral & min_above_auditing_threshold))', 'G(!(any_sample_below_deferral & min_hits_higher_threshold))', '!(min_hits_higher_threshold & initial_score_above_deferral)', 'G(!(initial_score_above_deferral & min_hits_higher_threshold))', '!(initial_score_above_deferral & any_sample_below_deferral)', 'G(!(any_sample_below_deferral & initial_score_above_deferral))']
++++ Length: 9
++ Y-SAT CHECK
++ REALIZABILITY CHECK
++ COUNTERSTRATEGY COMPUTATION - REFINEMENT GENERATION

=== COUNTERRUN ===
Sf0 -> Sf4


=== INTERPOLANT ===
(any_sample_below_deferral__Sf0 & min_above_auditing_threshold__Sf0)


++++ ELAPSED TIME: 40.999482531
++++ QUEUE LENGTH: 139
++++ Solutions: 0
++++ Duplicates: 0
++++ Node number: 225
++++ Refinement: ['G(!(min_hits_higher_threshold & min_above_auditing_threshold))', '!(all_samples_above_deferral & min_hits_higher_threshold)', 'G(!(min_hits_higher_threshold & all_samples_above_deferral))', 'G(!(all_samples_above_deferral & min_above_auditing_threshold))', 'G(!(any_sample_below_deferral & min_hits_higher_threshold))', '!(min_hits_higher_threshold & initial_score_above_deferral)', 'G(!(initial_score_above_deferral & min_hits_higher_threshold))', 'G(!(initial_score_above_deferral & any_sample_below_deferral))', '!(min_above_auditing_threshold & any_sample_below_deferral)']
++++ Length: 9
++ Y-SAT CHECK
++ REALIZABILITY CHECK
++ COUNTERSTRATEGY COMPUTATION - REFINEMENT GENERATION

=== COUNTERRUN ===
S1 -> Sf8 -> Sf4


=== INTERPOLANT ===
(any_sample_below_deferral__Sf8 & min_above_auditing_threshold__Sf8)


++++ ELAPSED TIME: 41.188800979
++++ QUEUE LENGTH: 139
++++ Solutions: 0
++++ Duplicates: 0
++++ Node number: 226
++++ Refinement: ['G(!(min_hits_higher_threshold & min_above_auditing_threshold))', '!(all_samples_above_deferral & min_hits_higher_threshold)', 'G(!(min_hits_higher_threshold & all_samples_above_deferral))', 'G(!(all_samples_above_deferral & min_above_auditing_threshold))', 'G(!(any_sample_below_deferral & min_hits_higher_threshold))', '!(min_hits_higher_threshold & initial_score_above_deferral)', 'G(!(initial_score_above_deferral & min_hits_higher_threshold))', 'G(!(initial_score_above_deferral & any_sample_below_deferral))', 'G(!(min_above_auditing_threshold & any_sample_below_deferral))']
++++ Length: 9
++ Y-SAT CHECK
++ REALIZABILITY CHECK
++ COUNTERSTRATEGY COMPUTATION - REFINEMENT GENERATION

=== COUNTERRUN ===
Sf2 -> Sf4


=== INTERPOLANT ===
(all_samples_above_deferral__Sf2 & any_sample_below_deferral__Sf2)


++++ ELAPSED TIME: 41.359171157
++++ QUEUE LENGTH: 140
++++ Solutions: 0
++++ Duplicates: 0
++++ Node number: 227
++++ Refinement: ['G(!(min_hits_higher_threshold & min_above_auditing_threshold))', '!(all_samples_above_deferral & min_hits_higher_threshold)', 'G(!(min_hits_higher_threshold & all_samples_above_deferral))', 'G(!(all_samples_above_deferral & min_above_auditing_threshold))', '!(any_sample_below_deferral & min_hits_higher_threshold)', 'G(!(any_sample_below_deferral & min_hits_higher_threshold))', '!(initial_score_above_deferral & min_hits_higher_threshold)', 'G(!(initial_score_above_deferral & min_hits_higher_threshold))', '!(initial_score_above_deferral & any_sample_below_deferral)']
++++ Length: 9
++ Y-SAT CHECK
++ REALIZABILITY CHECK
++ COUNTERSTRATEGY COMPUTATION - REFINEMENT GENERATION

=== COUNTERRUN ===
S2 -> Sf7 -> Sf4


=== INTERPOLANT ===
(any_sample_below_deferral__Sf7 & initial_score_above_deferral__Sf7)


++++ ELAPSED TIME: 41.539603553
++++ QUEUE LENGTH: 140
++++ Solutions: 0
++++ Duplicates: 0
++++ Node number: 228
++++ Refinement: ['G(!(min_hits_higher_threshold & min_above_auditing_threshold))', '!(all_samples_above_deferral & min_hits_higher_threshold)', 'G(!(min_hits_higher_threshold & all_samples_above_deferral))', 'G(!(all_samples_above_deferral & min_above_auditing_threshold))', '!(any_sample_below_deferral & min_hits_higher_threshold)', 'G(!(any_sample_below_deferral & min_hits_higher_threshold))', '!(initial_score_above_deferral & min_hits_higher_threshold)', 'G(!(initial_score_above_deferral & min_hits_higher_threshold))', 'G(!(initial_score_above_deferral & any_sample_below_deferral))']
++++ Length: 9
++ Y-SAT CHECK
++ REALIZABILITY CHECK
++ COUNTERSTRATEGY COMPUTATION - REFINEMENT GENERATION

=== COUNTERRUN ===
Sf0 -> Sf4


=== INTERPOLANT ===
(any_sample_below_deferral__Sf0 & min_above_auditing_threshold__Sf0)


++++ ELAPSED TIME: 41.708048885000004
++++ QUEUE LENGTH: 141
++++ Solutions: 0
++++ Duplicates: 0
++++ Node number: 229
++++ Refinement: ['G(!(min_hits_higher_threshold & min_above_auditing_threshold))', '!(all_samples_above_deferral & min_hits_higher_threshold)', 'G(!(min_hits_higher_threshold & all_samples_above_deferral))', 'G(!(all_samples_above_deferral & min_above_auditing_threshold))', '!(any_sample_below_deferral & min_hits_higher_threshold)', 'G(!(any_sample_below_deferral & min_hits_higher_threshold))', 'G(!(initial_score_above_deferral & min_hits_higher_threshold))', '!(any_sample_below_deferral & initial_score_above_deferral)', 'G(!(any_sample_below_deferral & initial_score_above_deferral))']
++++ Length: 9
++ Y-SAT CHECK
++ REALIZABILITY CHECK
++ COUNTERSTRATEGY COMPUTATION - REFINEMENT GENERATION

=== COUNTERRUN ===
Sf0 -> Sf4


=== INTERPOLANT ===
(any_sample_below_deferral__Sf0 & min_above_auditing_threshold__Sf0)


++++ ELAPSED TIME: 41.879555477000004
++++ QUEUE LENGTH: 142
++++ Solutions: 0
++++ Duplicates: 0
++++ Node number: 230
++++ Refinement: ['G(!(min_hits_higher_threshold & min_above_auditing_threshold))', '!(all_samples_above_deferral & min_hits_higher_threshold)', 'G(!(min_hits_higher_threshold & all_samples_above_deferral))', 'G(!(all_samples_above_deferral & min_above_auditing_threshold))', '!(any_sample_below_deferral & min_hits_higher_threshold)', 'G(!(any_sample_below_deferral & min_hits_higher_threshold))', 'G(!(initial_score_above_deferral & min_hits_higher_threshold))', 'G(!(any_sample_below_deferral & initial_score_above_deferral))', '!(min_above_auditing_threshold & any_sample_below_deferral)']
++++ Length: 9
++ Y-SAT CHECK
++ REALIZABILITY CHECK
++ COUNTERSTRATEGY COMPUTATION - REFINEMENT GENERATION

=== COUNTERRUN ===
S1 -> Sf7 -> Sf4


=== INTERPOLANT ===
(any_sample_below_deferral__Sf7 & min_above_auditing_threshold__Sf7)


++++ ELAPSED TIME: 42.064026684
++++ QUEUE LENGTH: 142
++++ Solutions: 0
++++ Duplicates: 0
++++ Node number: 231
++++ Refinement: ['G(!(min_hits_higher_threshold & min_above_auditing_threshold))', '!(all_samples_above_deferral & min_hits_higher_threshold)', 'G(!(min_hits_higher_threshold & all_samples_above_deferral))', 'G(!(all_samples_above_deferral & min_above_auditing_threshold))', '!(any_sample_below_deferral & min_hits_higher_threshold)', 'G(!(any_sample_below_deferral & min_hits_higher_threshold))', 'G(!(initial_score_above_deferral & min_hits_higher_threshold))', 'G(!(any_sample_below_deferral & initial_score_above_deferral))', 'G(!(min_above_auditing_threshold & any_sample_below_deferral))']
++++ Length: 9
++ Y-SAT CHECK
++ REALIZABILITY CHECK
++ COUNTERSTRATEGY COMPUTATION - REFINEMENT GENERATION

=== COUNTERRUN ===
Sf1 -> Sf4


=== INTERPOLANT ===
(all_samples_above_deferral__Sf1 & any_sample_below_deferral__Sf1)


++++ ELAPSED TIME: 42.331175030000004
++++ QUEUE LENGTH: 143
++++ Solutions: 0
++++ Duplicates: 0
++++ Node number: 232
++++ Refinement: ['!(min_hits_higher_threshold & min_above_auditing_threshold)', 'G(!(min_above_auditing_threshold & min_hits_higher_threshold))', 'G(!(min_hits_higher_threshold & all_samples_above_deferral))', 'G(!(min_above_auditing_threshold & all_samples_above_deferral))', 'G(!(min_hits_higher_threshold & any_sample_below_deferral))', '!(initial_score_above_deferral & min_hits_higher_threshold)', 'G(!(initial_score_above_deferral & min_hits_higher_threshold))', '!(initial_score_above_deferral & any_sample_below_deferral)', 'G(!(initial_score_above_deferral & any_sample_below_deferral))', '!(any_sample_below_deferral & min_above_auditing_threshold)']
++++ Length: 10
++ Y-SAT CHECK
++ REALIZABILITY CHECK
++ COUNTERSTRATEGY COMPUTATION - REFINEMENT GENERATION

=== COUNTERRUN ===
S1 -> Sf7 -> Sf4


=== INTERPOLANT ===
(any_sample_below_deferral__Sf7 & min_above_auditing_threshold__Sf7)


++++ ELAPSED TIME: 42.512665589
++++ QUEUE LENGTH: 143
++++ Solutions: 0
++++ Duplicates: 0
++++ Node number: 233
++++ Refinement: ['!(min_hits_higher_threshold & min_above_auditing_threshold)', 'G(!(min_above_auditing_threshold & min_hits_higher_threshold))', 'G(!(min_hits_higher_threshold & all_samples_above_deferral))', 'G(!(min_above_auditing_threshold & all_samples_above_deferral))', 'G(!(min_hits_higher_threshold & any_sample_below_deferral))', '!(initial_score_above_deferral & min_hits_higher_threshold)', 'G(!(initial_score_above_deferral & min_hits_higher_threshold))', '!(initial_score_above_deferral & any_sample_below_deferral)', 'G(!(initial_score_above_deferral & any_sample_below_deferral))', 'G(!(any_sample_below_deferral & min_above_auditing_threshold))']
++++ Length: 10
++ Y-SAT CHECK
++ REALIZABILITY CHECK
++ COUNTERSTRATEGY COMPUTATION - REFINEMENT GENERATION

=== COUNTERRUN ===
Sf3 -> Sf4


=== INTERPOLANT ===
(all_samples_above_deferral__Sf3 & any_sample_below_deferral__Sf3)


++++ ELAPSED TIME: 42.679927147
++++ QUEUE LENGTH: 144
++++ Solutions: 0
++++ Duplicates: 0
++++ Node number: 234
++++ Refinement: ['!(min_hits_higher_threshold & min_above_auditing_threshold)', 'G(!(min_above_auditing_threshold & min_hits_higher_threshold))', 'G(!(min_hits_higher_threshold & all_samples_above_deferral))', 'G(!(min_above_auditing_threshold & all_samples_above_deferral))', 'G(!(min_hits_higher_threshold & any_sample_below_deferral))', '!(initial_score_above_deferral & min_hits_higher_threshold)', 'G(!(initial_score_above_deferral & min_hits_higher_threshold))', 'G(!(initial_score_above_deferral & any_sample_below_deferral))', '!(any_sample_below_deferral & min_above_auditing_threshold)', 'G(!(any_sample_below_deferral & min_above_auditing_threshold))']
++++ Length: 10
++ Y-SAT CHECK
++ REALIZABILITY CHECK
++ COUNTERSTRATEGY COMPUTATION - REFINEMENT GENERATION

=== COUNTERRUN ===
Sf0 -> Sf4


=== INTERPOLANT ===
(all_samples_above_deferral__Sf0 & any_sample_below_deferral__Sf0)


++++ ELAPSED TIME: 42.854744338
++++ QUEUE LENGTH: 145
++++ Solutions: 0
++++ Duplicates: 0
++++ Node number: 235
++++ Refinement: ['!(min_hits_higher_threshold & min_above_auditing_threshold)', 'G(!(min_above_auditing_threshold & min_hits_higher_threshold))', 'G(!(min_hits_higher_threshold & all_samples_above_deferral))', 'G(!(min_above_auditing_threshold & all_samples_above_deferral))', 'G(!(min_hits_higher_threshold & any_sample_below_deferral))', '!(initial_score_above_deferral & min_hits_higher_threshold)', 'G(!(initial_score_above_deferral & min_hits_higher_threshold))', 'G(!(initial_score_above_deferral & any_sample_below_deferral))', 'G(!(any_sample_below_deferral & min_above_auditing_threshold))', '!(any_sample_below_deferral & all_samples_above_deferral)']
++++ Length: 10
++ Y-SAT CHECK
++ REALIZABILITY CHECK
++ COUNTERSTRATEGY COMPUTATION - REFINEMENT GENERATION

=== COUNTERRUN ===
S2 -> Sf6 -> Sf4


=== INTERPOLANT ===
(all_samples_above_deferral__Sf6 & any_sample_below_deferral__Sf6)


++++ ELAPSED TIME: 43.036621946000004
++++ QUEUE LENGTH: 145
++++ Solutions: 0
++++ Duplicates: 0
++++ Node number: 236
++++ Refinement: ['!(min_hits_higher_threshold & min_above_auditing_threshold)', 'G(!(min_above_auditing_threshold & min_hits_higher_threshold))', 'G(!(min_hits_higher_threshold & all_samples_above_deferral))', 'G(!(min_above_auditing_threshold & all_samples_above_deferral))', 'G(!(min_hits_higher_threshold & any_sample_below_deferral))', '!(initial_score_above_deferral & min_hits_higher_threshold)', 'G(!(initial_score_above_deferral & min_hits_higher_threshold))', 'G(!(initial_score_above_deferral & any_sample_below_deferral))', 'G(!(any_sample_below_deferral & min_above_auditing_threshold))', 'G(!(any_sample_below_deferral & all_samples_above_deferral))']
++++ Length: 10
++ Y-SAT CHECK
++ REALIZABILITY CHECK
++ COUNTERSTRATEGY COMPUTATION - REFINEMENT GENERATION

=== COUNTERRUN ===
Sf0 -> Sf4


=== INTERPOLANT ===
(initial_score_above_deferral__Sf0 & min_above_auditing_threshold__Sf0)


++++ ELAPSED TIME: 43.220326876
++++ QUEUE LENGTH: 146
++++ Solutions: 0
++++ Duplicates: 0
++++ Node number: 237
++++ Refinement: ['!(min_hits_higher_threshold & min_above_auditing_threshold)', 'G(!(min_above_auditing_threshold & min_hits_higher_threshold))', 'G(!(min_hits_higher_threshold & all_samples_above_deferral))', 'G(!(min_above_auditing_threshold & all_samples_above_deferral))', 'G(!(min_hits_higher_threshold & any_sample_below_deferral))', 'G(!(initial_score_above_deferral & min_hits_higher_threshold))', '!(initial_score_above_deferral & any_sample_below_deferral)', 'G(!(any_sample_below_deferral & initial_score_above_deferral))', '!(any_sample_below_deferral & min_above_auditing_threshold)', 'G(!(min_above_auditing_threshold & any_sample_below_deferral))']
++++ Length: 10
++ Y-SAT CHECK
++ REALIZABILITY CHECK
++ COUNTERSTRATEGY COMPUTATION - REFINEMENT GENERATION

=== COUNTERRUN ===
Sf0 -> Sf4


=== INTERPOLANT ===
(all_samples_above_deferral__Sf0 & any_sample_below_deferral__Sf0)


++++ ELAPSED TIME: 43.390629489
++++ QUEUE LENGTH: 147
++++ Solutions: 0
++++ Duplicates: 0
++++ Node number: 238
++++ Refinement: ['!(min_hits_higher_threshold & min_above_auditing_threshold)', 'G(!(min_above_auditing_threshold & min_hits_higher_threshold))', 'G(!(min_hits_higher_threshold & all_samples_above_deferral))', 'G(!(min_above_auditing_threshold & all_samples_above_deferral))', 'G(!(min_hits_higher_threshold & any_sample_below_deferral))', 'G(!(initial_score_above_deferral & min_hits_higher_threshold))', '!(initial_score_above_deferral & any_sample_below_deferral)', 'G(!(any_sample_below_deferral & initial_score_above_deferral))', 'G(!(any_sample_below_deferral & min_above_auditing_threshold))', '!(any_sample_below_deferral & all_samples_above_deferral)']
++++ Length: 10
++ Y-SAT CHECK
++ REALIZABILITY CHECK
++ COUNTERSTRATEGY COMPUTATION - REFINEMENT GENERATION

=== COUNTERRUN ===
S1 -> Sf7 -> Sf4


=== INTERPOLANT ===
(all_samples_above_deferral__Sf7 & any_sample_below_deferral__Sf7)


++++ ELAPSED TIME: 43.578610726
++++ QUEUE LENGTH: 147
++++ Solutions: 0
++++ Duplicates: 0
++++ Node number: 239
++++ Refinement: ['!(min_hits_higher_threshold & min_above_auditing_threshold)', 'G(!(min_above_auditing_threshold & min_hits_higher_threshold))', 'G(!(min_hits_higher_threshold & all_samples_above_deferral))', 'G(!(min_above_auditing_threshold & all_samples_above_deferral))', 'G(!(min_hits_higher_threshold & any_sample_below_deferral))', 'G(!(initial_score_above_deferral & min_hits_higher_threshold))', '!(initial_score_above_deferral & any_sample_below_deferral)', 'G(!(any_sample_below_deferral & initial_score_above_deferral))', 'G(!(any_sample_below_deferral & min_above_auditing_threshold))', 'G(!(any_sample_below_deferral & all_samples_above_deferral))']
++++ Length: 10
++ Y-SAT CHECK
++ REALIZABILITY CHECK
++ COUNTERSTRATEGY COMPUTATION - REFINEMENT GENERATION

=== COUNTERRUN ===
Sf3 -> Sf4


=== INTERPOLANT ===
(initial_score_above_deferral__Sf3 & min_above_auditing_threshold__Sf3)


++++ ELAPSED TIME: 43.748192653000004
++++ QUEUE LENGTH: 148
++++ Solutions: 0
++++ Duplicates: 0
++++ Node number: 240
++++ Refinement: ['!(min_hits_higher_threshold & min_above_auditing_threshold)', 'G(!(min_above_auditing_threshold & min_hits_higher_threshold))', 'G(!(min_hits_higher_threshold & all_samples_above_deferral))', 'G(!(min_above_auditing_threshold & all_samples_above_deferral))', 'G(!(min_hits_higher_threshold & any_sample_below_deferral))', 'G(!(initial_score_above_deferral & min_hits_higher_threshold))', 'G(!(initial_score_above_deferral & any_sample_below_deferral))', '!(any_sample_below_deferral & min_above_auditing_threshold)', 'G(!(any_sample_below_deferral & min_above_auditing_threshold))', '!(any_sample_below_deferral & all_samples_above_deferral)']
++++ Length: 10
++ Y-SAT CHECK
++ REALIZABILITY CHECK
++ COUNTERSTRATEGY COMPUTATION - REFINEMENT GENERATION

=== COUNTERRUN ===
S0 -> Sf7 -> Sf4


=== INTERPOLANT ===
(all_samples_above_deferral__Sf7 & any_sample_below_deferral__Sf7)


++++ ELAPSED TIME: 43.932160321
++++ QUEUE LENGTH: 148
++++ Solutions: 0
++++ Duplicates: 0
++++ Node number: 241
++++ Refinement: ['!(min_hits_higher_threshold & min_above_auditing_threshold)', 'G(!(min_above_auditing_threshold & min_hits_higher_threshold))', 'G(!(min_hits_higher_threshold & all_samples_above_deferral))', 'G(!(min_above_auditing_threshold & all_samples_above_deferral))', 'G(!(min_hits_higher_threshold & any_sample_below_deferral))', 'G(!(initial_score_above_deferral & min_hits_higher_threshold))', 'G(!(initial_score_above_deferral & any_sample_below_deferral))', '!(any_sample_below_deferral & min_above_auditing_threshold)', 'G(!(any_sample_below_deferral & min_above_auditing_threshold))', 'G(!(any_sample_below_deferral & all_samples_above_deferral))']
++++ Length: 10
++ Y-SAT CHECK
++ REALIZABILITY CHECK
++ COUNTERSTRATEGY COMPUTATION - REFINEMENT GENERATION

=== COUNTERRUN ===
Sf0 -> Sf4


=== INTERPOLANT ===
(initial_score_above_deferral__Sf0 & min_above_auditing_threshold__Sf0)


++++ ELAPSED TIME: 44.106386026
++++ QUEUE LENGTH: 149
++++ Solutions: 0
++++ Duplicates: 0
++++ Node number: 242
++++ Refinement: ['!(min_hits_higher_threshold & min_above_auditing_threshold)', 'G(!(min_above_auditing_threshold & min_hits_higher_threshold))', 'G(!(min_hits_higher_threshold & all_samples_above_deferral))', 'G(!(min_above_auditing_threshold & all_samples_above_deferral))', 'G(!(min_hits_higher_threshold & any_sample_below_deferral))', 'G(!(initial_score_above_deferral & min_hits_higher_threshold))', 'G(!(initial_score_above_deferral & any_sample_below_deferral))', 'G(!(any_sample_below_deferral & min_above_auditing_threshold))', '!(any_sample_below_deferral & all_samples_above_deferral)', 'G(!(any_sample_below_deferral & all_samples_above_deferral))']
++++ Length: 10
++ Y-SAT CHECK
++ REALIZABILITY CHECK
++ COUNTERSTRATEGY COMPUTATION - REFINEMENT GENERATION

=== COUNTERRUN ===
Sf0 -> Sf4


=== INTERPOLANT ===
(initial_score_above_deferral__Sf0 & min_above_auditing_threshold__Sf0)


++++ ELAPSED TIME: 44.271602083000005
++++ QUEUE LENGTH: 150
++++ Solutions: 0
++++ Duplicates: 0
++++ Node number: 243
++++ Refinement: ['!(min_hits_higher_threshold & min_above_auditing_threshold)', 'G(!(min_above_auditing_threshold & min_hits_higher_threshold))', 'G(!(min_hits_higher_threshold & all_samples_above_deferral))', 'G(!(min_above_auditing_threshold & all_samples_above_deferral))', 'G(!(min_hits_higher_threshold & any_sample_below_deferral))', 'G(!(initial_score_above_deferral & min_hits_higher_threshold))', 'G(!(initial_score_above_deferral & any_sample_below_deferral))', 'G(!(any_sample_below_deferral & min_above_auditing_threshold))', 'G(!(any_sample_below_deferral & all_samples_above_deferral))', 'G(!(min_above_auditing_threshold & initial_score_above_deferral))']
++++ Length: 10
++ Y-SAT CHECK
++ REALIZABILITY CHECK
++ COUNTERSTRATEGY COMPUTATION - REFINEMENT GENERATION

=== COUNTERRUN ===
Sf2 -> Sf4


=== INTERPOLANT ===
(all_samples_above_deferral__Sf2 & initial_score_above_deferral__Sf2)


++++ ELAPSED TIME: 44.444746999
++++ QUEUE LENGTH: 151
++++ Solutions: 0
++++ Duplicates: 0
++++ Node number: 244
++++ Refinement: ['!(min_hits_higher_threshold & min_above_auditing_threshold)', 'G(!(min_above_auditing_threshold & min_hits_higher_threshold))', 'G(!(min_hits_higher_threshold & all_samples_above_deferral))', 'G(!(min_above_auditing_threshold & all_samples_above_deferral))', 'G(!(min_hits_higher_threshold & any_sample_below_deferral))', 'G(!(initial_score_above_deferral & min_hits_higher_threshold))', 'G(!(initial_score_above_deferral & any_sample_below_deferral))', 'G(!(any_sample_below_deferral & min_above_auditing_threshold))', 'G(!(any_sample_below_deferral & all_samples_above_deferral))', '!(min_above_auditing_threshold & initial_score_above_deferral)']
++++ Length: 10
++ Y-SAT CHECK
++ REALIZABILITY CHECK
++ COUNTERSTRATEGY COMPUTATION - REFINEMENT GENERATION

=== COUNTERRUN ===
S1 -> Sf7 -> Sf4


=== INTERPOLANT ===
(initial_score_above_deferral__Sf7 & min_above_auditing_threshold__Sf7)


++++ ELAPSED TIME: 44.629626889
++++ QUEUE LENGTH: 151
++++ Solutions: 0
++++ Duplicates: 0
++++ Node number: 245
++++ Refinement: ['!(min_hits_higher_threshold & min_above_auditing_threshold)', 'G(!(min_above_auditing_threshold & min_hits_higher_threshold))', 'G(!(min_hits_higher_threshold & all_samples_above_deferral))', 'G(!(min_above_auditing_threshold & all_samples_above_deferral))', '!(min_hits_higher_threshold & any_sample_below_deferral)', 'G(!(min_hits_higher_threshold & any_sample_below_deferral))', '!(initial_score_above_deferral & min_hits_higher_threshold)', 'G(!(initial_score_above_deferral & min_hits_higher_threshold))', '!(initial_score_above_deferral & any_sample_below_deferral)', 'G(!(initial_score_above_deferral & any_sample_below_deferral))']
++++ Length: 10
++ Y-SAT CHECK
++ REALIZABILITY CHECK
++ COUNTERSTRATEGY COMPUTATION - REFINEMENT GENERATION

=== COUNTERRUN ===
Sf3 -> Sf4


=== INTERPOLANT ===
(any_sample_below_deferral__Sf3 & min_above_auditing_threshold__Sf3)


++++ ELAPSED TIME: 44.811791853
++++ QUEUE LENGTH: 152
++++ Solutions: 0
++++ Duplicates: 0
++++ Node number: 246
++++ Refinement: ['!(min_hits_higher_threshold & min_above_auditing_threshold)', 'G(!(min_above_auditing_threshold & min_hits_higher_threshold))', 'G(!(min_hits_higher_threshold & all_samples_above_deferral))', 'G(!(min_above_auditing_threshold & all_samples_above_deferral))', '!(min_hits_higher_threshold & any_sample_below_deferral)', 'G(!(min_hits_higher_threshold & any_sample_below_deferral))', '!(initial_score_above_deferral & min_hits_higher_threshold)', 'G(!(initial_score_above_deferral & min_hits_higher_threshold))', 'G(!(initial_score_above_deferral & any_sample_below_deferral))', '!(any_sample_below_deferral & min_above_auditing_threshold)']
++++ Length: 10
++ Y-SAT CHECK
++ REALIZABILITY CHECK
++ COUNTERSTRATEGY COMPUTATION - REFINEMENT GENERATION

=== COUNTERRUN ===
S1 -> Sf8 -> Sf4


=== INTERPOLANT ===
(any_sample_below_deferral__Sf8 & min_above_auditing_threshold__Sf8)


++++ ELAPSED TIME: 44.996664942
++++ QUEUE LENGTH: 152
++++ Solutions: 0
++++ Duplicates: 0
++++ Node number: 247
++++ Refinement: ['!(min_hits_higher_threshold & min_above_auditing_threshold)', 'G(!(min_above_auditing_threshold & min_hits_higher_threshold))', 'G(!(min_hits_higher_threshold & all_samples_above_deferral))', 'G(!(min_above_auditing_threshold & all_samples_above_deferral))', '!(min_hits_higher_threshold & any_sample_below_deferral)', 'G(!(min_hits_higher_threshold & any_sample_below_deferral))', '!(initial_score_above_deferral & min_hits_higher_threshold)', 'G(!(initial_score_above_deferral & min_hits_higher_threshold))', 'G(!(initial_score_above_deferral & any_sample_below_deferral))', 'G(!(any_sample_below_deferral & min_above_auditing_threshold))']
++++ Length: 10
++ Y-SAT CHECK
++ REALIZABILITY CHECK
++ COUNTERSTRATEGY COMPUTATION - REFINEMENT GENERATION

=== COUNTERRUN ===
Sf1 -> Sf4


=== INTERPOLANT ===
(all_samples_above_deferral__Sf1 & any_sample_below_deferral__Sf1)


++++ ELAPSED TIME: 45.179332564
++++ QUEUE LENGTH: 153
++++ Solutions: 0
++++ Duplicates: 0
++++ Node number: 248
++++ Refinement: ['!(min_hits_higher_threshold & min_above_auditing_threshold)', 'G(!(min_above_auditing_threshold & min_hits_higher_threshold))', 'G(!(min_hits_higher_threshold & all_samples_above_deferral))', 'G(!(min_above_auditing_threshold & all_samples_above_deferral))', '!(min_hits_higher_threshold & any_sample_below_deferral)', 'G(!(min_hits_higher_threshold & any_sample_below_deferral))', 'G(!(initial_score_above_deferral & min_hits_higher_threshold))', '!(any_sample_below_deferral & initial_score_above_deferral)', 'G(!(any_sample_below_deferral & initial_score_above_deferral))', '!(min_above_auditing_threshold & any_sample_below_deferral)']
++++ Length: 10
++ Y-SAT CHECK
++ REALIZABILITY CHECK
++ COUNTERSTRATEGY COMPUTATION - REFINEMENT GENERATION

=== COUNTERRUN ===
S1 -> Sf7 -> Sf4


=== INTERPOLANT ===
(any_sample_below_deferral__Sf7 & min_above_auditing_threshold__Sf7)


++++ ELAPSED TIME: 45.367258897
++++ QUEUE LENGTH: 153
++++ Solutions: 0
++++ Duplicates: 0
++++ Node number: 249
++++ Refinement: ['!(min_hits_higher_threshold & min_above_auditing_threshold)', 'G(!(min_above_auditing_threshold & min_hits_higher_threshold))', 'G(!(min_hits_higher_threshold & all_samples_above_deferral))', 'G(!(min_above_auditing_threshold & all_samples_above_deferral))', '!(min_hits_higher_threshold & any_sample_below_deferral)', 'G(!(min_hits_higher_threshold & any_sample_below_deferral))', 'G(!(initial_score_above_deferral & min_hits_higher_threshold))', '!(any_sample_below_deferral & initial_score_above_deferral)', 'G(!(any_sample_below_deferral & initial_score_above_deferral))', 'G(!(min_above_auditing_threshold & any_sample_below_deferral))']
++++ Length: 10
++ Y-SAT CHECK
++ REALIZABILITY CHECK
++ COUNTERSTRATEGY COMPUTATION - REFINEMENT GENERATION

=== COUNTERRUN ===
Sf2 -> Sf4


=== INTERPOLANT ===
(all_samples_above_deferral__Sf2 & any_sample_below_deferral__Sf2)


++++ ELAPSED TIME: 45.536084467
++++ QUEUE LENGTH: 154
++++ Solutions: 0
++++ Duplicates: 0
++++ Node number: 250
++++ Refinement: ['!(min_hits_higher_threshold & min_above_auditing_threshold)', 'G(!(min_above_auditing_threshold & min_hits_higher_threshold))', 'G(!(min_hits_higher_threshold & all_samples_above_deferral))', 'G(!(min_above_auditing_threshold & all_samples_above_deferral))', '!(min_hits_higher_threshold & any_sample_below_deferral)', 'G(!(min_hits_higher_threshold & any_sample_below_deferral))', 'G(!(initial_score_above_deferral & min_hits_higher_threshold))', 'G(!(any_sample_below_deferral & initial_score_above_deferral))', '!(any_sample_below_deferral & min_above_auditing_threshold)', 'G(!(any_sample_below_deferral & min_above_auditing_threshold))']
++++ Length: 10
++ Y-SAT CHECK
++ REALIZABILITY CHECK
++ COUNTERSTRATEGY COMPUTATION - REFINEMENT GENERATION

=== COUNTERRUN ===
Sf3 -> Sf4


=== INTERPOLANT ===
(all_samples_above_deferral__Sf3 & any_sample_below_deferral__Sf3)


++++ ELAPSED TIME: 45.702878670000004
++++ QUEUE LENGTH: 155
++++ Solutions: 0
++++ Duplicates: 0
++++ Node number: 251
++++ Refinement: ['!(min_hits_higher_threshold & min_above_auditing_threshold)', 'G(!(min_above_auditing_threshold & min_hits_higher_threshold))', 'G(!(min_hits_higher_threshold & all_samples_above_deferral))', 'G(!(min_above_auditing_threshold & all_samples_above_deferral))', '!(min_hits_higher_threshold & any_sample_below_deferral)', 'G(!(min_hits_higher_threshold & any_sample_below_deferral))', 'G(!(initial_score_above_deferral & min_hits_higher_threshold))', 'G(!(any_sample_below_deferral & initial_score_above_deferral))', 'G(!(any_sample_below_deferral & min_above_auditing_threshold))', 'G(!(all_samples_above_deferral & any_sample_below_deferral))']
++++ Length: 10
++ Y-SAT CHECK
++ REALIZABILITY CHECK
++ COUNTERSTRATEGY COMPUTATION - REFINEMENT GENERATION

=== COUNTERRUN ===
Sf1 -> Sf4


=== INTERPOLANT ===
(initial_score_above_deferral__Sf1 & min_above_auditing_threshold__Sf1)


++++ ELAPSED TIME: 45.983838969000004
++++ QUEUE LENGTH: 156
++++ Solutions: 0
++++ Duplicates: 0
++++ Node number: 252
++++ Refinement: ['!(min_hits_higher_threshold & min_above_auditing_threshold)', 'G(!(min_above_auditing_threshold & min_hits_higher_threshold))', 'G(!(min_hits_higher_threshold & all_samples_above_deferral))', 'G(!(min_above_auditing_threshold & all_samples_above_deferral))', '!(min_hits_higher_threshold & any_sample_below_deferral)', 'G(!(min_hits_higher_threshold & any_sample_below_deferral))', 'G(!(initial_score_above_deferral & min_hits_higher_threshold))', 'G(!(any_sample_below_deferral & initial_score_above_deferral))', 'G(!(any_sample_below_deferral & min_above_auditing_threshold))', '!(all_samples_above_deferral & any_sample_below_deferral)']
++++ Length: 10
++ Y-SAT CHECK
++ REALIZABILITY CHECK
++ COUNTERSTRATEGY COMPUTATION - REFINEMENT GENERATION

=== COUNTERRUN ===
S2 -> Sf8 -> Sf4


=== INTERPOLANT ===
(all_samples_above_deferral__Sf8 & any_sample_below_deferral__Sf8)


++++ ELAPSED TIME: 46.169271375
++++ QUEUE LENGTH: 156
++++ Solutions: 0
++++ Duplicates: 0
++++ Node number: 253
++++ Refinement: ['!(min_hits_higher_threshold & min_above_auditing_threshold)', 'G(!(min_above_auditing_threshold & min_hits_higher_threshold))', 'G(!(min_hits_higher_threshold & all_samples_above_deferral))', '!(min_above_auditing_threshold & all_samples_above_deferral)', 'G(!(all_samples_above_deferral & min_above_auditing_threshold))', 'G(!(min_hits_higher_threshold & any_sample_below_deferral))', '!(initial_score_above_deferral & min_hits_higher_threshold)', 'G(!(min_hits_higher_threshold & initial_score_above_deferral))', '!(any_sample_below_deferral & initial_score_above_deferral)', 'G(!(initial_score_above_deferral & any_sample_below_deferral))']
++++ Length: 10
++ Y-SAT CHECK
++ REALIZABILITY CHECK
++ COUNTERSTRATEGY COMPUTATION - REFINEMENT GENERATION

=== COUNTERRUN ===
Sf1 -> Sf4


=== INTERPOLANT ===
(any_sample_below_deferral__Sf1 & min_above_auditing_threshold__Sf1)


++++ ELAPSED TIME: 46.345670413
++++ QUEUE LENGTH: 157
++++ Solutions: 0
++++ Duplicates: 0
++++ Node number: 254
++++ Refinement: ['!(min_hits_higher_threshold & min_above_auditing_threshold)', 'G(!(min_above_auditing_threshold & min_hits_higher_threshold))', 'G(!(min_hits_higher_threshold & all_samples_above_deferral))', '!(min_above_auditing_threshold & all_samples_above_deferral)', 'G(!(all_samples_above_deferral & min_above_auditing_threshold))', 'G(!(min_hits_higher_threshold & any_sample_below_deferral))', '!(initial_score_above_deferral & min_hits_higher_threshold)', 'G(!(min_hits_higher_threshold & initial_score_above_deferral))', 'G(!(any_sample_below_deferral & initial_score_above_deferral))', '!(any_sample_below_deferral & min_above_auditing_threshold)']
++++ Length: 10
++ Y-SAT CHECK
++ REALIZABILITY CHECK
++ COUNTERSTRATEGY COMPUTATION - REFINEMENT GENERATION

=== COUNTERRUN ===
S2 -> Sf8 -> Sf4


=== INTERPOLANT ===
(any_sample_below_deferral__Sf8 & min_above_auditing_threshold__Sf8)


++++ ELAPSED TIME: 46.524527337
++++ QUEUE LENGTH: 157
++++ Solutions: 0
++++ Duplicates: 0
++++ Node number: 255
++++ Refinement: ['!(min_hits_higher_threshold & min_above_auditing_threshold)', 'G(!(min_above_auditing_threshold & min_hits_higher_threshold))', 'G(!(min_hits_higher_threshold & all_samples_above_deferral))', '!(min_above_auditing_threshold & all_samples_above_deferral)', 'G(!(all_samples_above_deferral & min_above_auditing_threshold))', 'G(!(min_hits_higher_threshold & any_sample_below_deferral))', '!(initial_score_above_deferral & min_hits_higher_threshold)', 'G(!(min_hits_higher_threshold & initial_score_above_deferral))', 'G(!(any_sample_below_deferral & initial_score_above_deferral))', 'G(!(any_sample_below_deferral & min_above_auditing_threshold))']
++++ Length: 10
++ Y-SAT CHECK
++ REALIZABILITY CHECK
++ COUNTERSTRATEGY COMPUTATION - REFINEMENT GENERATION

=== COUNTERRUN ===
Sf1 -> Sf4


=== INTERPOLANT ===
(all_samples_above_deferral__Sf1 & any_sample_below_deferral__Sf1)


++++ ELAPSED TIME: 46.692759719
++++ QUEUE LENGTH: 158
++++ Solutions: 0
++++ Duplicates: 0
++++ Node number: 256
++++ Refinement: ['!(min_hits_higher_threshold & min_above_auditing_threshold)', 'G(!(min_above_auditing_threshold & min_hits_higher_threshold))', 'G(!(min_hits_higher_threshold & all_samples_above_deferral))', '!(min_above_auditing_threshold & all_samples_above_deferral)', 'G(!(all_samples_above_deferral & min_above_auditing_threshold))', 'G(!(min_hits_higher_threshold & any_sample_below_deferral))', 'G(!(initial_score_above_deferral & min_hits_higher_threshold))', '!(any_sample_below_deferral & initial_score_above_deferral)', 'G(!(any_sample_below_deferral & initial_score_above_deferral))', '!(min_above_auditing_threshold & any_sample_below_deferral)']
++++ Length: 10
++ Y-SAT CHECK
++ REALIZABILITY CHECK
++ COUNTERSTRATEGY COMPUTATION - REFINEMENT GENERATION

=== COUNTERRUN ===
S0 -> Sf6 -> Sf4


=== INTERPOLANT ===
(any_sample_below_deferral__Sf6 & min_above_auditing_threshold__Sf6)


++++ ELAPSED TIME: 46.886792782
++++ QUEUE LENGTH: 158
++++ Solutions: 0
++++ Duplicates: 0
++++ Node number: 257
++++ Refinement: ['!(min_hits_higher_threshold & min_above_auditing_threshold)', 'G(!(min_above_auditing_threshold & min_hits_higher_threshold))', 'G(!(min_hits_higher_threshold & all_samples_above_deferral))', '!(min_above_auditing_threshold & all_samples_above_deferral)', 'G(!(all_samples_above_deferral & min_above_auditing_threshold))', 'G(!(min_hits_higher_threshold & any_sample_below_deferral))', 'G(!(initial_score_above_deferral & min_hits_higher_threshold))', '!(any_sample_below_deferral & initial_score_above_deferral)', 'G(!(any_sample_below_deferral & initial_score_above_deferral))', 'G(!(min_above_auditing_threshold & any_sample_below_deferral))']
++++ Length: 10
++ Y-SAT CHECK
++ REALIZABILITY CHECK
++ COUNTERSTRATEGY COMPUTATION - REFINEMENT GENERATION

=== COUNTERRUN ===
Sf3 -> Sf4


=== INTERPOLANT ===
(all_samples_above_deferral__Sf3 & any_sample_below_deferral__Sf3)


++++ ELAPSED TIME: 47.05525695
++++ QUEUE LENGTH: 159
++++ Solutions: 0
++++ Duplicates: 0
++++ Node number: 258
++++ Refinement: ['!(min_hits_higher_threshold & min_above_auditing_threshold)', 'G(!(min_above_auditing_threshold & min_hits_higher_threshold))', 'G(!(min_hits_higher_threshold & all_samples_above_deferral))', '!(min_above_auditing_threshold & all_samples_above_deferral)', 'G(!(all_samples_above_deferral & min_above_auditing_threshold))', 'G(!(min_hits_higher_threshold & any_sample_below_deferral))', 'G(!(initial_score_above_deferral & min_hits_higher_threshold))', 'G(!(any_sample_below_deferral & initial_score_above_deferral))', '!(min_above_auditing_threshold & any_sample_below_deferral)', 'G(!(min_above_auditing_threshold & any_sample_below_deferral))']
++++ Length: 10
++ Y-SAT CHECK
++ REALIZABILITY CHECK
++ COUNTERSTRATEGY COMPUTATION - REFINEMENT GENERATION

=== COUNTERRUN ===
Sf2 -> Sf4


=== INTERPOLANT ===
(all_samples_above_deferral__Sf2 & any_sample_below_deferral__Sf2)


++++ ELAPSED TIME: 47.238254694
++++ QUEUE LENGTH: 160
++++ Solutions: 0
++++ Duplicates: 0
++++ Node number: 259
++++ Refinement: ['!(min_hits_higher_threshold & min_above_auditing_threshold)', 'G(!(min_above_auditing_threshold & min_hits_higher_threshold))', 'G(!(min_hits_higher_threshold & all_samples_above_deferral))', '!(min_above_auditing_threshold & all_samples_above_deferral)', 'G(!(all_samples_above_deferral & min_above_auditing_threshold))', 'G(!(min_hits_higher_threshold & any_sample_below_deferral))', 'G(!(initial_score_above_deferral & min_hits_higher_threshold))', 'G(!(any_sample_below_deferral & initial_score_above_deferral))', 'G(!(min_above_auditing_threshold & any_sample_below_deferral))', 'G(!(all_samples_above_deferral & any_sample_below_deferral))']
++++ Length: 10
++ Y-SAT CHECK
++ REALIZABILITY CHECK
++ COUNTERSTRATEGY COMPUTATION - REFINEMENT GENERATION

=== COUNTERRUN ===
Sf3 -> Sf4


=== INTERPOLANT ===
(initial_score_above_deferral__Sf3 & min_above_auditing_threshold__Sf3)


++++ ELAPSED TIME: 47.405990095
++++ QUEUE LENGTH: 161
++++ Solutions: 0
++++ Duplicates: 0
++++ Node number: 260
++++ Refinement: ['!(min_hits_higher_threshold & min_above_auditing_threshold)', 'G(!(min_above_auditing_threshold & min_hits_higher_threshold))', 'G(!(min_hits_higher_threshold & all_samples_above_deferral))', '!(min_above_auditing_threshold & all_samples_above_deferral)', 'G(!(all_samples_above_deferral & min_above_auditing_threshold))', 'G(!(min_hits_higher_threshold & any_sample_below_deferral))', 'G(!(initial_score_above_deferral & min_hits_higher_threshold))', 'G(!(any_sample_below_deferral & initial_score_above_deferral))', 'G(!(min_above_auditing_threshold & any_sample_below_deferral))', '!(all_samples_above_deferral & any_sample_below_deferral)']
++++ Length: 10
++ Y-SAT CHECK
++ REALIZABILITY CHECK
++ COUNTERSTRATEGY COMPUTATION - REFINEMENT GENERATION

=== COUNTERRUN ===
S2 -> Sf8 -> Sf4


=== INTERPOLANT ===
(all_samples_above_deferral__Sf8 & any_sample_below_deferral__Sf8)


++++ ELAPSED TIME: 47.596030177
++++ QUEUE LENGTH: 161
++++ Solutions: 0
++++ Duplicates: 0
++++ Node number: 261
++++ Refinement: ['!(min_hits_higher_threshold & min_above_auditing_threshold)', 'G(!(min_above_auditing_threshold & min_hits_higher_threshold))', 'G(!(min_hits_higher_threshold & all_samples_above_deferral))', '!(min_above_auditing_threshold & all_samples_above_deferral)', 'G(!(all_samples_above_deferral & min_above_auditing_threshold))', '!(min_hits_higher_threshold & any_sample_below_deferral)', 'G(!(any_sample_below_deferral & min_hits_higher_threshold))', '!(initial_score_above_deferral & min_hits_higher_threshold)', 'G(!(min_hits_higher_threshold & initial_score_above_deferral))', '!(any_sample_below_deferral & initial_score_above_deferral)']
++++ Length: 10
++ Y-SAT CHECK
++ REALIZABILITY CHECK
++ COUNTERSTRATEGY COMPUTATION - REFINEMENT GENERATION

=== COUNTERRUN ===
S0 -> Sf5 -> Sf4


=== INTERPOLANT ===
(any_sample_below_deferral__Sf5 & initial_score_above_deferral__Sf5)


++++ ELAPSED TIME: 47.775966295
++++ QUEUE LENGTH: 161
++++ Solutions: 0
++++ Duplicates: 0
++++ Node number: 262
++++ Refinement: ['!(min_hits_higher_threshold & min_above_auditing_threshold)', 'G(!(min_above_auditing_threshold & min_hits_higher_threshold))', 'G(!(min_hits_higher_threshold & all_samples_above_deferral))', '!(min_above_auditing_threshold & all_samples_above_deferral)', 'G(!(all_samples_above_deferral & min_above_auditing_threshold))', '!(min_hits_higher_threshold & any_sample_below_deferral)', 'G(!(any_sample_below_deferral & min_hits_higher_threshold))', '!(initial_score_above_deferral & min_hits_higher_threshold)', 'G(!(min_hits_higher_threshold & initial_score_above_deferral))', 'G(!(any_sample_below_deferral & initial_score_above_deferral))']
++++ Length: 10
++ Y-SAT CHECK
++ REALIZABILITY CHECK
++ COUNTERSTRATEGY COMPUTATION - REFINEMENT GENERATION

=== COUNTERRUN ===
Sf3 -> Sf4


=== INTERPOLANT ===
(any_sample_below_deferral__Sf3 & min_above_auditing_threshold__Sf3)


++++ ELAPSED TIME: 47.949990474
++++ QUEUE LENGTH: 162
++++ Solutions: 0
++++ Duplicates: 0
++++ Node number: 263
++++ Refinement: ['!(min_hits_higher_threshold & min_above_auditing_threshold)', 'G(!(min_above_auditing_threshold & min_hits_higher_threshold))', 'G(!(min_hits_higher_threshold & all_samples_above_deferral))', '!(min_above_auditing_threshold & all_samples_above_deferral)', 'G(!(all_samples_above_deferral & min_above_auditing_threshold))', '!(min_hits_higher_threshold & any_sample_below_deferral)', 'G(!(any_sample_below_deferral & min_hits_higher_threshold))', 'G(!(initial_score_above_deferral & min_hits_higher_threshold))', '!(initial_score_above_deferral & any_sample_below_deferral)', 'G(!(any_sample_below_deferral & initial_score_above_deferral))']
++++ Length: 10
++ Y-SAT CHECK
++ REALIZABILITY CHECK
++ COUNTERSTRATEGY COMPUTATION - REFINEMENT GENERATION

=== COUNTERRUN ===
Sf0 -> Sf4


=== INTERPOLANT ===
(any_sample_below_deferral__Sf0 & min_above_auditing_threshold__Sf0)


++++ ELAPSED TIME: 48.139933635
++++ QUEUE LENGTH: 163
++++ Solutions: 0
++++ Duplicates: 0
++++ Node number: 264
++++ Refinement: ['!(min_hits_higher_threshold & min_above_auditing_threshold)', 'G(!(min_above_auditing_threshold & min_hits_higher_threshold))', 'G(!(min_hits_higher_threshold & all_samples_above_deferral))', '!(min_above_auditing_threshold & all_samples_above_deferral)', 'G(!(all_samples_above_deferral & min_above_auditing_threshold))', '!(min_hits_higher_threshold & any_sample_below_deferral)', 'G(!(any_sample_below_deferral & min_hits_higher_threshold))', 'G(!(initial_score_above_deferral & min_hits_higher_threshold))', 'G(!(initial_score_above_deferral & any_sample_below_deferral))', '!(any_sample_below_deferral & min_above_auditing_threshold)']
++++ Length: 10
++ Y-SAT CHECK
++ REALIZABILITY CHECK
++ COUNTERSTRATEGY COMPUTATION - REFINEMENT GENERATION

=== COUNTERRUN ===
S0 -> Sf8 -> Sf4


=== INTERPOLANT ===
(any_sample_below_deferral__Sf8 & min_above_auditing_threshold__Sf8)


++++ ELAPSED TIME: 48.345386497
++++ QUEUE LENGTH: 163
++++ Solutions: 0
++++ Duplicates: 0
++++ Node number: 265
++++ Refinement: ['!(min_hits_higher_threshold & min_above_auditing_threshold)', 'G(!(min_above_auditing_threshold & min_hits_higher_threshold))', 'G(!(min_hits_higher_threshold & all_samples_above_deferral))', '!(min_above_auditing_threshold & all_samples_above_deferral)', 'G(!(all_samples_above_deferral & min_above_auditing_threshold))', '!(min_hits_higher_threshold & any_sample_below_deferral)', 'G(!(any_sample_below_deferral & min_hits_higher_threshold))', 'G(!(initial_score_above_deferral & min_hits_higher_threshold))', 'G(!(initial_score_above_deferral & any_sample_below_deferral))', 'G(!(any_sample_below_deferral & min_above_auditing_threshold))']
++++ Length: 10
++ Y-SAT CHECK
++ REALIZABILITY CHECK
++ COUNTERSTRATEGY COMPUTATION - REFINEMENT GENERATION

=== COUNTERRUN ===
Sf2 -> Sf4


=== INTERPOLANT ===
(all_samples_above_deferral__Sf2 & any_sample_below_deferral__Sf2)


++++ ELAPSED TIME: 48.532504603
++++ QUEUE LENGTH: 164
++++ Solutions: 0
++++ Duplicates: 0
++++ Node number: 266
++++ Refinement: ['!(min_hits_higher_threshold & min_above_auditing_threshold)', 'G(!(min_above_auditing_threshold & min_hits_higher_threshold))', '!(min_hits_higher_threshold & all_samples_above_deferral)', 'G(!(all_samples_above_deferral & min_hits_higher_threshold))', '!(all_samples_above_deferral & min_above_auditing_threshold)', 'G(!(min_above_auditing_threshold & all_samples_above_deferral))', 'G(!(any_sample_below_deferral & min_hits_higher_threshold))', '!(initial_score_above_deferral & min_hits_higher_threshold)', 'G(!(initial_score_above_deferral & min_hits_higher_threshold))', '!(any_sample_below_deferral & initial_score_above_deferral)']
++++ Length: 10
++ Y-SAT CHECK
++ REALIZABILITY CHECK
++ COUNTERSTRATEGY COMPUTATION - REFINEMENT GENERATION

=== COUNTERRUN ===
S1 -> Sf8 -> Sf4


=== INTERPOLANT ===
(any_sample_below_deferral__Sf8 & initial_score_above_deferral__Sf8)


++++ ELAPSED TIME: 48.723323723
++++ QUEUE LENGTH: 164
++++ Solutions: 0
++++ Duplicates: 0
++++ Node number: 267
++++ Refinement: ['!(min_hits_higher_threshold & min_above_auditing_threshold)', 'G(!(min_above_auditing_threshold & min_hits_higher_threshold))', '!(min_hits_higher_threshold & all_samples_above_deferral)', 'G(!(all_samples_above_deferral & min_hits_higher_threshold))', '!(all_samples_above_deferral & min_above_auditing_threshold)', 'G(!(min_above_auditing_threshold & all_samples_above_deferral))', 'G(!(any_sample_below_deferral & min_hits_higher_threshold))', '!(initial_score_above_deferral & min_hits_higher_threshold)', 'G(!(initial_score_above_deferral & min_hits_higher_threshold))', 'G(!(any_sample_below_deferral & initial_score_above_deferral))']
++++ Length: 10
++ Y-SAT CHECK
++ REALIZABILITY CHECK
++ COUNTERSTRATEGY COMPUTATION - REFINEMENT GENERATION

=== COUNTERRUN ===
Sf1 -> Sf4


=== INTERPOLANT ===
(any_sample_below_deferral__Sf1 & min_above_auditing_threshold__Sf1)


++++ ELAPSED TIME: 48.895928758000004
++++ QUEUE LENGTH: 165
++++ Solutions: 0
++++ Duplicates: 0
++++ Node number: 268
++++ Refinement: ['!(min_hits_higher_threshold & min_above_auditing_threshold)', 'G(!(min_above_auditing_threshold & min_hits_higher_threshold))', '!(min_hits_higher_threshold & all_samples_above_deferral)', 'G(!(all_samples_above_deferral & min_hits_higher_threshold))', '!(all_samples_above_deferral & min_above_auditing_threshold)', 'G(!(min_above_auditing_threshold & all_samples_above_deferral))', 'G(!(any_sample_below_deferral & min_hits_higher_threshold))', 'G(!(initial_score_above_deferral & min_hits_higher_threshold))', '!(initial_score_above_deferral & any_sample_below_deferral)', 'G(!(any_sample_below_deferral & initial_score_above_deferral))']
++++ Length: 10
++ Y-SAT CHECK
++ REALIZABILITY CHECK
++ COUNTERSTRATEGY COMPUTATION - REFINEMENT GENERATION

=== COUNTERRUN ===
Sf2 -> Sf4


=== INTERPOLANT ===
(any_sample_below_deferral__Sf2 & min_above_auditing_threshold__Sf2)


++++ ELAPSED TIME: 49.067096598
++++ QUEUE LENGTH: 166
++++ Solutions: 0
++++ Duplicates: 0
++++ Node number: 269
++++ Refinement: ['!(min_hits_higher_threshold & min_above_auditing_threshold)', 'G(!(min_above_auditing_threshold & min_hits_higher_threshold))', '!(min_hits_higher_threshold & all_samples_above_deferral)', 'G(!(all_samples_above_deferral & min_hits_higher_threshold))', '!(all_samples_above_deferral & min_above_auditing_threshold)', 'G(!(min_above_auditing_threshold & all_samples_above_deferral))', 'G(!(any_sample_below_deferral & min_hits_higher_threshold))', 'G(!(initial_score_above_deferral & min_hits_higher_threshold))', 'G(!(initial_score_above_deferral & any_sample_below_deferral))', '!(any_sample_below_deferral & min_above_auditing_threshold)']
++++ Length: 10
++ Y-SAT CHECK
++ REALIZABILITY CHECK
++ COUNTERSTRATEGY COMPUTATION - REFINEMENT GENERATION

=== COUNTERRUN ===
S0 -> Sf8 -> Sf4


=== INTERPOLANT ===
(any_sample_below_deferral__Sf8 & min_above_auditing_threshold__Sf8)


++++ ELAPSED TIME: 49.256186920000005
++++ QUEUE LENGTH: 166
++++ Solutions: 0
++++ Duplicates: 0
++++ Node number: 270
++++ Refinement: ['!(min_hits_higher_threshold & min_above_auditing_threshold)', 'G(!(min_above_auditing_threshold & min_hits_higher_threshold))', '!(min_hits_higher_threshold & all_samples_above_deferral)', 'G(!(all_samples_above_deferral & min_hits_higher_threshold))', '!(all_samples_above_deferral & min_above_auditing_threshold)', 'G(!(min_above_auditing_threshold & all_samples_above_deferral))', 'G(!(any_sample_below_deferral & min_hits_higher_threshold))', 'G(!(initial_score_above_deferral & min_hits_higher_threshold))', 'G(!(initial_score_above_deferral & any_sample_below_deferral))', 'G(!(any_sample_below_deferral & min_above_auditing_threshold))']
++++ Length: 10
++ Y-SAT CHECK
++ REALIZABILITY CHECK
++ COUNTERSTRATEGY COMPUTATION - REFINEMENT GENERATION

=== COUNTERRUN ===
Sf0 -> Sf4


=== INTERPOLANT ===
(all_samples_above_deferral__Sf0 & any_sample_below_deferral__Sf0)


++++ ELAPSED TIME: 49.432266657
++++ QUEUE LENGTH: 167
++++ Solutions: 0
++++ Duplicates: 0
++++ Node number: 271
++++ Refinement: ['!(min_hits_higher_threshold & min_above_auditing_threshold)', 'G(!(min_above_auditing_threshold & min_hits_higher_threshold))', '!(min_hits_higher_threshold & all_samples_above_deferral)', 'G(!(all_samples_above_deferral & min_hits_higher_threshold))', '!(all_samples_above_deferral & min_above_auditing_threshold)', 'G(!(min_above_auditing_threshold & all_samples_above_deferral))', '!(any_sample_below_deferral & min_hits_higher_threshold)', 'G(!(any_sample_below_deferral & min_hits_higher_threshold))', '!(initial_score_above_deferral & min_hits_higher_threshold)', 'G(!(initial_score_above_deferral & min_hits_higher_threshold))']
++++ Length: 10
++ Y-SAT CHECK
++ REALIZABILITY CHECK
++ COUNTERSTRATEGY COMPUTATION - REFINEMENT GENERATION

=== COUNTERRUN ===
Sf3 -> Sf4


=== INTERPOLANT ===
(any_sample_below_deferral__Sf3 & initial_score_above_deferral__Sf3)


++++ ELAPSED TIME: 49.606121800000004
++++ QUEUE LENGTH: 168
++++ Solutions: 0
++++ Duplicates: 0
++++ Node number: 272
++++ Refinement: ['!(min_hits_higher_threshold & min_above_auditing_threshold)', 'G(!(min_above_auditing_threshold & min_hits_higher_threshold))', '!(min_hits_higher_threshold & all_samples_above_deferral)', 'G(!(all_samples_above_deferral & min_hits_higher_threshold))', '!(all_samples_above_deferral & min_above_auditing_threshold)', 'G(!(min_above_auditing_threshold & all_samples_above_deferral))', '!(any_sample_below_deferral & min_hits_higher_threshold)', 'G(!(any_sample_below_deferral & min_hits_higher_threshold))', 'G(!(initial_score_above_deferral & min_hits_higher_threshold))', '!(any_sample_below_deferral & initial_score_above_deferral)']
++++ Length: 10
++ Y-SAT CHECK
++ REALIZABILITY CHECK
++ COUNTERSTRATEGY COMPUTATION - REFINEMENT GENERATION

=== COUNTERRUN ===
S0 -> Sf8 -> Sf4


=== INTERPOLANT ===
(any_sample_below_deferral__Sf8 & initial_score_above_deferral__Sf8)


++++ ELAPSED TIME: 49.917292577
++++ QUEUE LENGTH: 168
++++ Solutions: 0
++++ Duplicates: 0
++++ Node number: 273
++++ Refinement: ['!(min_hits_higher_threshold & min_above_auditing_threshold)', 'G(!(min_above_auditing_threshold & min_hits_higher_threshold))', '!(min_hits_higher_threshold & all_samples_above_deferral)', 'G(!(all_samples_above_deferral & min_hits_higher_threshold))', '!(all_samples_above_deferral & min_above_auditing_threshold)', 'G(!(min_above_auditing_threshold & all_samples_above_deferral))', '!(any_sample_below_deferral & min_hits_higher_threshold)', 'G(!(any_sample_below_deferral & min_hits_higher_threshold))', 'G(!(initial_score_above_deferral & min_hits_higher_threshold))', 'G(!(any_sample_below_deferral & initial_score_above_deferral))']
++++ Length: 10
++ Y-SAT CHECK
++ REALIZABILITY CHECK
++ COUNTERSTRATEGY COMPUTATION - REFINEMENT GENERATION

=== COUNTERRUN ===
Sf3 -> Sf4


=== INTERPOLANT ===
(any_sample_below_deferral__Sf3 & min_above_auditing_threshold__Sf3)


++++ ELAPSED TIME: 50.083937309
++++ QUEUE LENGTH: 169
++++ Solutions: 0
++++ Duplicates: 0
++++ Node number: 274
++++ Refinement: ['!(min_hits_higher_threshold & min_above_auditing_threshold)', 'G(!(min_above_auditing_threshold & min_hits_higher_threshold))', '!(min_hits_higher_threshold & all_samples_above_deferral)', 'G(!(all_samples_above_deferral & min_hits_higher_threshold))', 'G(!(all_samples_above_deferral & min_above_auditing_threshold))', 'G(!(min_hits_higher_threshold & any_sample_below_deferral))', 'G(!(min_hits_higher_threshold & initial_score_above_deferral))', '!(any_sample_below_deferral & initial_score_above_deferral)', 'G(!(any_sample_below_deferral & initial_score_above_deferral))', '!(any_sample_below_deferral & min_above_auditing_threshold)']
++++ Length: 10
++ Y-SAT CHECK
++ REALIZABILITY CHECK
++ COUNTERSTRATEGY COMPUTATION - REFINEMENT GENERATION

=== COUNTERRUN ===
S1 -> Sf7 -> Sf4


=== INTERPOLANT ===
(any_sample_below_deferral__Sf7 & min_above_auditing_threshold__Sf7)


++++ ELAPSED TIME: 50.271298101
++++ QUEUE LENGTH: 169
++++ Solutions: 0
++++ Duplicates: 0
++++ Node number: 275
++++ Refinement: ['!(min_hits_higher_threshold & min_above_auditing_threshold)', 'G(!(min_above_auditing_threshold & min_hits_higher_threshold))', '!(min_hits_higher_threshold & all_samples_above_deferral)', 'G(!(all_samples_above_deferral & min_hits_higher_threshold))', 'G(!(all_samples_above_deferral & min_above_auditing_threshold))', 'G(!(min_hits_higher_threshold & any_sample_below_deferral))', 'G(!(min_hits_higher_threshold & initial_score_above_deferral))', '!(any_sample_below_deferral & initial_score_above_deferral)', 'G(!(any_sample_below_deferral & initial_score_above_deferral))', 'G(!(any_sample_below_deferral & min_above_auditing_threshold))']
++++ Length: 10
++ Y-SAT CHECK
++ REALIZABILITY CHECK
++ COUNTERSTRATEGY COMPUTATION - REFINEMENT GENERATION

=== COUNTERRUN ===
Sf2 -> Sf4


=== INTERPOLANT ===
(all_samples_above_deferral__Sf2 & any_sample_below_deferral__Sf2)


++++ ELAPSED TIME: 50.444730712
++++ QUEUE LENGTH: 170
++++ Solutions: 0
++++ Duplicates: 0
++++ Node number: 276
++++ Refinement: ['!(min_hits_higher_threshold & min_above_auditing_threshold)', 'G(!(min_above_auditing_threshold & min_hits_higher_threshold))', '!(min_hits_higher_threshold & all_samples_above_deferral)', 'G(!(all_samples_above_deferral & min_hits_higher_threshold))', 'G(!(all_samples_above_deferral & min_above_auditing_threshold))', 'G(!(min_hits_higher_threshold & any_sample_below_deferral))', 'G(!(min_hits_higher_threshold & initial_score_above_deferral))', 'G(!(any_sample_below_deferral & initial_score_above_deferral))', '!(any_sample_below_deferral & min_above_auditing_threshold)', 'G(!(any_sample_below_deferral & min_above_auditing_threshold))']
++++ Length: 10
++ Y-SAT CHECK
++ REALIZABILITY CHECK
++ COUNTERSTRATEGY COMPUTATION - REFINEMENT GENERATION

=== COUNTERRUN ===
Sf3 -> Sf4


=== INTERPOLANT ===
(all_samples_above_deferral__Sf3 & any_sample_below_deferral__Sf3)


++++ ELAPSED TIME: 50.618340402
++++ QUEUE LENGTH: 171
++++ Solutions: 0
++++ Duplicates: 0
++++ Node number: 277
++++ Refinement: ['!(min_hits_higher_threshold & min_above_auditing_threshold)', 'G(!(min_above_auditing_threshold & min_hits_higher_threshold))', '!(min_hits_higher_threshold & all_samples_above_deferral)', 'G(!(all_samples_above_deferral & min_hits_higher_threshold))', 'G(!(all_samples_above_deferral & min_above_auditing_threshold))', 'G(!(min_hits_higher_threshold & any_sample_below_deferral))', 'G(!(min_hits_higher_threshold & initial_score_above_deferral))', 'G(!(any_sample_below_deferral & initial_score_above_deferral))', 'G(!(any_sample_below_deferral & min_above_auditing_threshold))', '!(any_sample_below_deferral & all_samples_above_deferral)']
++++ Length: 10
++ Y-SAT CHECK
++ REALIZABILITY CHECK
++ COUNTERSTRATEGY COMPUTATION - REFINEMENT GENERATION

=== COUNTERRUN ===
S1 -> Sf6 -> Sf4


=== INTERPOLANT ===
(all_samples_above_deferral__Sf6 & any_sample_below_deferral__Sf6)


++++ ELAPSED TIME: 50.820144172
++++ QUEUE LENGTH: 171
++++ Solutions: 0
++++ Duplicates: 0
++++ Node number: 278
++++ Refinement: ['!(min_hits_higher_threshold & min_above_auditing_threshold)', 'G(!(min_above_auditing_threshold & min_hits_higher_threshold))', '!(min_hits_higher_threshold & all_samples_above_deferral)', 'G(!(all_samples_above_deferral & min_hits_higher_threshold))', 'G(!(all_samples_above_deferral & min_above_auditing_threshold))', 'G(!(min_hits_higher_threshold & any_sample_below_deferral))', 'G(!(min_hits_higher_threshold & initial_score_above_deferral))', 'G(!(any_sample_below_deferral & initial_score_above_deferral))', 'G(!(any_sample_below_deferral & min_above_auditing_threshold))', 'G(!(any_sample_below_deferral & all_samples_above_deferral))']
++++ Length: 10
++ Y-SAT CHECK
++ REALIZABILITY CHECK
++ COUNTERSTRATEGY COMPUTATION - REFINEMENT GENERATION

=== COUNTERRUN ===
Sf0 -> Sf4


=== INTERPOLANT ===
(initial_score_above_deferral__Sf0 & min_above_auditing_threshold__Sf0)


++++ ELAPSED TIME: 50.997661908
++++ QUEUE LENGTH: 172
++++ Solutions: 0
++++ Duplicates: 0
++++ Node number: 279
++++ Refinement: ['!(min_hits_higher_threshold & min_above_auditing_threshold)', 'G(!(min_above_auditing_threshold & min_hits_higher_threshold))', '!(min_hits_higher_threshold & all_samples_above_deferral)', 'G(!(all_samples_above_deferral & min_hits_higher_threshold))', 'G(!(all_samples_above_deferral & min_above_auditing_threshold))', 'G(!(min_hits_higher_threshold & any_sample_below_deferral))', '!(min_hits_higher_threshold & initial_score_above_deferral)', 'G(!(initial_score_above_deferral & min_hits_higher_threshold))', '!(any_sample_below_deferral & initial_score_above_deferral)', 'G(!(any_sample_below_deferral & initial_score_above_deferral))']
++++ Length: 10
++ Y-SAT CHECK
++ REALIZABILITY CHECK
++ COUNTERSTRATEGY COMPUTATION - REFINEMENT GENERATION

=== COUNTERRUN ===
Sf2 -> Sf4


=== INTERPOLANT ===
(any_sample_below_deferral__Sf2 & min_above_auditing_threshold__Sf2)


++++ ELAPSED TIME: 51.185301832
++++ QUEUE LENGTH: 173
++++ Solutions: 0
++++ Duplicates: 0
++++ Node number: 280
++++ Refinement: ['!(min_hits_higher_threshold & min_above_auditing_threshold)', 'G(!(min_above_auditing_threshold & min_hits_higher_threshold))', '!(min_hits_higher_threshold & all_samples_above_deferral)', 'G(!(all_samples_above_deferral & min_hits_higher_threshold))', 'G(!(all_samples_above_deferral & min_above_auditing_threshold))', 'G(!(min_hits_higher_threshold & any_sample_below_deferral))', '!(min_hits_higher_threshold & initial_score_above_deferral)', 'G(!(initial_score_above_deferral & min_hits_higher_threshold))', 'G(!(any_sample_below_deferral & initial_score_above_deferral))', '!(any_sample_below_deferral & min_above_auditing_threshold)']
++++ Length: 10
++ Y-SAT CHECK
++ REALIZABILITY CHECK
++ COUNTERSTRATEGY COMPUTATION - REFINEMENT GENERATION

=== COUNTERRUN ===
S0 -> Sf6 -> Sf4


=== INTERPOLANT ===
(any_sample_below_deferral__Sf6 & min_above_auditing_threshold__Sf6)


++++ ELAPSED TIME: 51.368499528
++++ QUEUE LENGTH: 173
++++ Solutions: 0
++++ Duplicates: 0
++++ Node number: 281
++++ Refinement: ['!(min_hits_higher_threshold & min_above_auditing_threshold)', 'G(!(min_above_auditing_threshold & min_hits_higher_threshold))', '!(min_hits_higher_threshold & all_samples_above_deferral)', 'G(!(all_samples_above_deferral & min_hits_higher_threshold))', 'G(!(all_samples_above_deferral & min_above_auditing_threshold))', 'G(!(min_hits_higher_threshold & any_sample_below_deferral))', '!(min_hits_higher_threshold & initial_score_above_deferral)', 'G(!(initial_score_above_deferral & min_hits_higher_threshold))', 'G(!(any_sample_below_deferral & initial_score_above_deferral))', 'G(!(any_sample_below_deferral & min_above_auditing_threshold))']
++++ Length: 10
++ Y-SAT CHECK
++ REALIZABILITY CHECK
++ COUNTERSTRATEGY COMPUTATION - REFINEMENT GENERATION

=== COUNTERRUN ===
Sf1 -> Sf4


=== INTERPOLANT ===
(all_samples_above_deferral__Sf1 & any_sample_below_deferral__Sf1)


++++ ELAPSED TIME: 51.538222998
++++ QUEUE LENGTH: 174
++++ Solutions: 0
++++ Duplicates: 0
++++ Node number: 282
++++ Refinement: ['!(min_hits_higher_threshold & min_above_auditing_threshold)', 'G(!(min_above_auditing_threshold & min_hits_higher_threshold))', '!(min_hits_higher_threshold & all_samples_above_deferral)', 'G(!(all_samples_above_deferral & min_hits_higher_threshold))', 'G(!(all_samples_above_deferral & min_above_auditing_threshold))', '!(min_hits_higher_threshold & any_sample_below_deferral)', 'G(!(min_hits_higher_threshold & any_sample_below_deferral))', 'G(!(min_hits_higher_threshold & initial_score_above_deferral))', '!(any_sample_below_deferral & initial_score_above_deferral)', 'G(!(any_sample_below_deferral & initial_score_above_deferral))']
++++ Length: 10
++ Y-SAT CHECK
++ REALIZABILITY CHECK
++ COUNTERSTRATEGY COMPUTATION - REFINEMENT GENERATION

=== COUNTERRUN ===
Sf2 -> Sf4


=== INTERPOLANT ===
(any_sample_below_deferral__Sf2 & min_above_auditing_threshold__Sf2)


++++ ELAPSED TIME: 51.715832321
++++ QUEUE LENGTH: 175
++++ Solutions: 0
++++ Duplicates: 0
++++ Node number: 283
++++ Refinement: ['!(min_hits_higher_threshold & min_above_auditing_threshold)', 'G(!(min_above_auditing_threshold & min_hits_higher_threshold))', '!(min_hits_higher_threshold & all_samples_above_deferral)', 'G(!(all_samples_above_deferral & min_hits_higher_threshold))', 'G(!(all_samples_above_deferral & min_above_auditing_threshold))', '!(min_hits_higher_threshold & any_sample_below_deferral)', 'G(!(min_hits_higher_threshold & any_sample_below_deferral))', 'G(!(min_hits_higher_threshold & initial_score_above_deferral))', 'G(!(any_sample_below_deferral & initial_score_above_deferral))', '!(any_sample_below_deferral & min_above_auditing_threshold)']
++++ Length: 10
++ Y-SAT CHECK
++ REALIZABILITY CHECK
++ COUNTERSTRATEGY COMPUTATION - REFINEMENT GENERATION

=== COUNTERRUN ===
S0 -> Sf7 -> Sf4


=== INTERPOLANT ===
(any_sample_below_deferral__Sf7 & min_above_auditing_threshold__Sf7)


++++ ELAPSED TIME: 51.906568912000004
++++ QUEUE LENGTH: 175
++++ Solutions: 0
++++ Duplicates: 0
++++ Node number: 284
++++ Refinement: ['!(min_hits_higher_threshold & min_above_auditing_threshold)', 'G(!(min_above_auditing_threshold & min_hits_higher_threshold))', '!(min_hits_higher_threshold & all_samples_above_deferral)', 'G(!(all_samples_above_deferral & min_hits_higher_threshold))', 'G(!(all_samples_above_deferral & min_above_auditing_threshold))', '!(min_hits_higher_threshold & any_sample_below_deferral)', 'G(!(min_hits_higher_threshold & any_sample_below_deferral))', 'G(!(min_hits_higher_threshold & initial_score_above_deferral))', 'G(!(any_sample_below_deferral & initial_score_above_deferral))', 'G(!(any_sample_below_deferral & min_above_auditing_threshold))']
++++ Length: 10
++ Y-SAT CHECK
++ REALIZABILITY CHECK
++ COUNTERSTRATEGY COMPUTATION - REFINEMENT GENERATION

=== COUNTERRUN ===
Sf1 -> Sf4


=== INTERPOLANT ===
(all_samples_above_deferral__Sf1 & any_sample_below_deferral__Sf1)


++++ ELAPSED TIME: 52.077188024
++++ QUEUE LENGTH: 176
++++ Solutions: 0
++++ Duplicates: 0
++++ Node number: 285
++++ Refinement: ['!(min_hits_higher_threshold & min_above_auditing_threshold)', 'G(!(min_above_auditing_threshold & min_hits_higher_threshold))', '!(min_hits_higher_threshold & all_samples_above_deferral)', 'G(!(all_samples_above_deferral & min_hits_higher_threshold))', 'G(!(all_samples_above_deferral & min_above_auditing_threshold))', '!(min_hits_higher_threshold & any_sample_below_deferral)', 'G(!(min_hits_higher_threshold & any_sample_below_deferral))', '!(min_hits_higher_threshold & initial_score_above_deferral)', 'G(!(min_hits_higher_threshold & initial_score_above_deferral))', '!(any_sample_below_deferral & initial_score_above_deferral)']
++++ Length: 10
++ Y-SAT CHECK
++ REALIZABILITY CHECK
++ COUNTERSTRATEGY COMPUTATION - REFINEMENT GENERATION

=== COUNTERRUN ===
S2 -> Sf6 -> Sf4


=== INTERPOLANT ===
(any_sample_below_deferral__Sf6 & initial_score_above_deferral__Sf6)


++++ ELAPSED TIME: 52.265863877
++++ QUEUE LENGTH: 176
++++ Solutions: 0
++++ Duplicates: 0
++++ Node number: 286
++++ Refinement: ['!(min_hits_higher_threshold & min_above_auditing_threshold)', 'G(!(min_above_auditing_threshold & min_hits_higher_threshold))', '!(min_hits_higher_threshold & all_samples_above_deferral)', 'G(!(all_samples_above_deferral & min_hits_higher_threshold))', 'G(!(all_samples_above_deferral & min_above_auditing_threshold))', '!(min_hits_higher_threshold & any_sample_below_deferral)', 'G(!(min_hits_higher_threshold & any_sample_below_deferral))', '!(min_hits_higher_threshold & initial_score_above_deferral)', 'G(!(min_hits_higher_threshold & initial_score_above_deferral))', 'G(!(any_sample_below_deferral & initial_score_above_deferral))']
++++ Length: 10
++ Y-SAT CHECK
++ REALIZABILITY CHECK
++ COUNTERSTRATEGY COMPUTATION - REFINEMENT GENERATION

=== COUNTERRUN ===
Sf0 -> Sf4


=== INTERPOLANT ===
(any_sample_below_deferral__Sf0 & min_above_auditing_threshold__Sf0)


++++ ELAPSED TIME: 52.434990213
++++ QUEUE LENGTH: 177
++++ Solutions: 0
++++ Duplicates: 0
++++ Node number: 287
++++ Refinement: ['G(!(min_hits_higher_threshold & min_above_auditing_threshold))', 'G(!(all_samples_above_deferral & min_hits_higher_threshold))', '!(all_samples_above_deferral & min_above_auditing_threshold)', 'G(!(min_above_auditing_threshold & all_samples_above_deferral))', 'G(!(any_sample_below_deferral & min_hits_higher_threshold))', 'G(!(min_hits_higher_threshold & initial_score_above_deferral))', '!(initial_score_above_deferral & any_sample_below_deferral)', 'G(!(initial_score_above_deferral & any_sample_below_deferral))', '!(any_sample_below_deferral & min_above_auditing_threshold)', 'G(!(min_above_auditing_threshold & any_sample_below_deferral))']
++++ Length: 10
++ Y-SAT CHECK
++ REALIZABILITY CHECK
++ COUNTERSTRATEGY COMPUTATION - REFINEMENT GENERATION

=== COUNTERRUN ===
Sf2 -> Sf4


=== INTERPOLANT ===
(all_samples_above_deferral__Sf2 & any_sample_below_deferral__Sf2)


++++ ELAPSED TIME: 52.604514974000004
++++ QUEUE LENGTH: 178
++++ Solutions: 0
++++ Duplicates: 0
++++ Node number: 288
++++ Refinement: ['G(!(min_hits_higher_threshold & min_above_auditing_threshold))', 'G(!(all_samples_above_deferral & min_hits_higher_threshold))', '!(all_samples_above_deferral & min_above_auditing_threshold)', 'G(!(min_above_auditing_threshold & all_samples_above_deferral))', 'G(!(any_sample_below_deferral & min_hits_higher_threshold))', 'G(!(min_hits_higher_threshold & initial_score_above_deferral))', '!(initial_score_above_deferral & any_sample_below_deferral)', 'G(!(initial_score_above_deferral & any_sample_below_deferral))', 'G(!(any_sample_below_deferral & min_above_auditing_threshold))', '!(any_sample_below_deferral & all_samples_above_deferral)']
++++ Length: 10
++ Y-SAT CHECK
++ REALIZABILITY CHECK
++ COUNTERSTRATEGY COMPUTATION - REFINEMENT GENERATION

=== COUNTERRUN ===
S1 -> Sf7 -> Sf4


=== INTERPOLANT ===
(all_samples_above_deferral__Sf7 & any_sample_below_deferral__Sf7)


++++ ELAPSED TIME: 52.797993616
++++ QUEUE LENGTH: 178
++++ Solutions: 0
++++ Duplicates: 0
++++ Node number: 289
++++ Refinement: ['G(!(min_hits_higher_threshold & min_above_auditing_threshold))', 'G(!(all_samples_above_deferral & min_hits_higher_threshold))', '!(all_samples_above_deferral & min_above_auditing_threshold)', 'G(!(min_above_auditing_threshold & all_samples_above_deferral))', 'G(!(any_sample_below_deferral & min_hits_higher_threshold))', 'G(!(min_hits_higher_threshold & initial_score_above_deferral))', '!(initial_score_above_deferral & any_sample_below_deferral)', 'G(!(initial_score_above_deferral & any_sample_below_deferral))', 'G(!(any_sample_below_deferral & min_above_auditing_threshold))', 'G(!(any_sample_below_deferral & all_samples_above_deferral))']
++++ Length: 10
++ Y-SAT CHECK
++ REALIZABILITY CHECK
++ COUNTERSTRATEGY COMPUTATION - REFINEMENT GENERATION

=== COUNTERRUN ===
Sf3 -> Sf4


=== INTERPOLANT ===
(initial_score_above_deferral__Sf3 & min_above_auditing_threshold__Sf3)


++++ ELAPSED TIME: 52.972750107
++++ QUEUE LENGTH: 179
++++ Solutions: 0
++++ Duplicates: 0
++++ Node number: 290
++++ Refinement: ['G(!(min_hits_higher_threshold & min_above_auditing_threshold))', 'G(!(all_samples_above_deferral & min_hits_higher_threshold))', '!(all_samples_above_deferral & min_above_auditing_threshold)', 'G(!(min_above_auditing_threshold & all_samples_above_deferral))', 'G(!(any_sample_below_deferral & min_hits_higher_threshold))', 'G(!(min_hits_higher_threshold & initial_score_above_deferral))', 'G(!(initial_score_above_deferral & any_sample_below_deferral))', '!(any_sample_below_deferral & min_above_auditing_threshold)', 'G(!(any_sample_below_deferral & min_above_auditing_threshold))', '!(any_sample_below_deferral & all_samples_above_deferral)']
++++ Length: 10
++ Y-SAT CHECK
++ REALIZABILITY CHECK
++ COUNTERSTRATEGY COMPUTATION - REFINEMENT GENERATION

=== COUNTERRUN ===
S1 -> Sf7 -> Sf4


=== INTERPOLANT ===
(all_samples_above_deferral__Sf7 & any_sample_below_deferral__Sf7)


++++ ELAPSED TIME: 53.164059298
++++ QUEUE LENGTH: 179
++++ Solutions: 0
++++ Duplicates: 0
++++ Node number: 291
++++ Refinement: ['G(!(min_hits_higher_threshold & min_above_auditing_threshold))', 'G(!(all_samples_above_deferral & min_hits_higher_threshold))', '!(all_samples_above_deferral & min_above_auditing_threshold)', 'G(!(min_above_auditing_threshold & all_samples_above_deferral))', 'G(!(any_sample_below_deferral & min_hits_higher_threshold))', 'G(!(min_hits_higher_threshold & initial_score_above_deferral))', 'G(!(initial_score_above_deferral & any_sample_below_deferral))', '!(any_sample_below_deferral & min_above_auditing_threshold)', 'G(!(any_sample_below_deferral & min_above_auditing_threshold))', 'G(!(any_sample_below_deferral & all_samples_above_deferral))']
++++ Length: 10
++ Y-SAT CHECK
++ REALIZABILITY CHECK
++ COUNTERSTRATEGY COMPUTATION - REFINEMENT GENERATION

=== COUNTERRUN ===
Sf0 -> Sf4


=== INTERPOLANT ===
(initial_score_above_deferral__Sf0 & min_above_auditing_threshold__Sf0)


++++ ELAPSED TIME: 53.333661514
++++ QUEUE LENGTH: 180
++++ Solutions: 0
++++ Duplicates: 0
++++ Node number: 292
++++ Refinement: ['G(!(min_hits_higher_threshold & min_above_auditing_threshold))', 'G(!(all_samples_above_deferral & min_hits_higher_threshold))', '!(all_samples_above_deferral & min_above_auditing_threshold)', 'G(!(min_above_auditing_threshold & all_samples_above_deferral))', 'G(!(any_sample_below_deferral & min_hits_higher_threshold))', 'G(!(min_hits_higher_threshold & initial_score_above_deferral))', 'G(!(initial_score_above_deferral & any_sample_below_deferral))', 'G(!(any_sample_below_deferral & min_above_auditing_threshold))', '!(any_sample_below_deferral & all_samples_above_deferral)', 'G(!(all_samples_above_deferral & any_sample_below_deferral))']
++++ Length: 10
++ Y-SAT CHECK
++ REALIZABILITY CHECK
++ COUNTERSTRATEGY COMPUTATION - REFINEMENT GENERATION

=== COUNTERRUN ===
Sf0 -> Sf4


=== INTERPOLANT ===
(initial_score_above_deferral__Sf0 & min_above_auditing_threshold__Sf0)


++++ ELAPSED TIME: 53.511424503
++++ QUEUE LENGTH: 181
++++ Solutions: 0
++++ Duplicates: 0
++++ Node number: 293
++++ Refinement: ['G(!(min_hits_higher_threshold & min_above_auditing_threshold))', 'G(!(all_samples_above_deferral & min_hits_higher_threshold))', '!(all_samples_above_deferral & min_above_auditing_threshold)', 'G(!(min_above_auditing_threshold & all_samples_above_deferral))', 'G(!(any_sample_below_deferral & min_hits_higher_threshold))', 'G(!(min_hits_higher_threshold & initial_score_above_deferral))', 'G(!(initial_score_above_deferral & any_sample_below_deferral))', 'G(!(any_sample_below_deferral & min_above_auditing_threshold))', 'G(!(any_sample_below_deferral & all_samples_above_deferral))', 'G(!(min_above_auditing_threshold & initial_score_above_deferral))']
++++ Length: 10
++ Y-SAT CHECK
++ REALIZABILITY CHECK
++ COUNTERSTRATEGY COMPUTATION - REFINEMENT GENERATION

=== COUNTERRUN ===
Sf1 -> Sf4


=== INTERPOLANT ===
(all_samples_above_deferral__Sf1 & initial_score_above_deferral__Sf1)


++++ ELAPSED TIME: 53.68385086
++++ QUEUE LENGTH: 182
++++ Solutions: 0
++++ Duplicates: 0
++++ Node number: 294
++++ Refinement: ['G(!(min_hits_higher_threshold & min_above_auditing_threshold))', 'G(!(all_samples_above_deferral & min_hits_higher_threshold))', '!(all_samples_above_deferral & min_above_auditing_threshold)', 'G(!(min_above_auditing_threshold & all_samples_above_deferral))', 'G(!(any_sample_below_deferral & min_hits_higher_threshold))', 'G(!(min_hits_higher_threshold & initial_score_above_deferral))', 'G(!(initial_score_above_deferral & any_sample_below_deferral))', 'G(!(any_sample_below_deferral & min_above_auditing_threshold))', 'G(!(any_sample_below_deferral & all_samples_above_deferral))', '!(min_above_auditing_threshold & initial_score_above_deferral)']
++++ Length: 10
++ Y-SAT CHECK
++ REALIZABILITY CHECK
++ COUNTERSTRATEGY COMPUTATION - REFINEMENT GENERATION

=== COUNTERRUN ===
S0 -> Sf5 -> Sf4


=== INTERPOLANT ===
(initial_score_above_deferral__Sf5 & min_above_auditing_threshold__Sf5)


++++ ELAPSED TIME: 53.892080766
++++ QUEUE LENGTH: 182
++++ Solutions: 0
++++ Duplicates: 0
++++ Node number: 295
++++ Refinement: ['G(!(min_hits_higher_threshold & min_above_auditing_threshold))', 'G(!(all_samples_above_deferral & min_hits_higher_threshold))', '!(all_samples_above_deferral & min_above_auditing_threshold)', 'G(!(min_above_auditing_threshold & all_samples_above_deferral))', 'G(!(any_sample_below_deferral & min_hits_higher_threshold))', '!(min_hits_higher_threshold & initial_score_above_deferral)', 'G(!(min_hits_higher_threshold & initial_score_above_deferral))', '!(any_sample_below_deferral & initial_score_above_deferral)', 'G(!(initial_score_above_deferral & any_sample_below_deferral))', '!(any_sample_below_deferral & min_above_auditing_threshold)']
++++ Length: 10
++ Y-SAT CHECK
++ REALIZABILITY CHECK
++ COUNTERSTRATEGY COMPUTATION - REFINEMENT GENERATION

=== COUNTERRUN ===
S1 -> Sf5 -> Sf4


=== INTERPOLANT ===
(any_sample_below_deferral__Sf5 & min_above_auditing_threshold__Sf5)


++++ ELAPSED TIME: 54.078929872
++++ QUEUE LENGTH: 182
++++ Solutions: 0
++++ Duplicates: 0
++++ Node number: 296
++++ Refinement: ['G(!(min_hits_higher_threshold & min_above_auditing_threshold))', 'G(!(all_samples_above_deferral & min_hits_higher_threshold))', '!(all_samples_above_deferral & min_above_auditing_threshold)', 'G(!(min_above_auditing_threshold & all_samples_above_deferral))', 'G(!(any_sample_below_deferral & min_hits_higher_threshold))', '!(min_hits_higher_threshold & initial_score_above_deferral)', 'G(!(min_hits_higher_threshold & initial_score_above_deferral))', '!(any_sample_below_deferral & initial_score_above_deferral)', 'G(!(initial_score_above_deferral & any_sample_below_deferral))', 'G(!(any_sample_below_deferral & min_above_auditing_threshold))']
++++ Length: 10
++ Y-SAT CHECK
++ REALIZABILITY CHECK
++ COUNTERSTRATEGY COMPUTATION - REFINEMENT GENERATION

=== COUNTERRUN ===
Sf0 -> Sf4


=== INTERPOLANT ===
(all_samples_above_deferral__Sf0 & any_sample_below_deferral__Sf0)


++++ ELAPSED TIME: 54.301654224
++++ QUEUE LENGTH: 183
++++ Solutions: 0
++++ Duplicates: 0
++++ Node number: 297
++++ Refinement: ['G(!(min_hits_higher_threshold & min_above_auditing_threshold))', 'G(!(all_samples_above_deferral & min_hits_higher_threshold))', '!(all_samples_above_deferral & min_above_auditing_threshold)', 'G(!(min_above_auditing_threshold & all_samples_above_deferral))', 'G(!(any_sample_below_deferral & min_hits_higher_threshold))', '!(min_hits_higher_threshold & initial_score_above_deferral)', 'G(!(min_hits_higher_threshold & initial_score_above_deferral))', 'G(!(any_sample_below_deferral & initial_score_above_deferral))', '!(min_above_auditing_threshold & any_sample_below_deferral)', 'G(!(min_above_auditing_threshold & any_sample_below_deferral))']
++++ Length: 10
++ Y-SAT CHECK
++ REALIZABILITY CHECK
++ COUNTERSTRATEGY COMPUTATION - REFINEMENT GENERATION

=== COUNTERRUN ===
Sf1 -> Sf4


=== INTERPOLANT ===
(all_samples_above_deferral__Sf1 & any_sample_below_deferral__Sf1)


++++ ELAPSED TIME: 54.50573835
++++ QUEUE LENGTH: 184
++++ Solutions: 0
++++ Duplicates: 0
++++ Node number: 298
++++ Refinement: ['G(!(min_hits_higher_threshold & min_above_auditing_threshold))', 'G(!(all_samples_above_deferral & min_hits_higher_threshold))', '!(all_samples_above_deferral & min_above_auditing_threshold)', 'G(!(min_above_auditing_threshold & all_samples_above_deferral))', 'G(!(any_sample_below_deferral & min_hits_higher_threshold))', '!(min_hits_higher_threshold & initial_score_above_deferral)', 'G(!(min_hits_higher_threshold & initial_score_above_deferral))', 'G(!(any_sample_below_deferral & initial_score_above_deferral))', 'G(!(min_above_auditing_threshold & any_sample_below_deferral))', 'G(!(all_samples_above_deferral & any_sample_below_deferral))']
++++ Length: 10
++ Y-SAT CHECK
++ REALIZABILITY CHECK
++ COUNTERSTRATEGY COMPUTATION - REFINEMENT GENERATION

=== COUNTERRUN ===
Sf1 -> Sf4


=== INTERPOLANT ===
(initial_score_above_deferral__Sf1 & min_above_auditing_threshold__Sf1)


++++ ELAPSED TIME: 54.671772094
++++ QUEUE LENGTH: 185
++++ Solutions: 0
++++ Duplicates: 0
++++ Node number: 299
++++ Refinement: ['G(!(min_hits_higher_threshold & min_above_auditing_threshold))', 'G(!(all_samples_above_deferral & min_hits_higher_threshold))', '!(all_samples_above_deferral & min_above_auditing_threshold)', 'G(!(min_above_auditing_threshold & all_samples_above_deferral))', 'G(!(any_sample_below_deferral & min_hits_higher_threshold))', '!(min_hits_higher_threshold & initial_score_above_deferral)', 'G(!(min_hits_higher_threshold & initial_score_above_deferral))', 'G(!(any_sample_below_deferral & initial_score_above_deferral))', 'G(!(min_above_auditing_threshold & any_sample_below_deferral))', '!(all_samples_above_deferral & any_sample_below_deferral)']
++++ Length: 10
++ Y-SAT CHECK
++ REALIZABILITY CHECK
++ COUNTERSTRATEGY COMPUTATION - REFINEMENT GENERATION

=== COUNTERRUN ===
S0 -> Sf7 -> Sf4


=== INTERPOLANT ===
(all_samples_above_deferral__Sf7 & any_sample_below_deferral__Sf7)


++++ ELAPSED TIME: 54.874569198
++++ QUEUE LENGTH: 185
++++ Solutions: 0
++++ Duplicates: 0
++++ Node number: 300
++++ Refinement: ['G(!(min_hits_higher_threshold & min_above_auditing_threshold))', 'G(!(all_samples_above_deferral & min_hits_higher_threshold))', '!(all_samples_above_deferral & min_above_auditing_threshold)', 'G(!(min_above_auditing_threshold & all_samples_above_deferral))', '!(any_sample_below_deferral & min_hits_higher_threshold)', 'G(!(min_hits_higher_threshold & any_sample_below_deferral))', '!(initial_score_above_deferral & min_hits_higher_threshold)', 'G(!(initial_score_above_deferral & min_hits_higher_threshold))', '!(any_sample_below_deferral & initial_score_above_deferral)', 'G(!(any_sample_below_deferral & initial_score_above_deferral))']
++++ Length: 10
++ Y-SAT CHECK
++ REALIZABILITY CHECK
++ COUNTERSTRATEGY COMPUTATION - REFINEMENT GENERATION

=== COUNTERRUN ===
Sf0 -> Sf4


=== INTERPOLANT ===
(any_sample_below_deferral__Sf0 & min_above_auditing_threshold__Sf0)


++++ ELAPSED TIME: 55.048055352
++++ QUEUE LENGTH: 186
++++ Solutions: 0
++++ Duplicates: 0
++++ Node number: 301
++++ Refinement: ['G(!(min_hits_higher_threshold & min_above_auditing_threshold))', 'G(!(all_samples_above_deferral & min_hits_higher_threshold))', '!(all_samples_above_deferral & min_above_auditing_threshold)', 'G(!(min_above_auditing_threshold & all_samples_above_deferral))', '!(any_sample_below_deferral & min_hits_higher_threshold)', 'G(!(min_hits_higher_threshold & any_sample_below_deferral))', '!(initial_score_above_deferral & min_hits_higher_threshold)', 'G(!(initial_score_above_deferral & min_hits_higher_threshold))', 'G(!(any_sample_below_deferral & initial_score_above_deferral))', '!(any_sample_below_deferral & min_above_auditing_threshold)']
++++ Length: 10
++ Y-SAT CHECK
++ REALIZABILITY CHECK
++ COUNTERSTRATEGY COMPUTATION - REFINEMENT GENERATION

=== COUNTERRUN ===
S0 -> Sf8 -> Sf4


=== INTERPOLANT ===
(any_sample_below_deferral__Sf8 & min_above_auditing_threshold__Sf8)


++++ ELAPSED TIME: 55.234390668
++++ QUEUE LENGTH: 186
++++ Solutions: 0
++++ Duplicates: 0
++++ Node number: 302
++++ Refinement: ['G(!(min_hits_higher_threshold & min_above_auditing_threshold))', 'G(!(all_samples_above_deferral & min_hits_higher_threshold))', '!(all_samples_above_deferral & min_above_auditing_threshold)', 'G(!(min_above_auditing_threshold & all_samples_above_deferral))', '!(any_sample_below_deferral & min_hits_higher_threshold)', 'G(!(min_hits_higher_threshold & any_sample_below_deferral))', '!(initial_score_above_deferral & min_hits_higher_threshold)', 'G(!(initial_score_above_deferral & min_hits_higher_threshold))', 'G(!(any_sample_below_deferral & initial_score_above_deferral))', 'G(!(any_sample_below_deferral & min_above_auditing_threshold))']
++++ Length: 10
++ Y-SAT CHECK
++ REALIZABILITY CHECK
++ COUNTERSTRATEGY COMPUTATION - REFINEMENT GENERATION

=== COUNTERRUN ===
Sf0 -> Sf4


=== INTERPOLANT ===
(all_samples_above_deferral__Sf0 & any_sample_below_deferral__Sf0)


++++ ELAPSED TIME: 55.414929068
++++ QUEUE LENGTH: 187
++++ Solutions: 0
++++ Duplicates: 0
++++ Node number: 303
++++ Refinement: ['G(!(min_hits_higher_threshold & min_above_auditing_threshold))', 'G(!(all_samples_above_deferral & min_hits_higher_threshold))', '!(all_samples_above_deferral & min_above_auditing_threshold)', 'G(!(min_above_auditing_threshold & all_samples_above_deferral))', '!(any_sample_below_deferral & min_hits_higher_threshold)', 'G(!(min_hits_higher_threshold & any_sample_below_deferral))', 'G(!(initial_score_above_deferral & min_hits_higher_threshold))', '!(any_sample_below_deferral & initial_score_above_deferral)', 'G(!(initial_score_above_deferral & any_sample_below_deferral))', '!(min_above_auditing_threshold & any_sample_below_deferral)']
++++ Length: 10
++ Y-SAT CHECK
++ REALIZABILITY CHECK
++ COUNTERSTRATEGY COMPUTATION - REFINEMENT GENERATION

=== COUNTERRUN ===
S0 -> Sf6 -> Sf4


=== INTERPOLANT ===
(any_sample_below_deferral__Sf6 & min_above_auditing_threshold__Sf6)


++++ ELAPSED TIME: 55.599408745
++++ QUEUE LENGTH: 187
++++ Solutions: 0
++++ Duplicates: 0
++++ Node number: 304
++++ Refinement: ['G(!(min_hits_higher_threshold & min_above_auditing_threshold))', 'G(!(all_samples_above_deferral & min_hits_higher_threshold))', '!(all_samples_above_deferral & min_above_auditing_threshold)', 'G(!(min_above_auditing_threshold & all_samples_above_deferral))', '!(any_sample_below_deferral & min_hits_higher_threshold)', 'G(!(min_hits_higher_threshold & any_sample_below_deferral))', 'G(!(initial_score_above_deferral & min_hits_higher_threshold))', '!(any_sample_below_deferral & initial_score_above_deferral)', 'G(!(initial_score_above_deferral & any_sample_below_deferral))', 'G(!(min_above_auditing_threshold & any_sample_below_deferral))']
++++ Length: 10
++ Y-SAT CHECK
++ REALIZABILITY CHECK
++ COUNTERSTRATEGY COMPUTATION - REFINEMENT GENERATION

=== COUNTERRUN ===
Sf0 -> Sf4


=== INTERPOLANT ===
(all_samples_above_deferral__Sf0 & any_sample_below_deferral__Sf0)


++++ ELAPSED TIME: 55.773533243
++++ QUEUE LENGTH: 188
++++ Solutions: 0
++++ Duplicates: 0
++++ Node number: 305
++++ Refinement: ['G(!(min_hits_higher_threshold & min_above_auditing_threshold))', 'G(!(all_samples_above_deferral & min_hits_higher_threshold))', '!(all_samples_above_deferral & min_above_auditing_threshold)', 'G(!(min_above_auditing_threshold & all_samples_above_deferral))', '!(any_sample_below_deferral & min_hits_higher_threshold)', 'G(!(min_hits_higher_threshold & any_sample_below_deferral))', 'G(!(initial_score_above_deferral & min_hits_higher_threshold))', 'G(!(any_sample_below_deferral & initial_score_above_deferral))', '!(min_above_auditing_threshold & any_sample_below_deferral)', 'G(!(any_sample_below_deferral & min_above_auditing_threshold))']
++++ Length: 10
++ Y-SAT CHECK
++ REALIZABILITY CHECK
++ COUNTERSTRATEGY COMPUTATION - REFINEMENT GENERATION

=== COUNTERRUN ===
Sf0 -> Sf4


=== INTERPOLANT ===
(all_samples_above_deferral__Sf0 & any_sample_below_deferral__Sf0)


++++ ELAPSED TIME: 55.953414903
++++ QUEUE LENGTH: 189
++++ Solutions: 0
++++ Duplicates: 0
++++ Node number: 306
++++ Refinement: ['G(!(min_hits_higher_threshold & min_above_auditing_threshold))', 'G(!(all_samples_above_deferral & min_hits_higher_threshold))', '!(all_samples_above_deferral & min_above_auditing_threshold)', 'G(!(min_above_auditing_threshold & all_samples_above_deferral))', '!(any_sample_below_deferral & min_hits_higher_threshold)', 'G(!(min_hits_higher_threshold & any_sample_below_deferral))', 'G(!(initial_score_above_deferral & min_hits_higher_threshold))', 'G(!(any_sample_below_deferral & initial_score_above_deferral))', 'G(!(min_above_auditing_threshold & any_sample_below_deferral))', '!(any_sample_below_deferral & all_samples_above_deferral)']
++++ Length: 10
++ Y-SAT CHECK
++ REALIZABILITY CHECK
++ COUNTERSTRATEGY COMPUTATION - REFINEMENT GENERATION

=== COUNTERRUN ===
S2 -> Sf8 -> Sf4


=== INTERPOLANT ===
(all_samples_above_deferral__Sf8 & any_sample_below_deferral__Sf8)


++++ ELAPSED TIME: 56.141804844
++++ QUEUE LENGTH: 189
++++ Solutions: 0
++++ Duplicates: 0
++++ Node number: 307
++++ Refinement: ['G(!(min_hits_higher_threshold & min_above_auditing_threshold))', 'G(!(all_samples_above_deferral & min_hits_higher_threshold))', '!(all_samples_above_deferral & min_above_auditing_threshold)', 'G(!(min_above_auditing_threshold & all_samples_above_deferral))', '!(any_sample_below_deferral & min_hits_higher_threshold)', 'G(!(min_hits_higher_threshold & any_sample_below_deferral))', 'G(!(initial_score_above_deferral & min_hits_higher_threshold))', 'G(!(any_sample_below_deferral & initial_score_above_deferral))', 'G(!(min_above_auditing_threshold & any_sample_below_deferral))', 'G(!(any_sample_below_deferral & all_samples_above_deferral))']
++++ Length: 10
++ Y-SAT CHECK
++ REALIZABILITY CHECK
++ COUNTERSTRATEGY COMPUTATION - REFINEMENT GENERATION

=== COUNTERRUN ===
Sf2 -> Sf4


=== INTERPOLANT ===
(initial_score_above_deferral__Sf2 & min_above_auditing_threshold__Sf2)


++++ ELAPSED TIME: 56.322840703000004
++++ QUEUE LENGTH: 190
++++ Solutions: 0
++++ Duplicates: 0
++++ Node number: 308
++++ Refinement: ['G(!(min_hits_higher_threshold & min_above_auditing_threshold))', 'G(!(all_samples_above_deferral & min_hits_higher_threshold))', 'G(!(all_samples_above_deferral & min_above_auditing_threshold))', 'G(!(min_hits_higher_threshold & any_sample_below_deferral))', 'G(!(min_hits_higher_threshold & initial_score_above_deferral))', '!(any_sample_below_deferral & initial_score_above_deferral)', 'G(!(any_sample_below_deferral & initial_score_above_deferral))', '!(any_sample_below_deferral & min_above_auditing_threshold)', 'G(!(any_sample_below_deferral & min_above_auditing_threshold))', '!(any_sample_below_deferral & all_samples_above_deferral)']
++++ Length: 10
++ Y-SAT CHECK
++ REALIZABILITY CHECK
++ COUNTERSTRATEGY COMPUTATION - REFINEMENT GENERATION

=== COUNTERRUN ===
S0 -> Sf6 -> Sf4


=== INTERPOLANT ===
(all_samples_above_deferral__Sf6 & any_sample_below_deferral__Sf6)


++++ ELAPSED TIME: 56.509698538
++++ QUEUE LENGTH: 190
++++ Solutions: 0
++++ Duplicates: 0
++++ Node number: 309
++++ Refinement: ['G(!(min_hits_higher_threshold & min_above_auditing_threshold))', 'G(!(all_samples_above_deferral & min_hits_higher_threshold))', 'G(!(all_samples_above_deferral & min_above_auditing_threshold))', 'G(!(min_hits_higher_threshold & any_sample_below_deferral))', 'G(!(min_hits_higher_threshold & initial_score_above_deferral))', '!(any_sample_below_deferral & initial_score_above_deferral)', 'G(!(any_sample_below_deferral & initial_score_above_deferral))', '!(any_sample_below_deferral & min_above_auditing_threshold)', 'G(!(any_sample_below_deferral & min_above_auditing_threshold))', 'G(!(any_sample_below_deferral & all_samples_above_deferral))']
++++ Length: 10
++ Y-SAT CHECK
++ REALIZABILITY CHECK
++ COUNTERSTRATEGY COMPUTATION - REFINEMENT GENERATION

=== COUNTERRUN ===
Sf2 -> Sf4


=== INTERPOLANT ===
(initial_score_above_deferral__Sf2 & min_above_auditing_threshold__Sf2)


++++ ELAPSED TIME: 56.678729984
++++ QUEUE LENGTH: 191
++++ Solutions: 0
++++ Duplicates: 0
++++ Node number: 310
++++ Refinement: ['G(!(min_hits_higher_threshold & min_above_auditing_threshold))', 'G(!(all_samples_above_deferral & min_hits_higher_threshold))', 'G(!(all_samples_above_deferral & min_above_auditing_threshold))', 'G(!(min_hits_higher_threshold & any_sample_below_deferral))', 'G(!(min_hits_higher_threshold & initial_score_above_deferral))', '!(any_sample_below_deferral & initial_score_above_deferral)', 'G(!(any_sample_below_deferral & initial_score_above_deferral))', 'G(!(any_sample_below_deferral & min_above_auditing_threshold))', 'G(!(all_samples_above_deferral & any_sample_below_deferral))', 'G(!(min_above_auditing_threshold & initial_score_above_deferral))']
++++ Length: 10
++ Y-SAT CHECK
++ REALIZABILITY CHECK
++ COUNTERSTRATEGY COMPUTATION - REFINEMENT GENERATION

=== COUNTERRUN ===
Sf3 -> Sf4


=== INTERPOLANT ===
(all_samples_above_deferral__Sf3 & initial_score_above_deferral__Sf3)


++++ ELAPSED TIME: 56.859583859000004
++++ QUEUE LENGTH: 192
++++ Solutions: 0
++++ Duplicates: 0
++++ Node number: 311
++++ Refinement: ['G(!(min_hits_higher_threshold & min_above_auditing_threshold))', 'G(!(all_samples_above_deferral & min_hits_higher_threshold))', 'G(!(all_samples_above_deferral & min_above_auditing_threshold))', 'G(!(min_hits_higher_threshold & any_sample_below_deferral))', 'G(!(min_hits_higher_threshold & initial_score_above_deferral))', '!(any_sample_below_deferral & initial_score_above_deferral)', 'G(!(any_sample_below_deferral & initial_score_above_deferral))', 'G(!(any_sample_below_deferral & min_above_auditing_threshold))', 'G(!(all_samples_above_deferral & any_sample_below_deferral))', '!(min_above_auditing_threshold & initial_score_above_deferral)']
++++ Length: 10
++ Y-SAT CHECK
++ REALIZABILITY CHECK
++ COUNTERSTRATEGY COMPUTATION - REFINEMENT GENERATION

=== COUNTERRUN ===
S1 -> Sf8 -> Sf4


=== INTERPOLANT ===
(initial_score_above_deferral__Sf8 & min_above_auditing_threshold__Sf8)


++++ ELAPSED TIME: 57.054105815
++++ QUEUE LENGTH: 192
++++ Solutions: 0
++++ Duplicates: 0
++++ Node number: 312
++++ Refinement: ['G(!(min_hits_higher_threshold & min_above_auditing_threshold))', 'G(!(all_samples_above_deferral & min_hits_higher_threshold))', 'G(!(all_samples_above_deferral & min_above_auditing_threshold))', 'G(!(min_hits_higher_threshold & any_sample_below_deferral))', 'G(!(min_hits_higher_threshold & initial_score_above_deferral))', '!(any_sample_below_deferral & initial_score_above_deferral)', 'G(!(any_sample_below_deferral & initial_score_above_deferral))', 'G(!(any_sample_below_deferral & min_above_auditing_threshold))', '!(all_samples_above_deferral & any_sample_below_deferral)', 'G(!(any_sample_below_deferral & all_samples_above_deferral))']
++++ Length: 10
++ Y-SAT CHECK
++ REALIZABILITY CHECK
++ COUNTERSTRATEGY COMPUTATION - REFINEMENT GENERATION

=== COUNTERRUN ===
Sf2 -> Sf4


=== INTERPOLANT ===
(initial_score_above_deferral__Sf2 & min_above_auditing_threshold__Sf2)


++++ ELAPSED TIME: 57.240961665
++++ QUEUE LENGTH: 193
++++ Solutions: 0
++++ Duplicates: 0
++++ Node number: 313
++++ Refinement: ['G(!(min_hits_higher_threshold & min_above_auditing_threshold))', 'G(!(all_samples_above_deferral & min_hits_higher_threshold))', 'G(!(all_samples_above_deferral & min_above_auditing_threshold))', 'G(!(min_hits_higher_threshold & any_sample_below_deferral))', 'G(!(min_hits_higher_threshold & initial_score_above_deferral))', 'G(!(any_sample_below_deferral & initial_score_above_deferral))', '!(any_sample_below_deferral & min_above_auditing_threshold)', 'G(!(any_sample_below_deferral & min_above_auditing_threshold))', '!(any_sample_below_deferral & all_samples_above_deferral)', 'G(!(all_samples_above_deferral & any_sample_below_deferral))']
++++ Length: 10
++ Y-SAT CHECK
++ REALIZABILITY CHECK
++ COUNTERSTRATEGY COMPUTATION - REFINEMENT GENERATION

=== COUNTERRUN ===
Sf3 -> Sf4


=== INTERPOLANT ===
(initial_score_above_deferral__Sf3 & min_above_auditing_threshold__Sf3)


++++ ELAPSED TIME: 57.445647253000004
++++ QUEUE LENGTH: 194
++++ Solutions: 0
++++ Duplicates: 0
++++ Node number: 314
++++ Refinement: ['G(!(min_hits_higher_threshold & min_above_auditing_threshold))', 'G(!(all_samples_above_deferral & min_hits_higher_threshold))', 'G(!(all_samples_above_deferral & min_above_auditing_threshold))', 'G(!(min_hits_higher_threshold & any_sample_below_deferral))', 'G(!(min_hits_higher_threshold & initial_score_above_deferral))', 'G(!(any_sample_below_deferral & initial_score_above_deferral))', '!(any_sample_below_deferral & min_above_auditing_threshold)', 'G(!(any_sample_below_deferral & min_above_auditing_threshold))', 'G(!(any_sample_below_deferral & all_samples_above_deferral))', 'G(!(min_above_auditing_threshold & initial_score_above_deferral))']
++++ Length: 10
++ Y-SAT CHECK
++ REALIZABILITY CHECK
++ COUNTERSTRATEGY COMPUTATION - REFINEMENT GENERATION

=== COUNTERRUN ===
Sf0 -> Sf4


=== INTERPOLANT ===
(all_samples_above_deferral__Sf0 & initial_score_above_deferral__Sf0)


++++ ELAPSED TIME: 57.618397243000004
++++ QUEUE LENGTH: 195
++++ Solutions: 0
++++ Duplicates: 0
++++ Node number: 315
++++ Refinement: ['G(!(min_hits_higher_threshold & min_above_auditing_threshold))', 'G(!(all_samples_above_deferral & min_hits_higher_threshold))', 'G(!(all_samples_above_deferral & min_above_auditing_threshold))', 'G(!(min_hits_higher_threshold & any_sample_below_deferral))', 'G(!(min_hits_higher_threshold & initial_score_above_deferral))', 'G(!(any_sample_below_deferral & initial_score_above_deferral))', '!(any_sample_below_deferral & min_above_auditing_threshold)', 'G(!(any_sample_below_deferral & min_above_auditing_threshold))', 'G(!(any_sample_below_deferral & all_samples_above_deferral))', '!(min_above_auditing_threshold & initial_score_above_deferral)']
++++ Length: 10
++ Y-SAT CHECK
++ REALIZABILITY CHECK
++ COUNTERSTRATEGY COMPUTATION - REFINEMENT GENERATION

=== COUNTERRUN ===
S0 -> Sf6 -> Sf4


=== INTERPOLANT ===
(initial_score_above_deferral__Sf6 & min_above_auditing_threshold__Sf6)


++++ ELAPSED TIME: 57.819132955
++++ QUEUE LENGTH: 195
++++ Solutions: 0
++++ Duplicates: 0
++++ Node number: 316
++++ Refinement: ['G(!(min_hits_higher_threshold & min_above_auditing_threshold))', 'G(!(all_samples_above_deferral & min_hits_higher_threshold))', 'G(!(all_samples_above_deferral & min_above_auditing_threshold))', 'G(!(min_hits_higher_threshold & any_sample_below_deferral))', 'G(!(min_hits_higher_threshold & initial_score_above_deferral))', 'G(!(any_sample_below_deferral & initial_score_above_deferral))', 'G(!(any_sample_below_deferral & min_above_auditing_threshold))', 'G(!(all_samples_above_deferral & any_sample_below_deferral))', 'G(!(min_above_auditing_threshold & initial_score_above_deferral))', 'G(!(initial_score_above_deferral & all_samples_above_deferral))']
++++ Length: 10
++ Y-SAT CHECK
++ REALIZABILITY CHECK
++ REALIZABLE REFINEMENT: SAT CHECK

++++ SAVING SEARCH SUMMARY DATA
