Id,Refinement,ElapsedTime,Timestamp,TimestampRealizabilityCheck,Length,Parent,NumChildren,IsYSat,IsRealizable,IsSatisfiable,IsWellSeparated,IsSolution,TimeYSatCheck,TimeRealizabilityCheck,TimeSatisfiabilityCheck,TimeWellSeparationCheck,TimeCounterstrategy,CounterstrategyNumStates,TimeRefine,TimeGenerationMethod,TimeInterpolation,InterpolantComputed,InterpolantIsFalse,NonStateSeparable,NoInterpolant,NumStateComponents,NumNonIoSeparable,Interpolant
f79e1af4-cf52-4d5d-8e72-a31962f55ab2,[],0.15902301099999994,0,0,0,N/A,2,True,False,N/A,N/A,False,0.007385135999999903,0.20868375300000008,N/A,N/A,0.02617941299999993,5,7.47900000002133e-05,0.12320135600000004,0.11529989000000018,True,N/A,N/A,N/A,1,0,(min_above_auditing_threshold__Sf3 & min_hits_higher_threshold__Sf3)
3ec6047f-332c-4b5c-b634-7b47a2dd6f7c,['!(min_hits_higher_threshold & min_above_auditing_threshold)'],0.3344813590000002,0.15882698499999992,0.1825772939999999,1,f79e1af4-cf52-4d5d-8e72-a31962f55ab2,1,True,False,N/A,N/A,False,0.019478443000000123,0.0035745349999998233,N/A,N/A,0.01740530699999998,9,7.399999999968543e-05,0.12916372600000003,0.12384242499999987,True,N/A,N/A,N/A,1,0,(min_above_auditing_threshold__Sf6 & min_hits_higher_threshold__Sf6)
efe0e1bf-4bb4-4f95-86f7-3b0a0aa34975,['G(!(min_hits_higher_threshold & min_above_auditing_threshold))'],0.49453804199999984,0.15884561499999994,0.3510910260000002,1,f79e1af4-cf52-4d5d-8e72-a31962f55ab2,2,True,False,N/A,N/A,False,0.012469789000000286,0.0036613000000000895,N/A,N/A,0.01879275100000033,5,8.41359999999014e-05,0.11936120000000017,0.11372553600000002,True,N/A,N/A,N/A,1,0,(all_samples_above_deferral__Sf3 & min_hits_higher_threshold__Sf3)
961ee148-fe5e-45ce-b01a-00e1956480fc,"['!(min_hits_higher_threshold & min_above_auditing_threshold)', 'G(!(min_above_auditing_threshold & min_hits_higher_threshold))']",0.6495673969999998,0.3342983930000001,0.5084118850000001,2,3ec6047f-332c-4b5c-b634-7b47a2dd6f7c,2,True,False,N/A,N/A,False,0.010910394999999795,0.002494272999999936,N/A,N/A,0.011203715999999808,5,9.116799999997482e-05,0.1256203789999999,0.1188993629999997,True,N/A,N/A,N/A,1,0,(all_samples_above_deferral__Sf1 & min_hits_higher_threshold__Sf1)
143aade8-e381-47b3-9c85-5ff21925b750,"['G(!(all_samples_above_deferral & min_hits_higher_threshold))', 'G(!(min_hits_higher_threshold & min_above_auditing_threshold))']",0.800774605,0.4943484389999999,0.6610494870000001,2,efe0e1bf-4bb4-4f95-86f7-3b0a0aa34975,2,True,False,N/A,N/A,False,0.008566138999999584,0.002396153999999928,N/A,N/A,0.010600527000000248,5,8.554999999965673e-05,0.12475143300000013,0.11765396099999981,True,N/A,N/A,N/A,1,0,(all_samples_above_deferral__Sf3 & min_above_auditing_threshold__Sf3)
131a9625-98ef-4bbd-83f0-a3a6845bd718,"['!(all_samples_above_deferral & min_hits_higher_threshold)', 'G(!(min_hits_higher_threshold & min_above_auditing_threshold))']",0.9599669099999999,0.4943699530000001,0.813485858,2,efe0e1bf-4bb4-4f95-86f7-3b0a0aa34975,1,True,False,N/A,N/A,False,0.008874216000000157,0.003219166000000051,N/A,N/A,0.012563321000000016,9,7.173200000032409e-05,0.1294033800000003,0.12377990599999977,True,N/A,N/A,N/A,1,0,(all_samples_above_deferral__Sf6 & min_hits_higher_threshold__Sf6)
9d1082ec-c5ab-414d-b6f3-1b85db516dca,"['!(min_hits_higher_threshold & min_above_auditing_threshold)', 'G(!(min_above_auditing_threshold & min_hits_higher_threshold))', 'G(!(min_hits_higher_threshold & all_samples_above_deferral))']",1.118295083,0.6493134970000001,0.9707367570000001,3,961ee148-fe5e-45ce-b01a-00e1956480fc,2,True,False,N/A,N/A,False,0.008012997000000244,0.0022624690000001557,N/A,N/A,0.008514308000000081,5,0.00012157799999990004,0.135184776,0.12759621799999987,True,N/A,N/A,N/A,1,0,(all_samples_above_deferral__Sf1 & min_above_auditing_threshold__Sf1)
09104e42-f15c-430e-907c-d900c74b066a,"['!(min_hits_higher_threshold & all_samples_above_deferral)', '!(min_hits_higher_threshold & min_above_auditing_threshold)', 'G(!(min_above_auditing_threshold & min_hits_higher_threshold))']",1.3142148059999998,0.6493395180000001,1.131369029,3,961ee148-fe5e-45ce-b01a-00e1956480fc,1,True,False,N/A,N/A,False,0.009445175999999833,0.0029391709999999627,N/A,N/A,0.013307192000000079,9,7.851199999997505e-05,0.16424414100000018,0.15644705099999978,True,N/A,N/A,N/A,1,0,(all_samples_above_deferral__Sf8 & min_hits_higher_threshold__Sf8)
1db99516-9dc0-404e-8ae3-ecf7534c3168,"['!(all_samples_above_deferral & min_above_auditing_threshold)', 'G(!(all_samples_above_deferral & min_hits_higher_threshold))', 'G(!(min_hits_higher_threshold & min_above_auditing_threshold))']",1.500657898,0.8005775540000002,1.3260648179999999,3,143aade8-e381-47b3-9c85-5ff21925b750,1,True,False,N/A,N/A,False,0.008405014000000044,0.002825674999999972,N/A,N/A,0.01250683900000027,9,0.00010049399999978448,0.15743944500000007,0.1501394859999996,True,N/A,N/A,N/A,1,0,(all_samples_above_deferral__Sf8 & min_above_auditing_threshold__Sf8)
d8035745-f30e-4ae7-af7a-566b150944d4,"['G(!(all_samples_above_deferral & min_above_auditing_threshold))', 'G(!(all_samples_above_deferral & min_hits_higher_threshold))', 'G(!(min_hits_higher_threshold & min_above_auditing_threshold))']",1.674790142,0.8006028449999998,1.512587618,3,143aade8-e381-47b3-9c85-5ff21925b750,2,True,False,N/A,N/A,False,0.008527307999999678,0.0027795300000001966,N/A,N/A,0.010599430999999715,5,9.385600000033634e-05,0.14648491200000002,0.1387964140000002,True,N/A,N/A,N/A,1,0,(any_sample_below_deferral__Sf0 & min_hits_higher_threshold__Sf0)
1f62d184-958c-4308-b76e-528779e1e68c,"['!(all_samples_above_deferral & min_hits_higher_threshold)', 'G(!(min_hits_higher_threshold & all_samples_above_deferral))', 'G(!(min_hits_higher_threshold & min_above_auditing_threshold))']",1.8580059480000002,0.9597811109999999,1.6856718609999999,3,131a9625-98ef-4bbd-83f0-a3a6845bd718,2,True,False,N/A,N/A,False,0.007621781000000105,0.002729308999999791,N/A,N/A,0.008669098000000375,5,0.00010407099999998337,0.159357231,0.15029721200000035,True,N/A,N/A,N/A,1,0,(all_samples_above_deferral__Sf3 & min_above_auditing_threshold__Sf3)
30c6335c-2683-49f0-8efe-0a774643a2d7,"['!(min_hits_higher_threshold & min_above_auditing_threshold)', 'G(!(min_above_auditing_threshold & all_samples_above_deferral))', 'G(!(min_above_auditing_threshold & min_hits_higher_threshold))', 'G(!(min_hits_higher_threshold & all_samples_above_deferral))']",2.03626228,1.1180379980000001,1.8802811039999998,4,9d1082ec-c5ab-414d-b6f3-1b85db516dca,2,True,False,N/A,N/A,False,0.018993576999999817,0.0026677120000000443,N/A,N/A,0.009241940999999976,5,9.74650000000743e-05,0.14237310899999978,0.1347638769999997,True,N/A,N/A,N/A,1,0,(any_sample_below_deferral__Sf0 & min_hits_higher_threshold__Sf0)
062e51fc-1779-4b78-b6e6-ae82bd03bb47,"['!(min_above_auditing_threshold & all_samples_above_deferral)', '!(min_hits_higher_threshold & min_above_auditing_threshold)', 'G(!(min_above_auditing_threshold & min_hits_higher_threshold))', 'G(!(min_hits_higher_threshold & all_samples_above_deferral))']",2.219862217,1.118070758,2.046419567,4,9d1082ec-c5ab-414d-b6f3-1b85db516dca,1,True,False,N/A,N/A,False,0.007397620999999965,0.0022106509999999524,N/A,N/A,0.010504762999999695,9,7.808500000017204e-05,0.15909287999999977,0.1523004969999997,True,N/A,N/A,N/A,1,0,(all_samples_above_deferral__Sf7 & min_above_auditing_threshold__Sf7)
a1860e27-bb60-4e57-8b92-5448f95de18f,"['!(min_hits_higher_threshold & all_samples_above_deferral)', '!(min_hits_higher_threshold & min_above_auditing_threshold)', 'G(!(all_samples_above_deferral & min_hits_higher_threshold))', 'G(!(min_above_auditing_threshold & min_hits_higher_threshold))']",2.3885627379999996,1.314008141,2.228965552,4,09104e42-f15c-430e-907c-d900c74b066a,2,True,False,N/A,N/A,False,0.0065176349999997996,0.002070396000000141,N/A,N/A,0.008032077999999832,5,9.330800000029171e-05,0.1477884839999999,0.1394681630000001,True,N/A,N/A,N/A,1,0,(all_samples_above_deferral__Sf3 & min_above_auditing_threshold__Sf3)
2b3bb498-a148-47f6-8df3-9d7a2df61f4c,"['!(all_samples_above_deferral & min_above_auditing_threshold)', 'G(!(all_samples_above_deferral & min_hits_higher_threshold))', 'G(!(min_above_auditing_threshold & all_samples_above_deferral))', 'G(!(min_hits_higher_threshold & min_above_auditing_threshold))']",2.55767723,1.5004269030000001,2.39858093,4,1db99516-9dc0-404e-8ae3-ecf7534c3168,2,True,False,N/A,N/A,False,0.007223611999999768,0.0021603630000006646,N/A,N/A,0.00797694999999976,5,0.00010049499999986722,0.14677747200000013,0.13921594400000004,True,N/A,N/A,N/A,1,0,(any_sample_below_deferral__Sf3 & min_hits_higher_threshold__Sf3)
0f0051f7-e5db-4a90-9c4c-1b53f062ca55,"['G(!(all_samples_above_deferral & min_above_auditing_threshold))', 'G(!(all_samples_above_deferral & min_hits_higher_threshold))', 'G(!(min_hits_higher_threshold & any_sample_below_deferral))', 'G(!(min_hits_higher_threshold & min_above_auditing_threshold))']",2.73032343,1.674572274,2.5675445370000003,4,d8035745-f30e-4ae7-af7a-566b150944d4,2,True,False,N/A,N/A,False,0.006897947999999765,0.002178711,N/A,N/A,0.00902393700000026,5,0.00011204200000047848,0.1493667289999996,0.14061194599999993,True,N/A,N/A,N/A,1,0,(initial_score_above_deferral__Sf3 & min_hits_higher_threshold__Sf3)
907e5feb-1135-453c-8d9a-c3a28147d896,"['!(min_hits_higher_threshold & any_sample_below_deferral)', 'G(!(all_samples_above_deferral & min_above_auditing_threshold))', 'G(!(all_samples_above_deferral & min_hits_higher_threshold))', 'G(!(min_hits_higher_threshold & min_above_auditing_threshold))']",2.91738422,1.6745990000000002,2.7400728400000003,4,d8035745-f30e-4ae7-af7a-566b150944d4,1,True,False,N/A,N/A,False,0.007109433000000109,0.001988135999999585,N/A,N/A,0.009519242999999733,9,8.169399999946592e-05,0.16385953600000036,0.1556932489999996,True,N/A,N/A,N/A,1,0,(any_sample_below_deferral__Sf5 & min_hits_higher_threshold__Sf5)
4fe052f7-3454-465c-b515-eaa7d4da6344,"['!(all_samples_above_deferral & min_above_auditing_threshold)', '!(all_samples_above_deferral & min_hits_higher_threshold)', 'G(!(min_hits_higher_threshold & all_samples_above_deferral))', 'G(!(min_hits_higher_threshold & min_above_auditing_threshold))']",3.09912669,1.857760421,2.9261827530000004,4,1f62d184-958c-4308-b76e-528779e1e68c,1,True,False,N/A,N/A,False,0.006395927999999884,0.0018690069999998116,N/A,N/A,0.009116484000000646,9,7.855299999981469e-05,0.16034863100000063,0.15337457999999948,True,N/A,N/A,N/A,1,0,(all_samples_above_deferral__Sf6 & min_above_auditing_threshold__Sf6)
3bc93d9c-5dae-4b1c-ada0-ae990fdcde4f,"['!(all_samples_above_deferral & min_hits_higher_threshold)', 'G(!(all_samples_above_deferral & min_above_auditing_threshold))', 'G(!(min_hits_higher_threshold & all_samples_above_deferral))', 'G(!(min_hits_higher_threshold & min_above_auditing_threshold))']",3.2676177220000002,1.8577901749999999,3.107911469,4,1f62d184-958c-4308-b76e-528779e1e68c,2,True,False,N/A,N/A,False,0.0063474060000006105,0.0018912489999998172,N/A,N/A,0.007218828000000066,5,0.00010576800000006159,0.14872189999999996,0.14035676900000027,True,N/A,N/A,N/A,1,0,(any_sample_below_deferral__Sf2 & min_hits_higher_threshold__Sf2)
d2a30ec4-53f0-4f8a-86be-52d537e771fe,"['!(min_hits_higher_threshold & min_above_auditing_threshold)', 'G(!(min_above_auditing_threshold & all_samples_above_deferral))', 'G(!(min_above_auditing_threshold & min_hits_higher_threshold))', 'G(!(min_hits_higher_threshold & all_samples_above_deferral))', 'G(!(min_hits_higher_threshold & any_sample_below_deferral))']",3.4427848090000004,2.036045247,3.2763616169999996,5,30c6335c-2683-49f0-8efe-0a774643a2d7,2,True,False,N/A,N/A,False,0.006404715000000394,0.001767257000000022,N/A,N/A,0.007335959999999808,5,9.211500000017026e-05,0.14152248999999983,0.13345696799999995,True,N/A,N/A,N/A,1,0,(initial_score_above_deferral__Sf0 & min_hits_higher_threshold__Sf0)
9382f8bd-a46f-4b93-95e6-493cb3dd38d0,"['!(min_hits_higher_threshold & any_sample_below_deferral)', '!(min_hits_higher_threshold & min_above_auditing_threshold)', 'G(!(min_above_auditing_threshold & all_samples_above_deferral))', 'G(!(min_above_auditing_threshold & min_hits_higher_threshold))', 'G(!(min_hits_higher_threshold & all_samples_above_deferral))']",3.614486529,2.036072934,3.4502867279999996,5,30c6335c-2683-49f0-8efe-0a774643a2d7,1,True,False,N/A,N/A,False,0.005305530000000225,0.0016836219999998292,N/A,N/A,0.008394705000000613,9,9.382999999996144e-05,0.1521549809999998,0.14415451899999976,True,N/A,N/A,N/A,1,0,(any_sample_below_deferral__Sf7 & min_hits_higher_threshold__Sf7)
09a646e4-f988-44a8-8fc4-7fdb33cfc46d,"['!(min_above_auditing_threshold & all_samples_above_deferral)', '!(min_hits_higher_threshold & min_above_auditing_threshold)', 'G(!(all_samples_above_deferral & min_above_auditing_threshold))', 'G(!(min_above_auditing_threshold & min_hits_higher_threshold))', 'G(!(min_hits_higher_threshold & all_samples_above_deferral))']",3.7941262520000003,2.219670812,3.6243237489999998,5,062e51fc-1779-4b78-b6e6-ae82bd03bb47,2,True,False,N/A,N/A,False,0.007553600999999688,0.0016334310000001295,N/A,N/A,0.006419882000000321,5,0.00010853499999985416,0.15994563199999945,0.15022088900000075,True,N/A,N/A,N/A,1,0,(any_sample_below_deferral__Sf0 & min_hits_higher_threshold__Sf0)
ca6ab91d-ad2e-4d39-b864-bc72ba649ca3,"['!(all_samples_above_deferral & min_above_auditing_threshold)', '!(min_hits_higher_threshold & all_samples_above_deferral)', '!(min_hits_higher_threshold & min_above_auditing_threshold)', 'G(!(all_samples_above_deferral & min_hits_higher_threshold))', 'G(!(min_above_auditing_threshold & min_hits_higher_threshold))']",3.972085941,2.388307217,3.803207793,5,a1860e27-bb60-4e57-8b92-5448f95de18f,1,True,False,N/A,N/A,False,0.006521580000000249,0.0018752539999997708,N/A,N/A,0.007996355999999594,9,9.660100000008498e-05,0.15739191800000008,0.14966309600000027,True,N/A,N/A,N/A,1,0,(all_samples_above_deferral__Sf8 & min_above_auditing_threshold__Sf8)
779a5920-597c-4c20-acbe-892f2c81a798,"['!(min_hits_higher_threshold & all_samples_above_deferral)', '!(min_hits_higher_threshold & min_above_auditing_threshold)', 'G(!(all_samples_above_deferral & min_above_auditing_threshold))', 'G(!(all_samples_above_deferral & min_hits_higher_threshold))', 'G(!(min_above_auditing_threshold & min_hits_higher_threshold))']",4.140190882000001,2.3883335650000004,3.980969029,5,a1860e27-bb60-4e57-8b92-5448f95de18f,2,True,False,N/A,N/A,False,0.006590469999999904,0.0016526680000001903,N/A,N/A,0.0065309860000004605,5,0.00011055100000056939,0.14890427899999992,0.14038583300000074,True,N/A,N/A,N/A,1,0,(any_sample_below_deferral__Sf0 & min_hits_higher_threshold__Sf0)
afd88f67-ed64-4573-8ec6-1c59207d4d6a,"['!(all_samples_above_deferral & min_above_auditing_threshold)', 'G(!(all_samples_above_deferral & min_hits_higher_threshold))', 'G(!(any_sample_below_deferral & min_hits_higher_threshold))', 'G(!(min_above_auditing_threshold & all_samples_above_deferral))', 'G(!(min_hits_higher_threshold & min_above_auditing_threshold))']",4.3140855380000005,2.557464163,4.149307143,5,2b3bb498-a148-47f6-8df3-9d7a2df61f4c,2,True,False,N/A,N/A,False,0.006302482000000609,0.002130076999999453,N/A,N/A,0.006625745000000016,5,0.00010236500000004867,0.1540491829999997,0.14337370500000013,True,N/A,N/A,N/A,1,0,(initial_score_above_deferral__Sf3 & min_hits_higher_threshold__Sf3)
a9798f5b-69c1-4ac0-871d-571ffe578864,"['!(all_samples_above_deferral & min_above_auditing_threshold)', '!(any_sample_below_deferral & min_hits_higher_threshold)', 'G(!(all_samples_above_deferral & min_hits_higher_threshold))', 'G(!(min_above_auditing_threshold & all_samples_above_deferral))', 'G(!(min_hits_higher_threshold & min_above_auditing_threshold))']",4.4941876050000005,2.5574909470000002,4.322128244,5,2b3bb498-a148-47f6-8df3-9d7a2df61f4c,1,True,False,N/A,N/A,False,0.005908658999999261,0.0014744079999999826,N/A,N/A,0.007691608000000016,9,7.886400000067795e-05,0.15975883499999988,0.15275346499999998,True,N/A,N/A,N/A,1,0,(any_sample_below_deferral__Sf7 & min_hits_higher_threshold__Sf7)
91f6ba0e-e4c1-4c54-ad40-ef16efd7123f,"['G(!(all_samples_above_deferral & min_above_auditing_threshold))', 'G(!(all_samples_above_deferral & min_hits_higher_threshold))', 'G(!(min_hits_higher_threshold & any_sample_below_deferral))', 'G(!(min_hits_higher_threshold & initial_score_above_deferral))', 'G(!(min_hits_higher_threshold & min_above_auditing_threshold))']",4.656962118999999,2.730063204,4.501728884,5,0f0051f7-e5db-4a90-9c4c-1b53f062ca55,2,True,False,N/A,N/A,False,0.0052501859999996014,0.0017459710000000683,N/A,N/A,0.006340620999999658,5,9.974300000070713e-05,0.14519028700000014,0.1365466830000006,True,N/A,N/A,N/A,1,0,(any_sample_below_deferral__Sf2 & initial_score_above_deferral__Sf2)
9050935b-bc19-40a6-a951-6a6c2631a32c,"['!(min_hits_higher_threshold & initial_score_above_deferral)', 'G(!(all_samples_above_deferral & min_above_auditing_threshold))', 'G(!(all_samples_above_deferral & min_hits_higher_threshold))', 'G(!(min_hits_higher_threshold & any_sample_below_deferral))', 'G(!(min_hits_higher_threshold & min_above_auditing_threshold))']",4.847782918,2.7300932669999995,4.664942734,5,0f0051f7-e5db-4a90-9c4c-1b53f062ca55,1,True,False,N/A,N/A,False,0.005652474999999768,0.001629005999999933,N/A,N/A,0.01446986100000025,9,8.569600000019051e-05,0.16465607199999965,0.15704682999999964,True,N/A,N/A,N/A,1,0,(initial_score_above_deferral__Sf7 & min_hits_higher_threshold__Sf7)
5b2a4c0f-f27e-4d4c-a9c3-ca710d77ef37,"['!(min_hits_higher_threshold & any_sample_below_deferral)', 'G(!(all_samples_above_deferral & min_above_auditing_threshold))', 'G(!(all_samples_above_deferral & min_hits_higher_threshold))', 'G(!(min_hits_higher_threshold & any_sample_below_deferral))', 'G(!(min_hits_higher_threshold & min_above_auditing_threshold))']",5.017337948,2.9171918499999996,4.856293788,5,907e5feb-1135-453c-8d9a-c3a28147d896,2,True,False,N/A,N/A,False,0.0060840789999998535,0.0018471870000000834,N/A,N/A,0.006704000000000043,5,0.00010477300000033551,0.15039591499999982,0.14180258599999984,True,N/A,N/A,N/A,1,0,(initial_score_above_deferral__Sf2 & min_hits_higher_threshold__Sf2)
45696d33-d6b5-43ad-94bd-db5609528013,"['!(all_samples_above_deferral & min_above_auditing_threshold)', '!(all_samples_above_deferral & min_hits_higher_threshold)', 'G(!(min_above_auditing_threshold & all_samples_above_deferral))', 'G(!(min_hits_higher_threshold & all_samples_above_deferral))', 'G(!(min_hits_higher_threshold & min_above_auditing_threshold))']",5.212210971999999,3.0989258640000004,5.02490087,5,4fe052f7-3454-465c-b515-eaa7d4da6344,2,True,False,N/A,N/A,False,0.005423379000000672,0.0014891700000001507,N/A,N/A,0.006102002999999634,5,0.00011961600000010009,0.17770993400000012,0.1679345889999997,True,N/A,N/A,N/A,1,0,(any_sample_below_deferral__Sf3 & min_hits_higher_threshold__Sf3)
e5a847e1-160e-4dda-b246-d1992b5c8ae1,"['!(all_samples_above_deferral & min_hits_higher_threshold)', 'G(!(all_samples_above_deferral & min_above_auditing_threshold))', 'G(!(any_sample_below_deferral & min_hits_higher_threshold))', 'G(!(min_hits_higher_threshold & all_samples_above_deferral))', 'G(!(min_hits_higher_threshold & min_above_auditing_threshold))']",5.401273558,3.2673961850000004,5.220321202999999,5,3bc93d9c-5dae-4b1c-ada0-ae990fdcde4f,2,True,False,N/A,N/A,False,0.005743121000000073,0.0016897990000002139,N/A,N/A,0.006572581999999549,5,0.00012449599999975192,0.17049714199999944,0.16088666800000073,True,N/A,N/A,N/A,1,0,(initial_score_above_deferral__Sf3 & min_hits_higher_threshold__Sf3)
bfce4a79-8b55-4f5e-ab27-afcbc9753661,"['!(all_samples_above_deferral & min_hits_higher_threshold)', '!(any_sample_below_deferral & min_hits_higher_threshold)', 'G(!(all_samples_above_deferral & min_above_auditing_threshold))', 'G(!(min_hits_higher_threshold & all_samples_above_deferral))', 'G(!(min_hits_higher_threshold & min_above_auditing_threshold))']",5.642325207000001,3.267422641,5.410213808,5,3bc93d9c-5dae-4b1c-ada0-ae990fdcde4f,1,True,False,N/A,N/A,False,0.006465401999999898,0.0017102449999999436,N/A,N/A,0.02811725900000006,9,0.00010965999999967835,0.19828530099999941,0.15008032400000015,True,N/A,N/A,N/A,1,0,(any_sample_below_deferral__Sf6 & min_hits_higher_threshold__Sf6)
1ca2b35c-b729-46e5-b035-ff68e30e210c,"['!(initial_score_above_deferral & min_hits_higher_threshold)', '!(min_hits_higher_threshold & min_above_auditing_threshold)', 'G(!(min_above_auditing_threshold & all_samples_above_deferral))', 'G(!(min_above_auditing_threshold & min_hits_higher_threshold))', 'G(!(min_hits_higher_threshold & all_samples_above_deferral))', 'G(!(min_hits_higher_threshold & any_sample_below_deferral))']",5.842741222000001,3.4425801459999996,5.6603982980000005,6,d2a30ec4-53f0-4f8a-86be-52d537e771fe,1,True,False,N/A,N/A,False,0.00654220200000033,0.0016548790000001645,N/A,N/A,0.0082937059999999,9,8.725699999967418e-05,0.1704013410000007,0.16244754299999986,True,N/A,N/A,N/A,1,0,(initial_score_above_deferral__Sf6 & min_hits_higher_threshold__Sf6)
da9ad88b-b7c0-4d50-8385-702ff9156282,"['!(min_hits_higher_threshold & min_above_auditing_threshold)', 'G(!(initial_score_above_deferral & min_hits_higher_threshold))', 'G(!(min_above_auditing_threshold & all_samples_above_deferral))', 'G(!(min_above_auditing_threshold & min_hits_higher_threshold))', 'G(!(min_hits_higher_threshold & all_samples_above_deferral))', 'G(!(min_hits_higher_threshold & any_sample_below_deferral))']",6.018788334,3.4426060059999997,5.8500883770000005,6,d2a30ec4-53f0-4f8a-86be-52d537e771fe,2,True,False,N/A,N/A,False,0.005241051999999691,0.0015020770000004902,N/A,N/A,0.006575897999999469,5,0.00012128099999930697,0.1585177050000004,0.14924553800000062,True,N/A,N/A,N/A,1,0,(any_sample_below_deferral__Sf0 & initial_score_above_deferral__Sf0)
216f9ee2-e8bf-4371-bca7-69e464be4913,"['!(min_hits_higher_threshold & any_sample_below_deferral)', '!(min_hits_higher_threshold & min_above_auditing_threshold)', 'G(!(min_above_auditing_threshold & all_samples_above_deferral))', 'G(!(min_above_auditing_threshold & min_hits_higher_threshold))', 'G(!(min_hits_higher_threshold & all_samples_above_deferral))', 'G(!(min_hits_higher_threshold & any_sample_below_deferral))']",6.199212461,3.61424559,6.026572783000001,6,9382f8bd-a46f-4b93-95e6-493cb3dd38d0,2,True,False,N/A,N/A,False,0.0055571829999996325,0.0015507890000003854,N/A,N/A,0.0059827249999999665,5,0.00012552299999946115,0.16283507299999922,0.15348390100000042,True,N/A,N/A,N/A,1,0,(initial_score_above_deferral__Sf2 & min_hits_higher_threshold__Sf2)
c670aa8b-d6cc-40e3-a67d-18c95a6f5e34,"['!(min_above_auditing_threshold & all_samples_above_deferral)', '!(min_hits_higher_threshold & min_above_auditing_threshold)', 'G(!(all_samples_above_deferral & min_above_auditing_threshold))', 'G(!(min_above_auditing_threshold & min_hits_higher_threshold))', 'G(!(min_hits_higher_threshold & all_samples_above_deferral))', 'G(!(min_hits_higher_threshold & any_sample_below_deferral))']",6.373465916999999,3.793857714,6.207429697,6,09a646e4-f988-44a8-8fc4-7fdb33cfc46d,2,True,False,N/A,N/A,False,0.005714860999999516,0.0017066169999999659,N/A,N/A,0.006684528000000078,5,0.00011410800000000165,0.15558440899999937,0.14632595399999992,True,N/A,N/A,N/A,1,0,(initial_score_above_deferral__Sf2 & min_hits_higher_threshold__Sf2)
d374b885-ac1d-4269-9448-68d27dbbf276,"['!(min_above_auditing_threshold & all_samples_above_deferral)', '!(min_hits_higher_threshold & any_sample_below_deferral)', '!(min_hits_higher_threshold & min_above_auditing_threshold)', 'G(!(all_samples_above_deferral & min_above_auditing_threshold))', 'G(!(min_above_auditing_threshold & min_hits_higher_threshold))', 'G(!(min_hits_higher_threshold & all_samples_above_deferral))']",6.547096395999999,3.7938886320000003,6.381863351,6,09a646e4-f988-44a8-8fc4-7fdb33cfc46d,1,True,False,N/A,N/A,False,0.005887553999999184,0.0018398749999999353,N/A,N/A,0.007790066000000095,9,7.734500000111666e-05,0.15362222599999953,0.1462392769999994,True,N/A,N/A,N/A,1,0,(any_sample_below_deferral__Sf8 & min_hits_higher_threshold__Sf8)
c908e275-aef5-4f0c-8c7f-c1a2572a32f8,"['!(all_samples_above_deferral & min_above_auditing_threshold)', '!(min_hits_higher_threshold & all_samples_above_deferral)', '!(min_hits_higher_threshold & min_above_auditing_threshold)', 'G(!(all_samples_above_deferral & min_hits_higher_threshold))', 'G(!(min_above_auditing_threshold & all_samples_above_deferral))', 'G(!(min_above_auditing_threshold & min_hits_higher_threshold))']",6.714352074999999,3.9718572149999996,6.554075053,6,ca6ab91d-ad2e-4d39-b864-bc72ba649ca3,2,True,False,N/A,N/A,False,0.004962493000000734,0.0014872870000015581,N/A,N/A,0.005788034000000053,5,0.00012075600000116538,0.1510183610000002,0.14140688700000048,True,N/A,N/A,N/A,1,0,(any_sample_below_deferral__Sf3 & min_hits_higher_threshold__Sf3)
7ff0ba93-8457-48a5-b436-379d8c331e87,"['!(min_hits_higher_threshold & all_samples_above_deferral)', '!(min_hits_higher_threshold & min_above_auditing_threshold)', 'G(!(all_samples_above_deferral & min_above_auditing_threshold))', 'G(!(all_samples_above_deferral & min_hits_higher_threshold))', 'G(!(min_above_auditing_threshold & min_hits_higher_threshold))', 'G(!(min_hits_higher_threshold & any_sample_below_deferral))']",6.884640560999999,4.139929471,6.723093233,6,779a5920-597c-4c20-acbe-892f2c81a798,2,True,False,N/A,N/A,False,0.006127205000000302,0.0017466099999996487,N/A,N/A,0.006303527000000031,5,9.288000000040597e-05,0.15115285999999983,0.1426722990000009,True,N/A,N/A,N/A,1,0,(initial_score_above_deferral__Sf3 & min_hits_higher_threshold__Sf3)
1849ef68-9562-426a-a44c-2b874c91bcec,"['!(min_hits_higher_threshold & all_samples_above_deferral)', '!(min_hits_higher_threshold & any_sample_below_deferral)', '!(min_hits_higher_threshold & min_above_auditing_threshold)', 'G(!(all_samples_above_deferral & min_above_auditing_threshold))', 'G(!(all_samples_above_deferral & min_hits_higher_threshold))', 'G(!(min_above_auditing_threshold & min_hits_higher_threshold))']",7.056161736,4.139958948,6.891594246,6,779a5920-597c-4c20-acbe-892f2c81a798,1,True,False,N/A,N/A,False,0.004928636999999014,0.0014840199999994752,N/A,N/A,0.007253743999999784,9,7.53350000000097e-05,0.15379429199999883,0.14644503099999895,True,N/A,N/A,N/A,1,0,(any_sample_below_deferral__Sf5 & min_hits_higher_threshold__Sf5)
275393c2-b205-47c0-900c-420461f271d7,"['!(all_samples_above_deferral & min_above_auditing_threshold)', 'G(!(all_samples_above_deferral & min_hits_higher_threshold))', 'G(!(any_sample_below_deferral & min_hits_higher_threshold))', 'G(!(min_above_auditing_threshold & all_samples_above_deferral))', 'G(!(min_hits_higher_threshold & initial_score_above_deferral))', 'G(!(min_hits_higher_threshold & min_above_auditing_threshold))']",7.227953823,4.313837187000001,7.063108521,6,afd88f67-ed64-4573-8ec6-1c59207d4d6a,2,True,False,N/A,N/A,False,0.0049303710000003775,0.0014645590000004205,N/A,N/A,0.005596641000000346,5,0.00011286600000026681,0.15575940999999993,0.14514192799999925,True,N/A,N/A,N/A,1,0,(any_sample_below_deferral__Sf0 & initial_score_above_deferral__Sf0)
c6b68864-646b-4a48-b401-e130914b4bee,"['!(all_samples_above_deferral & min_above_auditing_threshold)', '!(min_hits_higher_threshold & initial_score_above_deferral)', 'G(!(all_samples_above_deferral & min_hits_higher_threshold))', 'G(!(any_sample_below_deferral & min_hits_higher_threshold))', 'G(!(min_above_auditing_threshold & all_samples_above_deferral))', 'G(!(min_hits_higher_threshold & min_above_auditing_threshold))']",7.414644410999999,4.313865612000001,7.236144548999999,6,afd88f67-ed64-4573-8ec6-1c59207d4d6a,1,True,False,N/A,N/A,False,0.005978080000000219,0.0015671729999997552,N/A,N/A,0.007614086000000242,9,8.45730000005318e-05,0.15744230999999864,0.14990314799999993,True,N/A,N/A,N/A,1,0,(initial_score_above_deferral__Sf7 & min_hits_higher_threshold__Sf7)
4293418d-9df9-446c-9c80-98688fa20e5f,"['!(all_samples_above_deferral & min_above_auditing_threshold)', '!(any_sample_below_deferral & min_hits_higher_threshold)', 'G(!(all_samples_above_deferral & min_hits_higher_threshold))', 'G(!(min_above_auditing_threshold & all_samples_above_deferral))', 'G(!(min_hits_higher_threshold & any_sample_below_deferral))', 'G(!(min_hits_higher_threshold & min_above_auditing_threshold))']",7.591941809,4.493988199,7.422991934999999,6,a9798f5b-69c1-4ac0-871d-571ffe578864,2,True,False,N/A,N/A,False,0.005799918000001014,0.001584150999999423,N/A,N/A,0.006081862000000271,5,9.885999999958983e-05,0.12925880600000106,0.12149438099999976,True,N/A,N/A,N/A,1,0,(initial_score_above_deferral__Sf1 & min_hits_higher_threshold__Sf1)
185e95e8-05b3-41bf-86f3-903d09341dca,"['!(any_sample_below_deferral & initial_score_above_deferral)', 'G(!(all_samples_above_deferral & min_above_auditing_threshold))', 'G(!(all_samples_above_deferral & min_hits_higher_threshold))', 'G(!(min_hits_higher_threshold & any_sample_below_deferral))', 'G(!(min_hits_higher_threshold & initial_score_above_deferral))', 'G(!(min_hits_higher_threshold & min_above_auditing_threshold))']",7.743774953999999,4.656743372999999,7.598024279999999,6,91f6ba0e-e4c1-4c54-ad40-ef16efd7123f,1,True,False,N/A,N/A,False,0.0042200539999992515,0.0011556879999989889,N/A,N/A,0.007179883999999248,9,7.704199999913897e-05,0.13530008300000063,0.12782928500000068,True,N/A,N/A,N/A,1,0,(any_sample_below_deferral__Sf8 & initial_score_above_deferral__Sf8)
7eaafe31-c5e4-4916-9e09-ef64b9e37ecb,"['G(!(all_samples_above_deferral & min_above_auditing_threshold))', 'G(!(all_samples_above_deferral & min_hits_higher_threshold))', 'G(!(any_sample_below_deferral & initial_score_above_deferral))', 'G(!(min_hits_higher_threshold & any_sample_below_deferral))', 'G(!(min_hits_higher_threshold & initial_score_above_deferral))', 'G(!(min_hits_higher_threshold & min_above_auditing_threshold))']",7.886507135999999,4.656769512,7.750686427,6,91f6ba0e-e4c1-4c54-ad40-ef16efd7123f,2,True,False,N/A,N/A,False,0.00470224899999927,0.0016920670000004634,N/A,N/A,0.004880437000000626,5,8.85440000004678e-05,0.12775993700000043,0.12011108099999923,True,N/A,N/A,N/A,1,0,(any_sample_below_deferral__Sf2 & min_above_auditing_threshold__Sf2)
58e7ff16-bbc8-4858-b82d-b06b651f74ce,"['!(min_hits_higher_threshold & initial_score_above_deferral)', 'G(!(all_samples_above_deferral & min_above_auditing_threshold))', 'G(!(all_samples_above_deferral & min_hits_higher_threshold))', 'G(!(min_hits_higher_threshold & any_sample_below_deferral))', 'G(!(min_hits_higher_threshold & initial_score_above_deferral))', 'G(!(min_hits_higher_threshold & min_above_auditing_threshold))']",8.031613934,4.8475753390000005,7.892853559999999,6,9050935b-bc19-40a6-a951-6a6c2631a32c,2,True,False,N/A,N/A,False,0.004499147000000647,0.0011788410000015404,N/A,N/A,0.004997918000000823,5,0.00011329900000056625,0.1309714090000007,0.12375894700000067,True,N/A,N/A,N/A,1,0,(any_sample_below_deferral__Sf0 & initial_score_above_deferral__Sf0)
9cfae37e-5821-4712-bcf7-f085ec2459d4,"['!(initial_score_above_deferral & min_hits_higher_threshold)', '!(min_hits_higher_threshold & any_sample_below_deferral)', 'G(!(all_samples_above_deferral & min_above_auditing_threshold))', 'G(!(all_samples_above_deferral & min_hits_higher_threshold))', 'G(!(min_hits_higher_threshold & any_sample_below_deferral))', 'G(!(min_hits_higher_threshold & min_above_auditing_threshold))']",8.240252414,5.017106590999999,8.03839432,6,5b2a4c0f-f27e-4d4c-a9c3-ca710d77ef37,1,True,False,N/A,N/A,False,0.004782771999998658,0.0014720560000007765,N/A,N/A,0.007945813000000967,9,0.00010037399999873742,0.19022138400000088,0.18062577999999974,True,N/A,N/A,N/A,1,0,(initial_score_above_deferral__Sf6 & min_hits_higher_threshold__Sf6)
2add8c6e-c557-48c3-99e8-93c52a163a72,"['!(min_hits_higher_threshold & any_sample_below_deferral)', 'G(!(all_samples_above_deferral & min_above_auditing_threshold))', 'G(!(all_samples_above_deferral & min_hits_higher_threshold))', 'G(!(initial_score_above_deferral & min_hits_higher_threshold))', 'G(!(min_hits_higher_threshold & any_sample_below_deferral))', 'G(!(min_hits_higher_threshold & min_above_auditing_threshold))']",8.405657460999999,5.017134059,8.247838196,6,5b2a4c0f-f27e-4d4c-a9c3-ca710d77ef37,2,True,False,N/A,N/A,False,0.005423563000000797,0.0014836840000000961,N/A,N/A,0.006016934000001584,5,0.0001096799999995568,0.14831266800000087,0.13961624100000058,True,N/A,N/A,N/A,1,0,(any_sample_below_deferral__Sf3 & initial_score_above_deferral__Sf3)
57c9704b-bc1f-49eb-bdad-e75c12a8c2b0,"['!(all_samples_above_deferral & min_above_auditing_threshold)', '!(all_samples_above_deferral & min_hits_higher_threshold)', 'G(!(any_sample_below_deferral & min_hits_higher_threshold))', 'G(!(min_above_auditing_threshold & all_samples_above_deferral))', 'G(!(min_hits_higher_threshold & all_samples_above_deferral))', 'G(!(min_hits_higher_threshold & min_above_auditing_threshold))']",8.568354398,5.211942219999999,8.4125702,6,45696d33-d6b5-43ad-94bd-db5609528013,2,True,False,N/A,N/A,False,0.004709595000001343,0.0015783569999996416,N/A,N/A,0.005937987000001144,5,9.758200000042905e-05,0.1460704909999997,0.1371127019999996,True,N/A,N/A,N/A,1,0,(initial_score_above_deferral__Sf2 & min_hits_higher_threshold__Sf2)
cb99c985-d0dc-4824-877a-b6934f119b19,"['!(all_samples_above_deferral & min_above_auditing_threshold)', '!(all_samples_above_deferral & min_hits_higher_threshold)', '!(any_sample_below_deferral & min_hits_higher_threshold)', 'G(!(min_above_auditing_threshold & all_samples_above_deferral))', 'G(!(min_hits_higher_threshold & all_samples_above_deferral))', 'G(!(min_hits_higher_threshold & min_above_auditing_threshold))']",8.740342709,5.211973928999999,8.575607151,6,45696d33-d6b5-43ad-94bd-db5609528013,1,True,False,N/A,N/A,False,0.005238505999999532,0.0013998540000006443,N/A,N/A,0.007160559000000788,9,9.493399999982444e-05,0.15423650700000024,0.14672016799999987,True,N/A,N/A,N/A,1,0,(any_sample_below_deferral__Sf7 & min_hits_higher_threshold__Sf7)
64a4e39d-2cf5-47cb-b6ac-804ca94f36b1,"['!(all_samples_above_deferral & min_hits_higher_threshold)', 'G(!(all_samples_above_deferral & min_above_auditing_threshold))', 'G(!(any_sample_below_deferral & min_hits_higher_threshold))', 'G(!(min_hits_higher_threshold & all_samples_above_deferral))', 'G(!(min_hits_higher_threshold & initial_score_above_deferral))', 'G(!(min_hits_higher_threshold & min_above_auditing_threshold))']",8.916065417999999,5.400997134000001,8.759193997999999,6,e5a847e1-160e-4dda-b246-d1992b5c8ae1,2,True,False,N/A,N/A,False,0.016533928999999503,0.0016791800000000023,N/A,N/A,0.00631661300000097,5,9.853999999975827e-05,0.14700135000000003,0.13839180400000117,True,N/A,N/A,N/A,1,0,(any_sample_below_deferral__Sf1 & initial_score_above_deferral__Sf1)
43c0f31d-914e-478d-84f3-78c3a6cd036f,"['!(all_samples_above_deferral & min_hits_higher_threshold)', '!(min_hits_higher_threshold & initial_score_above_deferral)', 'G(!(all_samples_above_deferral & min_above_auditing_threshold))', 'G(!(any_sample_below_deferral & min_hits_higher_threshold))', 'G(!(min_hits_higher_threshold & all_samples_above_deferral))', 'G(!(min_hits_higher_threshold & min_above_auditing_threshold))']",9.090583269,5.401029576999999,8.923140422,6,e5a847e1-160e-4dda-b246-d1992b5c8ae1,1,True,False,N/A,N/A,False,0.00483203100000118,0.0016447399999997003,N/A,N/A,0.00739595599999987,9,9.487099999994086e-05,0.15658919500000046,0.1492085740000011,True,N/A,N/A,N/A,1,0,(initial_score_above_deferral__Sf8 & min_hits_higher_threshold__Sf8)
fbc22290-93dc-4add-8723-7c0c7f2538cf,"['!(all_samples_above_deferral & min_hits_higher_threshold)', '!(any_sample_below_deferral & min_hits_higher_threshold)', 'G(!(all_samples_above_deferral & min_above_auditing_threshold))', 'G(!(any_sample_below_deferral & min_hits_higher_threshold))', 'G(!(min_hits_higher_threshold & all_samples_above_deferral))', 'G(!(min_hits_higher_threshold & min_above_auditing_threshold))']",9.32320433,5.642073397000001,9.097531215,6,bfce4a79-8b55-4f5e-ab27-afcbc9753661,2,True,False,N/A,N/A,False,0.004911851999999328,0.001482439000000113,N/A,N/A,0.00648850900000042,5,9.711799999934101e-05,0.21575317400000138,0.20669721700000032,True,N/A,N/A,N/A,1,0,(initial_score_above_deferral__Sf1 & min_hits_higher_threshold__Sf1)
5c701ddb-685c-48b7-92f7-8e6fe7322877,"['!(initial_score_above_deferral & min_hits_higher_threshold)', '!(min_hits_higher_threshold & min_above_auditing_threshold)', 'G(!(initial_score_above_deferral & min_hits_higher_threshold))', 'G(!(min_above_auditing_threshold & all_samples_above_deferral))', 'G(!(min_above_auditing_threshold & min_hits_higher_threshold))', 'G(!(min_hits_higher_threshold & all_samples_above_deferral))', 'G(!(min_hits_higher_threshold & any_sample_below_deferral))']",9.488415451,5.842539028999999,9.330130896,7,1ca2b35c-b729-46e5-b035-ff68e30e210c,2,True,False,N/A,N/A,False,0.004885923999999875,0.0014630340000003628,N/A,N/A,0.0054123330000006575,5,9.687499999877502e-05,0.1495331249999996,0.141048614999999,True,N/A,N/A,N/A,1,0,(any_sample_below_deferral__Sf0 & initial_score_above_deferral__Sf0)
f53d245e-460b-4326-97bc-4c0f20eab9d2,"['!(initial_score_above_deferral & any_sample_below_deferral)', '!(min_hits_higher_threshold & min_above_auditing_threshold)', 'G(!(initial_score_above_deferral & min_hits_higher_threshold))', 'G(!(min_above_auditing_threshold & all_samples_above_deferral))', 'G(!(min_above_auditing_threshold & min_hits_higher_threshold))', 'G(!(min_hits_higher_threshold & all_samples_above_deferral))', 'G(!(min_hits_higher_threshold & any_sample_below_deferral))']",9.670186984999999,6.018523910000001,9.495471686,7,da9ad88b-b7c0-4d50-8385-702ff9156282,1,True,False,N/A,N/A,False,0.005004487000000779,0.001476011000001165,N/A,N/A,0.007440789999998643,9,9.333200000050113e-05,0.16391437799999942,0.15544199300000017,True,N/A,N/A,N/A,1,0,(any_sample_below_deferral__Sf7 & initial_score_above_deferral__Sf7)
c991b952-79ba-4438-a981-9721d20b2e2b,"['!(min_hits_higher_threshold & min_above_auditing_threshold)', 'G(!(initial_score_above_deferral & any_sample_below_deferral))', 'G(!(initial_score_above_deferral & min_hits_higher_threshold))', 'G(!(min_above_auditing_threshold & all_samples_above_deferral))', 'G(!(min_above_auditing_threshold & min_hits_higher_threshold))', 'G(!(min_hits_higher_threshold & all_samples_above_deferral))', 'G(!(min_hits_higher_threshold & any_sample_below_deferral))']",9.846770077999999,6.018556689,9.677624286,7,da9ad88b-b7c0-4d50-8385-702ff9156282,2,True,False,N/A,N/A,False,0.005165423999999419,0.0016025319999997123,N/A,N/A,0.005981831999999798,5,0.0001021560000005195,0.15934029799999827,0.1493764759999987,True,N/A,N/A,N/A,1,0,(any_sample_below_deferral__Sf3 & min_above_auditing_threshold__Sf3)
9b4cf723-3cfc-4e2e-bcc3-eb00d687f6c4,"['!(initial_score_above_deferral & min_hits_higher_threshold)', '!(min_hits_higher_threshold & any_sample_below_deferral)', '!(min_hits_higher_threshold & min_above_auditing_threshold)', 'G(!(min_above_auditing_threshold & all_samples_above_deferral))', 'G(!(min_above_auditing_threshold & min_hits_higher_threshold))', 'G(!(min_hits_higher_threshold & all_samples_above_deferral))', 'G(!(min_hits_higher_threshold & any_sample_below_deferral))']",10.020070332,6.198943526000001,9.853737687999999,7,216f9ee2-e8bf-4371-bca7-69e464be4913,1,True,False,N/A,N/A,False,0.004916376000000611,0.0014832930000014954,N/A,N/A,0.007506781000000018,9,7.810800000029872e-05,0.1553831910000003,0.1479130469999994,True,N/A,N/A,N/A,1,0,(initial_score_above_deferral__Sf6 & min_hits_higher_threshold__Sf6)
7c67c4e1-75b8-4b57-8629-c7b126645e98,"['!(min_hits_higher_threshold & any_sample_below_deferral)', '!(min_hits_higher_threshold & min_above_auditing_threshold)', 'G(!(initial_score_above_deferral & min_hits_higher_threshold))', 'G(!(min_above_auditing_threshold & all_samples_above_deferral))', 'G(!(min_above_auditing_threshold & min_hits_higher_threshold))', 'G(!(min_hits_higher_threshold & all_samples_above_deferral))', 'G(!(min_hits_higher_threshold & any_sample_below_deferral))']",10.204799105,6.198978265999999,10.038214317,7,216f9ee2-e8bf-4371-bca7-69e464be4913,2,True,False,N/A,N/A,False,0.004336935999999625,0.013312446000000477,N/A,N/A,0.005528947000000173,5,0.00011972599999943156,0.15717488499999988,0.1478585480000003,True,N/A,N/A,N/A,1,0,(any_sample_below_deferral__Sf3 & initial_score_above_deferral__Sf3)
5a5816b5-5fdf-493b-bd8d-232c7ca90eb3,"['!(initial_score_above_deferral & min_hits_higher_threshold)', '!(min_above_auditing_threshold & all_samples_above_deferral)', '!(min_hits_higher_threshold & min_above_auditing_threshold)', 'G(!(all_samples_above_deferral & min_above_auditing_threshold))', 'G(!(min_above_auditing_threshold & min_hits_higher_threshold))', 'G(!(min_hits_higher_threshold & all_samples_above_deferral))', 'G(!(min_hits_higher_threshold & any_sample_below_deferral))']",10.384017139,6.373198122,10.212258854,7,c670aa8b-d6cc-40e3-a67d-18c95a6f5e34,1,True,False,N/A,N/A,False,0.005152299999998888,0.001510141999998993,N/A,N/A,0.008098567000001111,9,8.105299999883187e-05,0.16021113000000042,0.15260151000000022,True,N/A,N/A,N/A,1,0,(initial_score_above_deferral__Sf5 & min_hits_higher_threshold__Sf5)
f2c17605-0499-4350-bd88-d204f2a1877f,"['!(min_above_auditing_threshold & all_samples_above_deferral)', '!(min_hits_higher_threshold & min_above_auditing_threshold)', 'G(!(all_samples_above_deferral & min_above_auditing_threshold))', 'G(!(initial_score_above_deferral & min_hits_higher_threshold))', 'G(!(min_above_auditing_threshold & min_hits_higher_threshold))', 'G(!(min_hits_higher_threshold & all_samples_above_deferral))', 'G(!(min_hits_higher_threshold & any_sample_below_deferral))']",10.546934302999999,6.373228159,10.390904251,7,c670aa8b-d6cc-40e3-a67d-18c95a6f5e34,2,True,False,N/A,N/A,False,0.004784804000001586,0.0014682150000009386,N/A,N/A,0.005956855000000871,5,9.851599999954885e-05,0.14669019699999986,0.13736766099999898,True,N/A,N/A,N/A,1,0,(any_sample_below_deferral__Sf1 & initial_score_above_deferral__Sf1)
6dd2e917-78ae-4fbc-b882-b83227e4aaa9,"['!(min_above_auditing_threshold & all_samples_above_deferral)', '!(min_hits_higher_threshold & any_sample_below_deferral)', '!(min_hits_higher_threshold & min_above_auditing_threshold)', 'G(!(all_samples_above_deferral & min_above_auditing_threshold))', 'G(!(any_sample_below_deferral & min_hits_higher_threshold))', 'G(!(min_above_auditing_threshold & min_hits_higher_threshold))', 'G(!(min_hits_higher_threshold & all_samples_above_deferral))']",10.712638466,6.546903111999999,10.553685678999999,7,d374b885-ac1d-4269-9448-68d27dbbf276,2,True,False,N/A,N/A,False,0.004744919000000181,0.001425841999999733,N/A,N/A,0.005463014000000044,5,0.0001278039999998981,0.15005485000000007,0.1409686109999999,True,N/A,N/A,N/A,1,0,(initial_score_above_deferral__Sf1 & min_hits_higher_threshold__Sf1)
dfb15c2d-5db2-47d5-ad74-fbc371f85a1d,"['!(all_samples_above_deferral & min_above_auditing_threshold)', '!(min_hits_higher_threshold & all_samples_above_deferral)', '!(min_hits_higher_threshold & min_above_auditing_threshold)', 'G(!(all_samples_above_deferral & min_hits_higher_threshold))', 'G(!(any_sample_below_deferral & min_hits_higher_threshold))', 'G(!(min_above_auditing_threshold & all_samples_above_deferral))', 'G(!(min_above_auditing_threshold & min_hits_higher_threshold))']",10.878222094,6.714082664999999,10.720453503,7,c908e275-aef5-4f0c-8c7f-c1a2572a32f8,2,True,False,N/A,N/A,False,0.005414350999998874,0.0017130349999998629,N/A,N/A,0.0058474460000006445,5,0.0001261849999991682,0.14674378600000004,0.137787114,True,N/A,N/A,N/A,1,0,(initial_score_above_deferral__Sf0 & min_hits_higher_threshold__Sf0)
f4527eea-1067-4c41-82f3-cefd9622268d,"['!(all_samples_above_deferral & min_above_auditing_threshold)', '!(any_sample_below_deferral & min_hits_higher_threshold)', '!(min_hits_higher_threshold & all_samples_above_deferral)', '!(min_hits_higher_threshold & min_above_auditing_threshold)', 'G(!(all_samples_above_deferral & min_hits_higher_threshold))', 'G(!(min_above_auditing_threshold & all_samples_above_deferral))', 'G(!(min_above_auditing_threshold & min_hits_higher_threshold))']",11.051919243,6.7141153639999995,10.885554979,7,c908e275-aef5-4f0c-8c7f-c1a2572a32f8,1,True,False,N/A,N/A,False,0.005042170999999485,0.0016748009999982827,N/A,N/A,0.008941439000000884,9,7.77680000005887e-05,0.15383530499999942,0.1468054299999988,True,N/A,N/A,N/A,1,0,(any_sample_below_deferral__Sf6 & min_hits_higher_threshold__Sf6)
4f8ef6b4-f9ce-4e80-8c0f-4d1c016d6aa6,"['!(min_hits_higher_threshold & all_samples_above_deferral)', '!(min_hits_higher_threshold & min_above_auditing_threshold)', 'G(!(all_samples_above_deferral & min_above_auditing_threshold))', 'G(!(all_samples_above_deferral & min_hits_higher_threshold))', 'G(!(min_above_auditing_threshold & min_hits_higher_threshold))', 'G(!(min_hits_higher_threshold & any_sample_below_deferral))', 'G(!(min_hits_higher_threshold & initial_score_above_deferral))']",11.248640131,6.884420772999999,11.06009559,7,7ff0ba93-8457-48a5-b436-379d8c331e87,2,True,False,N/A,N/A,False,0.006230120999999755,0.0014102030000007204,N/A,N/A,0.024860368999998883,5,9.949100000028466e-05,0.160446953000001,0.15254871800000025,True,N/A,N/A,N/A,1,0,(any_sample_below_deferral__Sf3 & initial_score_above_deferral__Sf3)
57c1171d-cefb-4cfd-82f3-acce16e53553,"['!(min_hits_higher_threshold & all_samples_above_deferral)', '!(min_hits_higher_threshold & initial_score_above_deferral)', '!(min_hits_higher_threshold & min_above_auditing_threshold)', 'G(!(all_samples_above_deferral & min_above_auditing_threshold))', 'G(!(all_samples_above_deferral & min_hits_higher_threshold))', 'G(!(min_above_auditing_threshold & min_hits_higher_threshold))', 'G(!(min_hits_higher_threshold & any_sample_below_deferral))']",11.418163741999999,6.884446538999999,11.256024226,7,7ff0ba93-8457-48a5-b436-379d8c331e87,1,True,False,N/A,N/A,False,0.005224049000000619,0.0016116170000000096,N/A,N/A,0.0077447799999994515,9,8.07080000004845e-05,0.15099982499999953,0.14345495300000088,True,N/A,N/A,N/A,1,0,(initial_score_above_deferral__Sf6 & min_hits_higher_threshold__Sf6)
2b3d3e7d-cd30-47e6-85ec-b535ae97335d,"['!(min_hits_higher_threshold & all_samples_above_deferral)', '!(min_hits_higher_threshold & any_sample_below_deferral)', '!(min_hits_higher_threshold & min_above_auditing_threshold)', 'G(!(all_samples_above_deferral & min_above_auditing_threshold))', 'G(!(all_samples_above_deferral & min_hits_higher_threshold))', 'G(!(min_above_auditing_threshold & min_hits_higher_threshold))', 'G(!(min_hits_higher_threshold & any_sample_below_deferral))']",11.582829984,7.055965623999999,11.424752884,7,1849ef68-9562-426a-a44c-2b874c91bcec,2,True,False,N/A,N/A,False,0.004599374999999739,0.0014481970000002065,N/A,N/A,0.005734369000000683,5,0.00011309199999942621,0.14900195500000102,0.13944405900000056,True,N/A,N/A,N/A,1,0,(initial_score_above_deferral__Sf3 & min_hits_higher_threshold__Sf3)
db6cd5bb-a660-46fc-908d-d31d0501cdd0,"['!(all_samples_above_deferral & min_above_auditing_threshold)', '!(initial_score_above_deferral & any_sample_below_deferral)', 'G(!(all_samples_above_deferral & min_hits_higher_threshold))', 'G(!(any_sample_below_deferral & min_hits_higher_threshold))', 'G(!(min_above_auditing_threshold & all_samples_above_deferral))', 'G(!(min_hits_higher_threshold & initial_score_above_deferral))', 'G(!(min_hits_higher_threshold & min_above_auditing_threshold))']",11.774083490999999,7.227700336,11.590178457,7,275393c2-b205-47c0-900c-420461f271d7,1,True,False,N/A,N/A,False,0.005148855999999924,0.0015463059999998308,N/A,N/A,0.007446730999999929,9,0.0001123789999990521,0.17298626899999903,0.16411299199999974,True,N/A,N/A,N/A,1,0,(any_sample_below_deferral__Sf5 & initial_score_above_deferral__Sf5)
287b273b-4c09-4542-b4e9-d06efe8b39f9,"['!(all_samples_above_deferral & min_above_auditing_threshold)', 'G(!(all_samples_above_deferral & min_hits_higher_threshold))', 'G(!(any_sample_below_deferral & min_hits_higher_threshold))', 'G(!(initial_score_above_deferral & any_sample_below_deferral))', 'G(!(min_above_auditing_threshold & all_samples_above_deferral))', 'G(!(min_hits_higher_threshold & initial_score_above_deferral))', 'G(!(min_hits_higher_threshold & min_above_auditing_threshold))']",11.956159291999999,7.2277293799999995,11.781876104,7,275393c2-b205-47c0-900c-420461f271d7,2,True,False,N/A,N/A,False,0.005373954000001291,0.0015644620000010434,N/A,N/A,0.005917626000000453,5,0.00012827699999995446,0.16451247300000027,0.15469665399999855,True,N/A,N/A,N/A,1,0,(any_sample_below_deferral__Sf3 & min_above_auditing_threshold__Sf3)
1b3db6ba-32e0-4ec9-bcf2-418def7569a9,"['!(all_samples_above_deferral & min_above_auditing_threshold)', '!(min_hits_higher_threshold & initial_score_above_deferral)', 'G(!(all_samples_above_deferral & min_hits_higher_threshold))', 'G(!(any_sample_below_deferral & min_hits_higher_threshold))', 'G(!(min_above_auditing_threshold & all_samples_above_deferral))', 'G(!(min_hits_higher_threshold & initial_score_above_deferral))', 'G(!(min_hits_higher_threshold & min_above_auditing_threshold))']",12.12122924,7.4142775059999995,11.96363114,7,c6b68864-646b-4a48-b401-e130914b4bee,2,True,False,N/A,N/A,False,0.005318538999999234,0.001474170999999913,N/A,N/A,0.005431162000000711,5,0.00012375600000069653,0.14871439499999894,0.13809171200000137,True,N/A,N/A,N/A,1,0,(any_sample_below_deferral__Sf2 & initial_score_above_deferral__Sf2)
449aafe5-6d92-43f9-8c5d-e6ac4e041967,"['!(all_samples_above_deferral & min_above_auditing_threshold)', '!(any_sample_below_deferral & min_hits_higher_threshold)', '!(initial_score_above_deferral & min_hits_higher_threshold)', 'G(!(all_samples_above_deferral & min_hits_higher_threshold))', 'G(!(min_above_auditing_threshold & all_samples_above_deferral))', 'G(!(min_hits_higher_threshold & any_sample_below_deferral))', 'G(!(min_hits_higher_threshold & min_above_auditing_threshold))']",12.303421795,7.591647870999999,12.128586548,7,4293418d-9df9-446c-9c80-98688fa20e5f,1,True,False,N/A,N/A,False,0.004968128999999877,0.0016290940000001086,N/A,N/A,0.007726052999998956,9,8.622000000002572e-05,0.16342994600000083,0.15517695600000003,True,N/A,N/A,N/A,1,0,(initial_score_above_deferral__Sf8 & min_hits_higher_threshold__Sf8)
8005a737-fd8c-4e28-a201-0d1f439f5273,"['!(all_samples_above_deferral & min_above_auditing_threshold)', '!(any_sample_below_deferral & min_hits_higher_threshold)', 'G(!(all_samples_above_deferral & min_hits_higher_threshold))', 'G(!(initial_score_above_deferral & min_hits_higher_threshold))', 'G(!(min_above_auditing_threshold & all_samples_above_deferral))', 'G(!(min_hits_higher_threshold & any_sample_below_deferral))', 'G(!(min_hits_higher_threshold & min_above_auditing_threshold))']",12.477696952999999,7.591672490999999,12.31015527,7,4293418d-9df9-446c-9c80-98688fa20e5f,2,True,False,N/A,N/A,False,0.00471403700000117,0.0014370600000006561,N/A,N/A,0.016650882000000422,5,9.642899999917631e-05,0.14757115799999987,0.1388315690000006,True,N/A,N/A,N/A,1,0,(any_sample_below_deferral__Sf1 & initial_score_above_deferral__Sf1)
b313f801-fb56-469c-a372-681af3b9549b,"['!(any_sample_below_deferral & initial_score_above_deferral)', 'G(!(all_samples_above_deferral & min_above_auditing_threshold))', 'G(!(all_samples_above_deferral & min_hits_higher_threshold))', 'G(!(any_sample_below_deferral & initial_score_above_deferral))', 'G(!(min_hits_higher_threshold & any_sample_below_deferral))', 'G(!(min_hits_higher_threshold & initial_score_above_deferral))', 'G(!(min_hits_higher_threshold & min_above_auditing_threshold))']",12.637241662,7.743589284999999,12.483871975,7,185e95e8-05b3-41bf-86f3-903d09341dca,2,True,False,N/A,N/A,False,0.0044354110000011104,0.0012411979999988887,N/A,N/A,0.005591405000000549,5,9.577299999996569e-05,0.14455043000000067,0.13586766599999933,True,N/A,N/A,N/A,1,0,(any_sample_below_deferral__Sf1 & min_above_auditing_threshold__Sf1)
a5356081-6349-48cd-a421-89377901bad9,"['!(any_sample_below_deferral & min_above_auditing_threshold)', 'G(!(all_samples_above_deferral & min_above_auditing_threshold))', 'G(!(all_samples_above_deferral & min_hits_higher_threshold))', 'G(!(any_sample_below_deferral & initial_score_above_deferral))', 'G(!(min_hits_higher_threshold & any_sample_below_deferral))', 'G(!(min_hits_higher_threshold & initial_score_above_deferral))', 'G(!(min_hits_higher_threshold & min_above_auditing_threshold))']",12.830588632,7.886311487,12.643587555,7,7eaafe31-c5e4-4916-9e09-ef64b9e37ecb,1,True,False,N/A,N/A,False,0.004419413000000816,0.0013783939999996164,N/A,N/A,0.006819609999999088,9,0.00010712599999962436,0.1765567430000008,0.16673017899999998,True,N/A,N/A,N/A,1,0,(any_sample_below_deferral__Sf6 & min_above_auditing_threshold__Sf6)
a24754a5-681e-4761-807f-2361f250e2bc,"['G(!(all_samples_above_deferral & min_above_auditing_threshold))', 'G(!(all_samples_above_deferral & min_hits_higher_threshold))', 'G(!(any_sample_below_deferral & initial_score_above_deferral))', 'G(!(any_sample_below_deferral & min_above_auditing_threshold))', 'G(!(min_hits_higher_threshold & any_sample_below_deferral))', 'G(!(min_hits_higher_threshold & initial_score_above_deferral))', 'G(!(min_hits_higher_threshold & min_above_auditing_threshold))']",12.996828404,7.886333593,12.837773386,7,7eaafe31-c5e4-4916-9e09-ef64b9e37ecb,2,True,False,N/A,N/A,False,0.004920007000000837,0.0016331239999995972,N/A,N/A,0.0053903890000004395,5,9.71750000005045e-05,0.14975188100000025,0.14056233700000043,True,N/A,N/A,N/A,1,0,(all_samples_above_deferral__Sf0 & any_sample_below_deferral__Sf0)
140dafb5-c1ed-4b7c-8547-256e90b50e86,"['!(initial_score_above_deferral & any_sample_below_deferral)', '!(min_hits_higher_threshold & initial_score_above_deferral)', 'G(!(all_samples_above_deferral & min_above_auditing_threshold))', 'G(!(all_samples_above_deferral & min_hits_higher_threshold))', 'G(!(min_hits_higher_threshold & any_sample_below_deferral))', 'G(!(min_hits_higher_threshold & initial_score_above_deferral))', 'G(!(min_hits_higher_threshold & min_above_auditing_threshold))']",13.191000523,8.031391122999999,13.003429157,7,58e7ff16-bbc8-4858-b82d-b06b651f74ce,1,True,False,N/A,N/A,False,0.004643400000000852,0.0014190140000014395,N/A,N/A,0.007242448000001289,9,9.291599999983191e-05,0.17689479599999913,0.16616325899999929,True,N/A,N/A,N/A,1,0,(any_sample_below_deferral__Sf5 & initial_score_above_deferral__Sf5)
8f8d3d99-1d19-4cc5-84a6-18b88f761434,"['!(min_hits_higher_threshold & initial_score_above_deferral)', 'G(!(all_samples_above_deferral & min_above_auditing_threshold))', 'G(!(all_samples_above_deferral & min_hits_higher_threshold))', 'G(!(initial_score_above_deferral & any_sample_below_deferral))', 'G(!(min_hits_higher_threshold & any_sample_below_deferral))', 'G(!(min_hits_higher_threshold & initial_score_above_deferral))', 'G(!(min_hits_higher_threshold & min_above_auditing_threshold))']",13.358558143,8.031416571,13.19824613,7,58e7ff16-bbc8-4858-b82d-b06b651f74ce,2,True,False,N/A,N/A,False,0.004999109999999973,0.0015119580000000354,N/A,N/A,0.005935615000000283,5,0.0001146659999999855,0.15068352900000015,0.14139074899999926,True,N/A,N/A,N/A,1,0,(any_sample_below_deferral__Sf0 & min_above_auditing_threshold__Sf0)
9d7a195b-bf36-48f0-8fd0-70161dd83d67,"['!(initial_score_above_deferral & min_hits_higher_threshold)', '!(min_hits_higher_threshold & any_sample_below_deferral)', 'G(!(all_samples_above_deferral & min_above_auditing_threshold))', 'G(!(all_samples_above_deferral & min_hits_higher_threshold))', 'G(!(initial_score_above_deferral & min_hits_higher_threshold))', 'G(!(min_hits_higher_threshold & any_sample_below_deferral))', 'G(!(min_hits_higher_threshold & min_above_auditing_threshold))']",13.536526974,8.24000698,13.364973908,7,9cfae37e-5821-4712-bcf7-f085ec2459d4,2,True,False,N/A,N/A,False,0.004397734999999514,0.0013931180000010812,N/A,N/A,0.015845926000000787,5,0.00010839800000006505,0.15211769199999914,0.14368470199999983,True,N/A,N/A,N/A,1,0,(any_sample_below_deferral__Sf3 & initial_score_above_deferral__Sf3)
c9c2b593-b049-468b-ae48-519cf14fdb3c,"['!(any_sample_below_deferral & initial_score_above_deferral)', '!(min_hits_higher_threshold & any_sample_below_deferral)', 'G(!(all_samples_above_deferral & min_above_auditing_threshold))', 'G(!(all_samples_above_deferral & min_hits_higher_threshold))', 'G(!(initial_score_above_deferral & min_hits_higher_threshold))', 'G(!(min_hits_higher_threshold & any_sample_below_deferral))', 'G(!(min_hits_higher_threshold & min_above_auditing_threshold))']",13.713682746,8.405445359,13.543212645999999,7,2add8c6e-c557-48c3-99e8-93c52a163a72,1,True,False,N/A,N/A,False,0.004657900999999853,0.0014673620000014154,N/A,N/A,0.006874150999999884,9,0.00010001899999956265,0.16028548000000065,0.1520603610000002,True,N/A,N/A,N/A,1,0,(any_sample_below_deferral__Sf8 & initial_score_above_deferral__Sf8)
52ce4ba3-f0ae-423e-870b-3685e23d0447,"['!(min_hits_higher_threshold & any_sample_below_deferral)', 'G(!(all_samples_above_deferral & min_above_auditing_threshold))', 'G(!(all_samples_above_deferral & min_hits_higher_threshold))', 'G(!(any_sample_below_deferral & initial_score_above_deferral))', 'G(!(initial_score_above_deferral & min_hits_higher_threshold))', 'G(!(min_hits_higher_threshold & any_sample_below_deferral))', 'G(!(min_hits_higher_threshold & min_above_auditing_threshold))']",13.884008609,8.40546996,13.721080580999999,7,2add8c6e-c557-48c3-99e8-93c52a163a72,2,True,False,N/A,N/A,False,0.004965625999998835,0.0017864420000002212,N/A,N/A,0.006205564000000052,5,9.646300000021313e-05,0.15290717599999937,0.1425412149999996,True,N/A,N/A,N/A,1,0,(any_sample_below_deferral__Sf0 & min_above_auditing_threshold__Sf0)
c364e13f-27a1-4604-bcbc-32dc15ce8802,"['!(all_samples_above_deferral & min_above_auditing_threshold)', '!(all_samples_above_deferral & min_hits_higher_threshold)', '!(initial_score_above_deferral & min_hits_higher_threshold)', 'G(!(any_sample_below_deferral & min_hits_higher_threshold))', 'G(!(min_above_auditing_threshold & all_samples_above_deferral))', 'G(!(min_hits_higher_threshold & all_samples_above_deferral))', 'G(!(min_hits_higher_threshold & min_above_auditing_threshold))']",14.065026173,8.568115126,13.890451904999999,7,57c9704b-bc1f-49eb-bdad-e75c12a8c2b0,1,True,False,N/A,N/A,False,0.00439505699999998,0.0014274939999996406,N/A,N/A,0.006705891000001074,9,9.518899999960695e-05,0.16452282100000026,0.15654614000000144,True,N/A,N/A,N/A,1,0,(initial_score_above_deferral__Sf5 & min_hits_higher_threshold__Sf5)
cd6e81b5-0b4f-4c69-9b85-232adbb12965,"['!(all_samples_above_deferral & min_above_auditing_threshold)', '!(all_samples_above_deferral & min_hits_higher_threshold)', 'G(!(any_sample_below_deferral & min_hits_higher_threshold))', 'G(!(initial_score_above_deferral & min_hits_higher_threshold))', 'G(!(min_above_auditing_threshold & all_samples_above_deferral))', 'G(!(min_hits_higher_threshold & all_samples_above_deferral))', 'G(!(min_hits_higher_threshold & min_above_auditing_threshold))']",14.22901207,8.568141218,14.071790274,7,57c9704b-bc1f-49eb-bdad-e75c12a8c2b0,2,True,False,N/A,N/A,False,0.004674861999999891,0.0014561139999997863,N/A,N/A,0.0050284309999995,5,9.460199999899999e-05,0.14896449299999936,0.14063116500000028,True,N/A,N/A,N/A,1,0,(any_sample_below_deferral__Sf0 & initial_score_above_deferral__Sf0)
e1c40bd8-15f0-4bdc-92b0-dc5e685395d5,"['!(all_samples_above_deferral & min_above_auditing_threshold)', '!(all_samples_above_deferral & min_hits_higher_threshold)', '!(any_sample_below_deferral & min_hits_higher_threshold)', 'G(!(min_above_auditing_threshold & all_samples_above_deferral))', 'G(!(min_hits_higher_threshold & all_samples_above_deferral))', 'G(!(min_hits_higher_threshold & any_sample_below_deferral))', 'G(!(min_hits_higher_threshold & min_above_auditing_threshold))']",14.399149628999998,8.740109009,14.235280071,7,cb99c985-d0dc-4824-877a-b6934f119b19,2,True,False,N/A,N/A,False,0.004330830000000674,0.0013832629999992463,N/A,N/A,0.004925740999999206,5,9.574799999967354e-05,0.1556087090000009,0.1457073219999998,True,N/A,N/A,N/A,1,0,(initial_score_above_deferral__Sf0 & min_hits_higher_threshold__Sf0)
0280b992-8600-4575-a1a2-617406b42113,"['!(all_samples_above_deferral & min_hits_higher_threshold)', '!(any_sample_below_deferral & initial_score_above_deferral)', 'G(!(all_samples_above_deferral & min_above_auditing_threshold))', 'G(!(any_sample_below_deferral & min_hits_higher_threshold))', 'G(!(min_hits_higher_threshold & all_samples_above_deferral))', 'G(!(min_hits_higher_threshold & initial_score_above_deferral))', 'G(!(min_hits_higher_threshold & min_above_auditing_threshold))']",14.578384910999999,8.915835839,14.40537919,7,64a4e39d-2cf5-47cb-b6ac-804ca94f36b1,1,True,False,N/A,N/A,False,0.0043046619999991265,0.0013697559999990006,N/A,N/A,0.015153895000000972,9,7.743099999757419e-05,0.15448769099999993,0.1463100759999989,True,N/A,N/A,N/A,1,0,(any_sample_below_deferral__Sf7 & initial_score_above_deferral__Sf7)
09de1a11-7626-4f99-8909-3a932a1e7415,"['!(all_samples_above_deferral & min_hits_higher_threshold)', 'G(!(all_samples_above_deferral & min_above_auditing_threshold))', 'G(!(any_sample_below_deferral & initial_score_above_deferral))', 'G(!(any_sample_below_deferral & min_hits_higher_threshold))', 'G(!(min_hits_higher_threshold & all_samples_above_deferral))', 'G(!(min_hits_higher_threshold & initial_score_above_deferral))', 'G(!(min_hits_higher_threshold & min_above_auditing_threshold))']",14.743537194,8.915861092,14.585119399999998,7,64a4e39d-2cf5-47cb-b6ac-804ca94f36b1,2,True,False,N/A,N/A,False,0.004597779000000912,0.0015642329999998594,N/A,N/A,0.006265482999999961,5,0.0001124650000008387,0.14844399599999747,0.13905338500000042,True,N/A,N/A,N/A,1,0,(any_sample_below_deferral__Sf3 & min_above_auditing_threshold__Sf3)
a0b1df3f-2852-4768-8e19-39c8c600839f,"['!(all_samples_above_deferral & min_hits_higher_threshold)', '!(min_hits_higher_threshold & initial_score_above_deferral)', 'G(!(all_samples_above_deferral & min_above_auditing_threshold))', 'G(!(any_sample_below_deferral & min_hits_higher_threshold))', 'G(!(initial_score_above_deferral & min_hits_higher_threshold))', 'G(!(min_hits_higher_threshold & all_samples_above_deferral))', 'G(!(min_hits_higher_threshold & min_above_auditing_threshold))']",14.912263377,9.090371612,14.750635618999999,7,43c0f31d-914e-478d-84f3-78c3a6cd036f,2,True,False,N/A,N/A,False,0.004917429999999001,0.0015202560000027177,N/A,N/A,0.005775772999999873,5,0.00010081399999961604,0.15243575099999873,0.14246767999999932,True,N/A,N/A,N/A,1,0,(any_sample_below_deferral__Sf0 & initial_score_above_deferral__Sf0)
8d0df159-bdf8-45ca-a320-9c3a53301e6c,"['!(all_samples_above_deferral & min_hits_higher_threshold)', '!(any_sample_below_deferral & min_hits_higher_threshold)', '!(initial_score_above_deferral & min_hits_higher_threshold)', 'G(!(all_samples_above_deferral & min_above_auditing_threshold))', 'G(!(any_sample_below_deferral & min_hits_higher_threshold))', 'G(!(min_hits_higher_threshold & all_samples_above_deferral))', 'G(!(min_hits_higher_threshold & min_above_auditing_threshold))']",15.093636195,9.322988134,14.919601411,7,fbc22290-93dc-4add-8723-7c0c7f2538cf,1,True,False,N/A,N/A,False,0.004878215000001518,0.001718219000000687,N/A,N/A,0.007328453999999596,9,8.097999999989725e-05,0.16323576899999992,0.15544014299999986,True,N/A,N/A,N/A,1,0,(initial_score_above_deferral__Sf6 & min_hits_higher_threshold__Sf6)
5b1ff4b3-0fa8-4350-a708-74018a7a969e,"['!(all_samples_above_deferral & min_hits_higher_threshold)', '!(any_sample_below_deferral & min_hits_higher_threshold)', 'G(!(all_samples_above_deferral & min_above_auditing_threshold))', 'G(!(any_sample_below_deferral & min_hits_higher_threshold))', 'G(!(initial_score_above_deferral & min_hits_higher_threshold))', 'G(!(min_hits_higher_threshold & all_samples_above_deferral))', 'G(!(min_hits_higher_threshold & min_above_auditing_threshold))']",15.259466762,9.323015476,15.100005607999998,7,fbc22290-93dc-4add-8723-7c0c7f2538cf,2,True,False,N/A,N/A,False,0.004395429999998868,0.001428055000001649,N/A,N/A,0.005360643999999581,5,9.67980000012858e-05,0.15072923900000035,0.14242596400000096,True,N/A,N/A,N/A,1,0,(any_sample_below_deferral__Sf2 & initial_score_above_deferral__Sf2)
d198c67b-e5be-40df-a172-50ea12ab10e4,"['!(initial_score_above_deferral & any_sample_below_deferral)', '!(initial_score_above_deferral & min_hits_higher_threshold)', '!(min_hits_higher_threshold & min_above_auditing_threshold)', 'G(!(initial_score_above_deferral & min_hits_higher_threshold))', 'G(!(min_above_auditing_threshold & all_samples_above_deferral))', 'G(!(min_above_auditing_threshold & min_hits_higher_threshold))', 'G(!(min_hits_higher_threshold & all_samples_above_deferral))', 'G(!(min_hits_higher_threshold & any_sample_below_deferral))']",15.432638017,9.488187791,15.265918641,8,5c701ddb-685c-48b7-92f7-8e6fe7322877,1,True,False,N/A,N/A,False,0.004465633999998886,0.0014259109999983366,N/A,N/A,0.008875646999999987,9,7.699000000016554e-05,0.15440045300000094,0.14667083900000222,True,N/A,N/A,N/A,1,0,(any_sample_below_deferral__Sf5 & initial_score_above_deferral__Sf5)
d467b8ec-599b-46d5-8846-647a471c38a7,"['!(initial_score_above_deferral & min_hits_higher_threshold)', '!(min_hits_higher_threshold & min_above_auditing_threshold)', 'G(!(initial_score_above_deferral & any_sample_below_deferral))', 'G(!(initial_score_above_deferral & min_hits_higher_threshold))', 'G(!(min_above_auditing_threshold & all_samples_above_deferral))', 'G(!(min_above_auditing_threshold & min_hits_higher_threshold))', 'G(!(min_hits_higher_threshold & all_samples_above_deferral))', 'G(!(min_hits_higher_threshold & any_sample_below_deferral))']",15.627290608000001,9.488212382999999,15.450213665999998,8,5c701ddb-685c-48b7-92f7-8e6fe7322877,2,True,False,N/A,N/A,False,0.0153581960000011,0.0016980950000018424,N/A,N/A,0.011745256999997622,5,0.00013428200000120682,0.16138920600000262,0.1515300780000004,True,N/A,N/A,N/A,1,0,(any_sample_below_deferral__Sf2 & min_above_auditing_threshold__Sf2)
9bf58163-49c1-4607-85c7-5178f108e4d9,"['!(initial_score_above_deferral & any_sample_below_deferral)', '!(min_hits_higher_threshold & min_above_auditing_threshold)', 'G(!(any_sample_below_deferral & initial_score_above_deferral))', 'G(!(initial_score_above_deferral & min_hits_higher_threshold))', 'G(!(min_above_auditing_threshold & all_samples_above_deferral))', 'G(!(min_above_auditing_threshold & min_hits_higher_threshold))', 'G(!(min_hits_higher_threshold & all_samples_above_deferral))', 'G(!(min_hits_higher_threshold & any_sample_below_deferral))']",15.809875511,9.669947157,15.636122779999999,8,f53d245e-460b-4326-97bc-4c0f20eab9d2,2,True,False,N/A,N/A,False,0.006144958000000145,0.0019111649999992153,N/A,N/A,0.00561838599999831,5,0.00012437499999862212,0.16420834599999878,0.15407029500000036,True,N/A,N/A,N/A,1,0,(any_sample_below_deferral__Sf1 & min_above_auditing_threshold__Sf1)
2699bc2e-6c7f-4194-8009-a1accf29c0db,"['!(any_sample_below_deferral & min_above_auditing_threshold)', '!(min_hits_higher_threshold & min_above_auditing_threshold)', 'G(!(initial_score_above_deferral & any_sample_below_deferral))', 'G(!(initial_score_above_deferral & min_hits_higher_threshold))', 'G(!(min_above_auditing_threshold & all_samples_above_deferral))', 'G(!(min_above_auditing_threshold & min_hits_higher_threshold))', 'G(!(min_hits_higher_threshold & all_samples_above_deferral))', 'G(!(min_hits_higher_threshold & any_sample_below_deferral))']",16.001024768,9.846541004999999,15.817493051999998,8,c991b952-79ba-4438-a981-9721d20b2e2b,1,True,False,N/A,N/A,False,0.005186004999998772,0.0016734440000014672,N/A,N/A,0.0073265139999989515,9,8.383999999850289e-05,0.17249673199999904,0.1622205550000011,True,N/A,N/A,N/A,1,0,(any_sample_below_deferral__Sf8 & min_above_auditing_threshold__Sf8)
a618ed88-6fa8-45d1-b409-99c27ec80355,"['!(min_hits_higher_threshold & min_above_auditing_threshold)', 'G(!(any_sample_below_deferral & min_above_auditing_threshold))', 'G(!(initial_score_above_deferral & any_sample_below_deferral))', 'G(!(initial_score_above_deferral & min_hits_higher_threshold))', 'G(!(min_above_auditing_threshold & all_samples_above_deferral))', 'G(!(min_above_auditing_threshold & min_hits_higher_threshold))', 'G(!(min_hits_higher_threshold & all_samples_above_deferral))', 'G(!(min_hits_higher_threshold & any_sample_below_deferral))']",16.175644302000002,9.846567664,16.008017479000003,8,c991b952-79ba-4438-a981-9721d20b2e2b,2,True,False,N/A,N/A,False,0.004746088000000981,0.0016497129999990534,N/A,N/A,0.005182177000001786,5,0.00011264799999821662,0.15872205400000183,0.14956552200000317,True,N/A,N/A,N/A,1,0,(all_samples_above_deferral__Sf1 & any_sample_below_deferral__Sf1)
e97393a2-f9aa-469b-aeb5-06db0f4b29cb,"['!(initial_score_above_deferral & min_hits_higher_threshold)', '!(min_hits_higher_threshold & any_sample_below_deferral)', '!(min_hits_higher_threshold & min_above_auditing_threshold)', 'G(!(initial_score_above_deferral & min_hits_higher_threshold))', 'G(!(min_above_auditing_threshold & all_samples_above_deferral))', 'G(!(min_above_auditing_threshold & min_hits_higher_threshold))', 'G(!(min_hits_higher_threshold & all_samples_above_deferral))', 'G(!(min_hits_higher_threshold & any_sample_below_deferral))']",16.342100932,10.019887869,16.182933663,8,9b4cf723-3cfc-4e2e-bcc3-eb00d687f6c4,2,True,False,N/A,N/A,False,0.004485960999996763,0.0022420260000011183,N/A,N/A,0.004969097000000033,5,9.544299999930672e-05,0.15082839500000134,0.14125029499999897,True,N/A,N/A,N/A,1,0,(any_sample_below_deferral__Sf0 & initial_score_above_deferral__Sf0)
308b8e84-f4eb-43f7-84f0-f6b291f83a84,"['!(any_sample_below_deferral & initial_score_above_deferral)', '!(min_hits_higher_threshold & any_sample_below_deferral)', '!(min_hits_higher_threshold & min_above_auditing_threshold)', 'G(!(initial_score_above_deferral & min_hits_higher_threshold))', 'G(!(min_above_auditing_threshold & all_samples_above_deferral))', 'G(!(min_above_auditing_threshold & min_hits_higher_threshold))', 'G(!(min_hits_higher_threshold & all_samples_above_deferral))', 'G(!(min_hits_higher_threshold & any_sample_below_deferral))']",16.532270294,10.204526933999999,16.359815632,8,7c67c4e1-75b8-4b57-8629-c7b126645e98,1,True,False,N/A,N/A,False,0.004536619999999658,0.012558435999999062,N/A,N/A,0.0073992680000003475,9,8.388799999892171e-05,0.16142671400000097,0.15319248300000154,True,N/A,N/A,N/A,1,0,(any_sample_below_deferral__Sf8 & initial_score_above_deferral__Sf8)
99633c23-ec59-4cd4-a00a-fe2c93823055,"['!(min_hits_higher_threshold & any_sample_below_deferral)', '!(min_hits_higher_threshold & min_above_auditing_threshold)', 'G(!(any_sample_below_deferral & initial_score_above_deferral))', 'G(!(initial_score_above_deferral & min_hits_higher_threshold))', 'G(!(min_above_auditing_threshold & all_samples_above_deferral))', 'G(!(min_above_auditing_threshold & min_hits_higher_threshold))', 'G(!(min_hits_higher_threshold & all_samples_above_deferral))', 'G(!(min_hits_higher_threshold & any_sample_below_deferral))']",16.696142254,10.204561816,16.538534956000003,8,7c67c4e1-75b8-4b57-8629-c7b126645e98,2,True,False,N/A,N/A,False,0.004232746999999648,0.0013817899999999383,N/A,N/A,0.005321350999999197,5,9.822499999856404e-05,0.14883488999999983,0.13993763999999942,True,N/A,N/A,N/A,1,0,(any_sample_below_deferral__Sf3 & min_above_auditing_threshold__Sf3)
a53349cd-7de9-4a87-9916-1cb60f5a07bc,"['!(initial_score_above_deferral & min_hits_higher_threshold)', '!(min_above_auditing_threshold & all_samples_above_deferral)', '!(min_hits_higher_threshold & min_above_auditing_threshold)', 'G(!(all_samples_above_deferral & min_above_auditing_threshold))', 'G(!(min_above_auditing_threshold & min_hits_higher_threshold))', 'G(!(min_hits_higher_threshold & all_samples_above_deferral))', 'G(!(min_hits_higher_threshold & any_sample_below_deferral))', 'G(!(min_hits_higher_threshold & initial_score_above_deferral))']",16.87090527,10.383815299,16.70249309,8,5a5816b5-5fdf-493b-bd8d-232c7ca90eb3,2,True,False,N/A,N/A,False,0.004411335000000349,0.0013623369999997692,N/A,N/A,0.005097472999999297,5,0.00012466200000105232,0.1600660980000015,0.1500804209999984,True,N/A,N/A,N/A,1,0,(any_sample_below_deferral__Sf3 & initial_score_above_deferral__Sf3)
90f7202c-01a1-4f5a-888f-3942e06d22b2,"['!(any_sample_below_deferral & initial_score_above_deferral)', '!(min_above_auditing_threshold & all_samples_above_deferral)', '!(min_hits_higher_threshold & min_above_auditing_threshold)', 'G(!(all_samples_above_deferral & min_above_auditing_threshold))', 'G(!(initial_score_above_deferral & min_hits_higher_threshold))', 'G(!(min_above_auditing_threshold & min_hits_higher_threshold))', 'G(!(min_hits_higher_threshold & all_samples_above_deferral))', 'G(!(min_hits_higher_threshold & any_sample_below_deferral))']",17.047443627,10.546711458999999,16.87822147,8,f2c17605-0499-4350-bd88-d204f2a1877f,1,True,False,N/A,N/A,False,0.0050829670000034355,0.001537182999999942,N/A,N/A,0.0072752319999978,9,8.358899999905134e-05,0.15846943299999694,0.14989553999999927,True,N/A,N/A,N/A,1,0,(any_sample_below_deferral__Sf8 & initial_score_above_deferral__Sf8)
3b8d6516-d355-4bc3-bfbc-37d668a05d47,"['!(min_above_auditing_threshold & all_samples_above_deferral)', '!(min_hits_higher_threshold & min_above_auditing_threshold)', 'G(!(all_samples_above_deferral & min_above_auditing_threshold))', 'G(!(any_sample_below_deferral & initial_score_above_deferral))', 'G(!(initial_score_above_deferral & min_hits_higher_threshold))', 'G(!(min_above_auditing_threshold & min_hits_higher_threshold))', 'G(!(min_hits_higher_threshold & all_samples_above_deferral))', 'G(!(min_hits_higher_threshold & any_sample_below_deferral))']",17.233046329,10.546739578,17.054225951000003,8,f2c17605-0499-4350-bd88-d204f2a1877f,2,True,False,N/A,N/A,False,0.004676797000001898,0.0015374970000010535,N/A,N/A,0.016233594999999212,5,9.731299999771181e-05,0.15905153300000308,0.150258848,True,N/A,N/A,N/A,1,0,(any_sample_below_deferral__Sf0 & min_above_auditing_threshold__Sf0)
041b1b56-4d85-485a-bcf2-476e05fb089d,"['!(initial_score_above_deferral & min_hits_higher_threshold)', '!(min_above_auditing_threshold & all_samples_above_deferral)', '!(min_hits_higher_threshold & any_sample_below_deferral)', '!(min_hits_higher_threshold & min_above_auditing_threshold)', 'G(!(all_samples_above_deferral & min_above_auditing_threshold))', 'G(!(any_sample_below_deferral & min_hits_higher_threshold))', 'G(!(min_above_auditing_threshold & min_hits_higher_threshold))', 'G(!(min_hits_higher_threshold & all_samples_above_deferral))']",17.407819754000002,10.712357395,17.239479185,8,6dd2e917-78ae-4fbc-b882-b83227e4aaa9,1,True,False,N/A,N/A,False,0.004325070000000153,0.0014279180000009717,N/A,N/A,0.006658911000002377,9,8.000800000118602e-05,0.15831008800000035,0.15092436200000137,True,N/A,N/A,N/A,1,0,(initial_score_above_deferral__Sf7 & min_hits_higher_threshold__Sf7)
fb78f782-f115-48db-b9cf-2e021fb3c89b,"['!(min_above_auditing_threshold & all_samples_above_deferral)', '!(min_hits_higher_threshold & any_sample_below_deferral)', '!(min_hits_higher_threshold & min_above_auditing_threshold)', 'G(!(all_samples_above_deferral & min_above_auditing_threshold))', 'G(!(any_sample_below_deferral & min_hits_higher_threshold))', 'G(!(initial_score_above_deferral & min_hits_higher_threshold))', 'G(!(min_above_auditing_threshold & min_hits_higher_threshold))', 'G(!(min_hits_higher_threshold & all_samples_above_deferral))']",17.580195017,10.712391304999999,17.413639887000002,8,6dd2e917-78ae-4fbc-b882-b83227e4aaa9,2,True,False,N/A,N/A,False,0.0040016340000015305,0.001303107999998332,N/A,N/A,0.0051364270000000545,5,0.00014276700000337428,0.1581663560000024,0.1491880160000001,True,N/A,N/A,N/A,1,0,(any_sample_below_deferral__Sf0 & initial_score_above_deferral__Sf0)
959e3af6-042f-4ddc-97c7-be6c7d52d0d8,"['!(all_samples_above_deferral & min_above_auditing_threshold)', '!(initial_score_above_deferral & min_hits_higher_threshold)', '!(min_hits_higher_threshold & all_samples_above_deferral)', '!(min_hits_higher_threshold & min_above_auditing_threshold)', 'G(!(all_samples_above_deferral & min_hits_higher_threshold))', 'G(!(any_sample_below_deferral & min_hits_higher_threshold))', 'G(!(min_above_auditing_threshold & all_samples_above_deferral))', 'G(!(min_above_auditing_threshold & min_hits_higher_threshold))']",17.788965651,10.876581469,17.586770610000002,8,dfb15c2d-5db2-47d5-ad74-fbc371f85a1d,1,True,False,N/A,N/A,False,0.004459633999999824,0.0014900140000015938,N/A,N/A,0.006514646999999485,9,0.00013600100000132898,0.1925523180000006,0.18374511100000035,True,N/A,N/A,N/A,1,0,(initial_score_above_deferral__Sf6 & min_hits_higher_threshold__Sf6)
63d60f05-8852-42aa-85a3-0815333b1cd4,"['!(all_samples_above_deferral & min_above_auditing_threshold)', '!(min_hits_higher_threshold & all_samples_above_deferral)', '!(min_hits_higher_threshold & min_above_auditing_threshold)', 'G(!(all_samples_above_deferral & min_hits_higher_threshold))', 'G(!(any_sample_below_deferral & min_hits_higher_threshold))', 'G(!(initial_score_above_deferral & min_hits_higher_threshold))', 'G(!(min_above_auditing_threshold & all_samples_above_deferral))', 'G(!(min_above_auditing_threshold & min_hits_higher_threshold))']",17.994636296000003,10.876621776999999,17.796501846,8,dfb15c2d-5db2-47d5-ad74-fbc371f85a1d,2,True,False,N/A,N/A,False,0.00501082299999922,0.0015319950000005633,N/A,N/A,0.005283107000000342,5,0.00013624199999995312,0.1893413190000004,0.1794427419999991,True,N/A,N/A,N/A,1,0,(any_sample_below_deferral__Sf0 & initial_score_above_deferral__Sf0)
31f666d7-bb16-4816-b3ff-03bb9982f0b0,"['!(all_samples_above_deferral & min_above_auditing_threshold)', '!(any_sample_below_deferral & min_hits_higher_threshold)', '!(min_hits_higher_threshold & all_samples_above_deferral)', '!(min_hits_higher_threshold & min_above_auditing_threshold)', 'G(!(all_samples_above_deferral & min_hits_higher_threshold))', 'G(!(any_sample_below_deferral & min_hits_higher_threshold))', 'G(!(min_above_auditing_threshold & all_samples_above_deferral))', 'G(!(min_above_auditing_threshold & min_hits_higher_threshold))']",18.192488159,11.051723016999999,18.002188974000003,8,f4527eea-1067-4c41-82f3-cefd9622268d,2,True,False,N/A,N/A,False,0.004881161000000134,0.0019984939999986295,N/A,N/A,0.0076751609999980985,5,0.0001539380000004087,0.16649858499999937,0.15573673899999818,True,N/A,N/A,N/A,1,0,(initial_score_above_deferral__Sf2 & min_hits_higher_threshold__Sf2)
cb831776-f648-4276-aae5-98f43d28034b,"['!(any_sample_below_deferral & initial_score_above_deferral)', '!(min_hits_higher_threshold & all_samples_above_deferral)', '!(min_hits_higher_threshold & min_above_auditing_threshold)', 'G(!(all_samples_above_deferral & min_above_auditing_threshold))', 'G(!(all_samples_above_deferral & min_hits_higher_threshold))', 'G(!(min_above_auditing_threshold & min_hits_higher_threshold))', 'G(!(min_hits_higher_threshold & any_sample_below_deferral))', 'G(!(min_hits_higher_threshold & initial_score_above_deferral))']",18.379095101,11.248413141,18.204363432,8,4f8ef6b4-f9ce-4e80-8c0f-4d1c016d6aa6,1,True,False,N/A,N/A,False,0.008939142999999206,0.0020242999999986466,N/A,N/A,0.008745056999998724,9,8.140399999945203e-05,0.1622284929999971,0.15281829800000324,True,N/A,N/A,N/A,1,0,(any_sample_below_deferral__Sf8 & initial_score_above_deferral__Sf8)
d7e82273-56e9-4f61-9028-3525420cdbe7,"['!(min_hits_higher_threshold & all_samples_above_deferral)', '!(min_hits_higher_threshold & min_above_auditing_threshold)', 'G(!(all_samples_above_deferral & min_above_auditing_threshold))', 'G(!(all_samples_above_deferral & min_hits_higher_threshold))', 'G(!(any_sample_below_deferral & initial_score_above_deferral))', 'G(!(min_above_auditing_threshold & min_hits_higher_threshold))', 'G(!(min_hits_higher_threshold & any_sample_below_deferral))', 'G(!(min_hits_higher_threshold & initial_score_above_deferral))']",18.544937148000002,11.248441234,18.385141987,8,4f8ef6b4-f9ce-4e80-8c0f-4d1c016d6aa6,2,True,False,N/A,N/A,False,0.0040955060000023025,0.001398082000001466,N/A,N/A,0.005340610000001078,5,0.00010292700000036348,0.15095954199999895,0.14097662,True,N/A,N/A,N/A,1,0,(any_sample_below_deferral__Sf3 & min_above_auditing_threshold__Sf3)
b5aa3b8d-6577-421c-9be0-998496f8a1ac,"['!(min_hits_higher_threshold & all_samples_above_deferral)', '!(min_hits_higher_threshold & initial_score_above_deferral)', '!(min_hits_higher_threshold & min_above_auditing_threshold)', 'G(!(all_samples_above_deferral & min_above_auditing_threshold))', 'G(!(all_samples_above_deferral & min_hits_higher_threshold))', 'G(!(initial_score_above_deferral & min_hits_higher_threshold))', 'G(!(min_above_auditing_threshold & min_hits_higher_threshold))', 'G(!(min_hits_higher_threshold & any_sample_below_deferral))']",18.707480998,11.417965781,18.550931506,8,57c1171d-cefb-4cfd-82f3-acce16e53553,2,True,False,N/A,N/A,False,0.004100324999999572,0.0013385489999997446,N/A,N/A,0.004880602000000067,5,9.677900000326645e-05,0.1484466090000005,0.13991978900000035,True,N/A,N/A,N/A,1,0,(any_sample_below_deferral__Sf2 & initial_score_above_deferral__Sf2)
0ef3109f-2b08-4d64-aee0-e486b7c39153,"['!(min_hits_higher_threshold & all_samples_above_deferral)', '!(min_hits_higher_threshold & any_sample_below_deferral)', '!(min_hits_higher_threshold & min_above_auditing_threshold)', 'G(!(all_samples_above_deferral & min_above_auditing_threshold))', 'G(!(all_samples_above_deferral & min_hits_higher_threshold))', 'G(!(min_above_auditing_threshold & min_hits_higher_threshold))', 'G(!(min_hits_higher_threshold & any_sample_below_deferral))', 'G(!(min_hits_higher_threshold & initial_score_above_deferral))']",18.886062727000002,11.582575044,18.713519689,8,2b3d3e7d-cd30-47e6-85ec-b535ae97335d,2,True,False,N/A,N/A,False,0.004090169000001254,0.0014125509999978192,N/A,N/A,0.00465567199999839,5,0.00011224599999692941,0.16469217599999908,0.15368194799999912,True,N/A,N/A,N/A,1,0,(any_sample_below_deferral__Sf1 & initial_score_above_deferral__Sf1)
188f376c-04d4-4287-96ff-6d264b9375bb,"['!(min_hits_higher_threshold & all_samples_above_deferral)', '!(min_hits_higher_threshold & any_sample_below_deferral)', '!(min_hits_higher_threshold & initial_score_above_deferral)', '!(min_hits_higher_threshold & min_above_auditing_threshold)', 'G(!(all_samples_above_deferral & min_above_auditing_threshold))', 'G(!(all_samples_above_deferral & min_hits_higher_threshold))', 'G(!(min_above_auditing_threshold & min_hits_higher_threshold))', 'G(!(min_hits_higher_threshold & any_sample_below_deferral))']",19.072120699000003,11.582608469,18.902946903,8,2b3d3e7d-cd30-47e6-85ec-b535ae97335d,1,True,False,N/A,N/A,False,0.014427710999999732,0.0016492570000004037,N/A,N/A,0.006676604999999114,9,8.754399999943985e-05,0.15898122299999784,0.15116920900000252,True,N/A,N/A,N/A,1,0,(initial_score_above_deferral__Sf5 & min_hits_higher_threshold__Sf5)
610b4f65-f8ca-4474-a354-375a4263ad06,"['!(all_samples_above_deferral & min_above_auditing_threshold)', '!(initial_score_above_deferral & any_sample_below_deferral)', 'G(!(all_samples_above_deferral & min_hits_higher_threshold))', 'G(!(any_sample_below_deferral & min_hits_higher_threshold))', 'G(!(initial_score_above_deferral & any_sample_below_deferral))', 'G(!(min_above_auditing_threshold & all_samples_above_deferral))', 'G(!(min_hits_higher_threshold & initial_score_above_deferral))', 'G(!(min_hits_higher_threshold & min_above_auditing_threshold))']",19.241892481,11.773825194999999,19.078808459,8,db6cd5bb-a660-46fc-908d-d31d0501cdd0,2,True,False,N/A,N/A,False,0.004384951999998776,0.0016969290000012904,N/A,N/A,0.005666151999999869,5,8.790399999725196e-05,0.15381503500000093,0.1451679420000005,True,N/A,N/A,N/A,1,0,(any_sample_below_deferral__Sf3 & min_above_auditing_threshold__Sf3)
ebb2e726-e8a8-4e94-9876-eb5579282851,"['!(all_samples_above_deferral & min_above_auditing_threshold)', '!(any_sample_below_deferral & min_above_auditing_threshold)', 'G(!(all_samples_above_deferral & min_hits_higher_threshold))', 'G(!(any_sample_below_deferral & min_hits_higher_threshold))', 'G(!(initial_score_above_deferral & any_sample_below_deferral))', 'G(!(min_above_auditing_threshold & all_samples_above_deferral))', 'G(!(min_hits_higher_threshold & initial_score_above_deferral))', 'G(!(min_hits_higher_threshold & min_above_auditing_threshold))']",19.417078123,11.955889509999999,19.247423152,8,287b273b-4c09-4542-b4e9-d06efe8b39f9,1,True,False,N/A,N/A,False,0.003814520000002375,0.0012067470000012293,N/A,N/A,0.006453210000000098,9,7.927200000068524e-05,0.1599341729999999,0.1501161780000011,True,N/A,N/A,N/A,1,0,(any_sample_below_deferral__Sf8 & min_above_auditing_threshold__Sf8)
fb18dd14-48a8-4013-ac90-598dd589fabc,"['!(all_samples_above_deferral & min_above_auditing_threshold)', 'G(!(all_samples_above_deferral & min_hits_higher_threshold))', 'G(!(any_sample_below_deferral & min_above_auditing_threshold))', 'G(!(any_sample_below_deferral & min_hits_higher_threshold))', 'G(!(initial_score_above_deferral & any_sample_below_deferral))', 'G(!(min_above_auditing_threshold & all_samples_above_deferral))', 'G(!(min_hits_higher_threshold & initial_score_above_deferral))', 'G(!(min_hits_higher_threshold & min_above_auditing_threshold))']",19.583316410000002,11.955925197,19.422758068,8,287b273b-4c09-4542-b4e9-d06efe8b39f9,2,True,False,N/A,N/A,False,0.003957043999999854,0.0012241750000008267,N/A,N/A,0.004892309999998901,5,9.562199999990639e-05,0.15236027699999966,0.14326904600000034,True,N/A,N/A,N/A,1,0,(all_samples_above_deferral__Sf2 & any_sample_below_deferral__Sf2)
1b7041c2-9274-4755-9e20-3dfd7b3597e4,"['!(all_samples_above_deferral & min_above_auditing_threshold)', '!(any_sample_below_deferral & initial_score_above_deferral)', '!(min_hits_higher_threshold & initial_score_above_deferral)', 'G(!(all_samples_above_deferral & min_hits_higher_threshold))', 'G(!(any_sample_below_deferral & min_hits_higher_threshold))', 'G(!(min_above_auditing_threshold & all_samples_above_deferral))', 'G(!(min_hits_higher_threshold & initial_score_above_deferral))', 'G(!(min_hits_higher_threshold & min_above_auditing_threshold))']",19.771296224,12.120954442999999,19.589578268,8,1b3db6ba-32e0-4ec9-bcf2-418def7569a9,1,True,False,N/A,N/A,False,0.004218027000000291,0.0014608229999986122,N/A,N/A,0.0144009359999977,9,0.0001324690000004125,0.16385491999999857,0.15493117799999823,True,N/A,N/A,N/A,1,0,(any_sample_below_deferral__Sf5 & initial_score_above_deferral__Sf5)
2ac3dab4-4d82-482a-a820-7317d633675b,"['!(all_samples_above_deferral & min_above_auditing_threshold)', '!(min_hits_higher_threshold & initial_score_above_deferral)', 'G(!(all_samples_above_deferral & min_hits_higher_threshold))', 'G(!(any_sample_below_deferral & initial_score_above_deferral))', 'G(!(any_sample_below_deferral & min_hits_higher_threshold))', 'G(!(min_above_auditing_threshold & all_samples_above_deferral))', 'G(!(min_hits_higher_threshold & initial_score_above_deferral))', 'G(!(min_hits_higher_threshold & min_above_auditing_threshold))']",19.942856002000003,12.120988733999999,19.78004065,8,1b3db6ba-32e0-4ec9-bcf2-418def7569a9,2,True,False,N/A,N/A,False,0.006304130000000185,0.0015831730000002153,N/A,N/A,0.006483768999999029,5,8.862099999973339e-05,0.15230717900000101,0.1431021389999998,True,N/A,N/A,N/A,1,0,(any_sample_below_deferral__Sf0 & min_above_auditing_threshold__Sf0)
ea5d5418-2e9d-482b-9913-b44326cb4f59,"['!(all_samples_above_deferral & min_above_auditing_threshold)', '!(any_sample_below_deferral & min_hits_higher_threshold)', '!(initial_score_above_deferral & min_hits_higher_threshold)', 'G(!(all_samples_above_deferral & min_hits_higher_threshold))', 'G(!(initial_score_above_deferral & min_hits_higher_threshold))', 'G(!(min_above_auditing_threshold & all_samples_above_deferral))', 'G(!(min_hits_higher_threshold & any_sample_below_deferral))', 'G(!(min_hits_higher_threshold & min_above_auditing_threshold))']",20.108828284,12.303198206,19.948877380000003,8,449aafe5-6d92-43f9-8c5d-e6ac4e041967,2,True,False,N/A,N/A,False,0.004005485000000419,0.001463823999998226,N/A,N/A,0.004682299999998918,5,0.00013323700000000827,0.1518137349999975,0.14194557500000116,True,N/A,N/A,N/A,1,0,(any_sample_below_deferral__Sf2 & initial_score_above_deferral__Sf2)
2c69735f-45d1-4d74-af9b-bcd6902800c7,"['!(all_samples_above_deferral & min_above_auditing_threshold)', '!(any_sample_below_deferral & initial_score_above_deferral)', '!(any_sample_below_deferral & min_hits_higher_threshold)', 'G(!(all_samples_above_deferral & min_hits_higher_threshold))', 'G(!(initial_score_above_deferral & min_hits_higher_threshold))', 'G(!(min_above_auditing_threshold & all_samples_above_deferral))', 'G(!(min_hits_higher_threshold & any_sample_below_deferral))', 'G(!(min_hits_higher_threshold & min_above_auditing_threshold))']",20.289163010000003,12.477458347999999,20.115321322,8,8005a737-fd8c-4e28-a201-0d1f439f5273,1,True,False,N/A,N/A,False,0.004465204999998917,0.0013759160000006432,N/A,N/A,0.0069231189999996445,9,9.280000000089217e-05,0.1635497749999999,0.1550588659999974,True,N/A,N/A,N/A,1,0,(any_sample_below_deferral__Sf5 & initial_score_above_deferral__Sf5)
ec897d96-1fc1-4648-aa36-9193e48c349f,"['!(all_samples_above_deferral & min_above_auditing_threshold)', '!(any_sample_below_deferral & min_hits_higher_threshold)', 'G(!(all_samples_above_deferral & min_hits_higher_threshold))', 'G(!(any_sample_below_deferral & initial_score_above_deferral))', 'G(!(initial_score_above_deferral & min_hits_higher_threshold))', 'G(!(min_above_auditing_threshold & all_samples_above_deferral))', 'G(!(min_hits_higher_threshold & any_sample_below_deferral))', 'G(!(min_hits_higher_threshold & min_above_auditing_threshold))']",20.459415065,12.477485086,20.295797096,8,8005a737-fd8c-4e28-a201-0d1f439f5273,2,True,False,N/A,N/A,False,0.004496310000000392,0.0014219660000023282,N/A,N/A,0.005529375000001835,5,8.934399999915854e-05,0.1545155670000007,0.14431402800000015,True,N/A,N/A,N/A,1,0,(any_sample_below_deferral__Sf0 & min_above_auditing_threshold__Sf0)
fb9e629d-7500-40e7-a99f-0deb50f9db96,"['!(any_sample_below_deferral & initial_score_above_deferral)', '!(any_sample_below_deferral & min_above_auditing_threshold)', 'G(!(all_samples_above_deferral & min_above_auditing_threshold))', 'G(!(all_samples_above_deferral & min_hits_higher_threshold))', 'G(!(any_sample_below_deferral & initial_score_above_deferral))', 'G(!(min_hits_higher_threshold & any_sample_below_deferral))', 'G(!(min_hits_higher_threshold & initial_score_above_deferral))', 'G(!(min_hits_higher_threshold & min_above_auditing_threshold))']",20.672039984,12.637031345999999,20.475856239000002,8,b313f801-fb56-469c-a372-681af3b9549b,1,True,False,N/A,N/A,False,0.014075813000001602,0.0017029649999997787,N/A,N/A,0.006481223999998065,9,0.0001412199999997199,0.1860195030000007,0.17598094099999884,True,N/A,N/A,N/A,1,0,(any_sample_below_deferral__Sf7 & min_above_auditing_threshold__Sf7)
7ab9b06b-a535-4dfc-8e25-b7b09cb90ebf,"['!(any_sample_below_deferral & initial_score_above_deferral)', 'G(!(all_samples_above_deferral & min_above_auditing_threshold))', 'G(!(all_samples_above_deferral & min_hits_higher_threshold))', 'G(!(any_sample_below_deferral & initial_score_above_deferral))', 'G(!(any_sample_below_deferral & min_above_auditing_threshold))', 'G(!(min_hits_higher_threshold & any_sample_below_deferral))', 'G(!(min_hits_higher_threshold & initial_score_above_deferral))', 'G(!(min_hits_higher_threshold & min_above_auditing_threshold))']",20.864542949,12.637056159,20.694957626,8,b313f801-fb56-469c-a372-681af3b9549b,2,True,False,N/A,N/A,False,0.0062791539999977886,0.0019307160000003876,N/A,N/A,0.005643746000000505,5,0.00011660499999877061,0.15972255100000154,0.14934289099999987,True,N/A,N/A,N/A,1,0,(all_samples_above_deferral__Sf0 & any_sample_below_deferral__Sf0)
162ef847-2ebe-4169-b2fc-f511e63e76ac,"['!(any_sample_below_deferral & min_above_auditing_threshold)', 'G(!(all_samples_above_deferral & min_above_auditing_threshold))', 'G(!(all_samples_above_deferral & min_hits_higher_threshold))', 'G(!(any_sample_below_deferral & initial_score_above_deferral))', 'G(!(any_sample_below_deferral & min_above_auditing_threshold))', 'G(!(min_hits_higher_threshold & any_sample_below_deferral))', 'G(!(min_hits_higher_threshold & initial_score_above_deferral))', 'G(!(min_hits_higher_threshold & min_above_auditing_threshold))']",21.037015611,12.830353277,20.871583009000002,8,a5356081-6349-48cd-a421-89377901bad9,2,True,False,N/A,N/A,False,0.004766695000000709,0.0015680799999984174,N/A,N/A,0.005095159999999765,5,0.00010146500000018932,0.15657251200000033,0.14643073899999948,True,N/A,N/A,N/A,1,0,(all_samples_above_deferral__Sf1 & any_sample_below_deferral__Sf1)
e6f15472-45e4-47b0-8c36-62144f5ec996,"['G(!(all_samples_above_deferral & any_sample_below_deferral))', 'G(!(all_samples_above_deferral & min_above_auditing_threshold))', 'G(!(all_samples_above_deferral & min_hits_higher_threshold))', 'G(!(any_sample_below_deferral & initial_score_above_deferral))', 'G(!(any_sample_below_deferral & min_above_auditing_threshold))', 'G(!(min_hits_higher_threshold & any_sample_below_deferral))', 'G(!(min_hits_higher_threshold & initial_score_above_deferral))', 'G(!(min_hits_higher_threshold & min_above_auditing_threshold))']",21.237211857000002,12.996610618,21.043303037,8,a24754a5-681e-4761-807f-2361f250e2bc,2,True,False,N/A,N/A,False,0.004234009000001038,0.0014575079999978868,N/A,N/A,0.017717599000000916,5,0.00012521700000078795,0.17255961600000091,0.16200527000000164,True,N/A,N/A,N/A,1,0,(initial_score_above_deferral__Sf3 & min_above_auditing_threshold__Sf3)
ab486f6b-a7cf-41c2-b42b-026cc99f75f7,"['!(all_samples_above_deferral & any_sample_below_deferral)', 'G(!(all_samples_above_deferral & min_above_auditing_threshold))', 'G(!(all_samples_above_deferral & min_hits_higher_threshold))', 'G(!(any_sample_below_deferral & initial_score_above_deferral))', 'G(!(any_sample_below_deferral & min_above_auditing_threshold))', 'G(!(min_hits_higher_threshold & any_sample_below_deferral))', 'G(!(min_hits_higher_threshold & initial_score_above_deferral))', 'G(!(min_hits_higher_threshold & min_above_auditing_threshold))']",21.424556841,12.996636971,21.245151463000003,8,a24754a5-681e-4761-807f-2361f250e2bc,1,True,False,N/A,N/A,False,0.005561845999999093,0.0017228769999988458,N/A,N/A,0.006890782999999345,9,0.000102185999999449,0.1686794660000004,0.1593738149999986,True,N/A,N/A,N/A,1,0,(all_samples_above_deferral__Sf7 & any_sample_below_deferral__Sf7)
d0db2caf-00ed-40ea-a999-8a6a5c98c450,"['!(initial_score_above_deferral & any_sample_below_deferral)', '!(min_hits_higher_threshold & initial_score_above_deferral)', 'G(!(all_samples_above_deferral & min_above_auditing_threshold))', 'G(!(all_samples_above_deferral & min_hits_higher_threshold))', 'G(!(initial_score_above_deferral & any_sample_below_deferral))', 'G(!(min_hits_higher_threshold & any_sample_below_deferral))', 'G(!(min_hits_higher_threshold & initial_score_above_deferral))', 'G(!(min_hits_higher_threshold & min_above_auditing_threshold))']",21.593779704000003,13.190746142,21.431638245000002,8,140dafb5-c1ed-4b7c-8547-256e90b50e86,2,True,False,N/A,N/A,False,0.004795313999998996,0.0015380790000030231,N/A,N/A,0.005598638999998684,5,0.00010013200000003053,0.1528997760000017,0.14278920799999995,True,N/A,N/A,N/A,1,0,(any_sample_below_deferral__Sf1 & min_above_auditing_threshold__Sf1)
8284f1c8-569e-4c65-8409-daba3f6b284c,"['!(min_above_auditing_threshold & any_sample_below_deferral)', '!(min_hits_higher_threshold & initial_score_above_deferral)', 'G(!(all_samples_above_deferral & min_above_auditing_threshold))', 'G(!(all_samples_above_deferral & min_hits_higher_threshold))', 'G(!(initial_score_above_deferral & any_sample_below_deferral))', 'G(!(min_hits_higher_threshold & any_sample_below_deferral))', 'G(!(min_hits_higher_threshold & initial_score_above_deferral))', 'G(!(min_hits_higher_threshold & min_above_auditing_threshold))']",21.788037879,13.358336453,21.599896068,8,8f8d3d99-1d19-4cc5-84a6-18b88f761434,1,True,False,N/A,N/A,False,0.004202727999999212,0.0013765790000022093,N/A,N/A,0.0062808739999979935,9,0.00011082400000006487,0.17838526000000243,0.16947370899999825,True,N/A,N/A,N/A,1,0,(any_sample_below_deferral__Sf8 & min_above_auditing_threshold__Sf8)
f9535cb7-ff89-48c4-bdc6-52e871f74b38,"['!(min_hits_higher_threshold & initial_score_above_deferral)', 'G(!(all_samples_above_deferral & min_above_auditing_threshold))', 'G(!(all_samples_above_deferral & min_hits_higher_threshold))', 'G(!(initial_score_above_deferral & any_sample_below_deferral))', 'G(!(min_above_auditing_threshold & any_sample_below_deferral))', 'G(!(min_hits_higher_threshold & any_sample_below_deferral))', 'G(!(min_hits_higher_threshold & initial_score_above_deferral))', 'G(!(min_hits_higher_threshold & min_above_auditing_threshold))']",21.959399968,13.358362912999999,21.795149521000003,8,8f8d3d99-1d19-4cc5-84a6-18b88f761434,2,True,False,N/A,N/A,False,0.00483056100000212,0.0015658060000021123,N/A,N/A,0.005569999000002213,5,9.599299999862865e-05,0.15479917300000068,0.14407449599999822,True,N/A,N/A,N/A,1,0,(all_samples_above_deferral__Sf1 & any_sample_below_deferral__Sf1)
a04c9587-40ac-49dd-a6e9-71cc756c0e2c,"['!(any_sample_below_deferral & initial_score_above_deferral)', '!(initial_score_above_deferral & min_hits_higher_threshold)', '!(min_hits_higher_threshold & any_sample_below_deferral)', 'G(!(all_samples_above_deferral & min_above_auditing_threshold))', 'G(!(all_samples_above_deferral & min_hits_higher_threshold))', 'G(!(initial_score_above_deferral & min_hits_higher_threshold))', 'G(!(min_hits_higher_threshold & any_sample_below_deferral))', 'G(!(min_hits_higher_threshold & min_above_auditing_threshold))']",22.161318156,13.536292821,21.965899345,8,9d7a195b-bf36-48f0-8fd0-70161dd83d67,1,True,False,N/A,N/A,False,0.004503093000000291,0.0013808950000004927,N/A,N/A,0.007673683000000153,9,0.00010405300000115858,0.17372833499999984,0.1645907219999998,True,N/A,N/A,N/A,1,0,(any_sample_below_deferral__Sf8 & initial_score_above_deferral__Sf8)
ff959b15-467c-48dd-815b-63663e085f80,"['!(initial_score_above_deferral & min_hits_higher_threshold)', '!(min_hits_higher_threshold & any_sample_below_deferral)', 'G(!(all_samples_above_deferral & min_above_auditing_threshold))', 'G(!(all_samples_above_deferral & min_hits_higher_threshold))', 'G(!(any_sample_below_deferral & initial_score_above_deferral))', 'G(!(initial_score_above_deferral & min_hits_higher_threshold))', 'G(!(min_hits_higher_threshold & any_sample_below_deferral))', 'G(!(min_hits_higher_threshold & min_above_auditing_threshold))']",22.335577959000002,13.536331173999999,22.168341869000002,8,9d7a195b-bf36-48f0-8fd0-70161dd83d67,2,True,False,N/A,N/A,False,0.004716520000002333,0.001524398999997345,N/A,N/A,0.005487929999997476,5,0.00011840300000187653,0.158014356999999,0.14838257399999932,True,N/A,N/A,N/A,1,0,(any_sample_below_deferral__Sf0 & min_above_auditing_threshold__Sf0)
a5930967-3640-4e64-ba24-53a6f2d7de0c,"['!(any_sample_below_deferral & initial_score_above_deferral)', '!(min_hits_higher_threshold & any_sample_below_deferral)', 'G(!(all_samples_above_deferral & min_above_auditing_threshold))', 'G(!(all_samples_above_deferral & min_hits_higher_threshold))', 'G(!(any_sample_below_deferral & initial_score_above_deferral))', 'G(!(initial_score_above_deferral & min_hits_higher_threshold))', 'G(!(min_hits_higher_threshold & any_sample_below_deferral))', 'G(!(min_hits_higher_threshold & min_above_auditing_threshold))']",22.503123123,13.71341992,22.342495264,8,c9c2b593-b049-468b-ae48-519cf14fdb3c,2,True,False,N/A,N/A,False,0.004832816000000406,0.0013903530000014541,N/A,N/A,0.005492194000002115,5,0.00010365700000036782,0.15153105999999994,0.1415707889999993,True,N/A,N/A,N/A,1,0,(any_sample_below_deferral__Sf0 & min_above_auditing_threshold__Sf0)
19cf2f3a-faa4-42c7-98e6-b174b0736ebf,"['!(min_above_auditing_threshold & any_sample_below_deferral)', '!(min_hits_higher_threshold & any_sample_below_deferral)', 'G(!(all_samples_above_deferral & min_above_auditing_threshold))', 'G(!(all_samples_above_deferral & min_hits_higher_threshold))', 'G(!(any_sample_below_deferral & initial_score_above_deferral))', 'G(!(initial_score_above_deferral & min_hits_higher_threshold))', 'G(!(min_hits_higher_threshold & any_sample_below_deferral))', 'G(!(min_hits_higher_threshold & min_above_auditing_threshold))']",22.6840765,13.883792584,22.509698284000002,8,52ce4ba3-f0ae-423e-870b-3685e23d0447,1,True,False,N/A,N/A,False,0.00452894800000081,0.001420920000001047,N/A,N/A,0.007504337000000305,9,8.621399999952928e-05,0.16341461600000073,0.1550175689999982,True,N/A,N/A,N/A,1,0,(any_sample_below_deferral__Sf6 & min_above_auditing_threshold__Sf6)
357df147-cdb9-41d2-87ce-2c6c9e0d0420,"['!(min_hits_higher_threshold & any_sample_below_deferral)', 'G(!(all_samples_above_deferral & min_above_auditing_threshold))', 'G(!(all_samples_above_deferral & min_hits_higher_threshold))', 'G(!(any_sample_below_deferral & initial_score_above_deferral))', 'G(!(initial_score_above_deferral & min_hits_higher_threshold))', 'G(!(min_above_auditing_threshold & any_sample_below_deferral))', 'G(!(min_hits_higher_threshold & any_sample_below_deferral))', 'G(!(min_hits_higher_threshold & min_above_auditing_threshold))']",22.9287342,13.883820343,22.691387439,8,52ce4ba3-f0ae-423e-870b-3685e23d0447,2,True,False,N/A,N/A,False,0.004972052999999477,0.0017082669999979316,N/A,N/A,0.005279392000002048,5,0.0001282919999994192,0.22838645500000254,0.14695923500000063,True,N/A,N/A,N/A,1,0,(all_samples_above_deferral__Sf1 & any_sample_below_deferral__Sf1)
93a0836e-cd38-4989-be8d-ec3b015f52e7,"['!(all_samples_above_deferral & min_above_auditing_threshold)', '!(all_samples_above_deferral & min_hits_higher_threshold)', '!(initial_score_above_deferral & min_hits_higher_threshold)', 'G(!(any_sample_below_deferral & min_hits_higher_threshold))', 'G(!(min_above_auditing_threshold & all_samples_above_deferral))', 'G(!(min_hits_higher_threshold & all_samples_above_deferral))', 'G(!(min_hits_higher_threshold & initial_score_above_deferral))', 'G(!(min_hits_higher_threshold & min_above_auditing_threshold))']",23.101486702000003,14.064792568,22.94506176,8,c364e13f-27a1-4604-bcbc-32dc15ce8802,2,True,False,N/A,N/A,False,0.005684727999998529,0.0014229420000013704,N/A,N/A,0.005201784000000487,5,0.00012687500000296836,0.14782649600000042,0.13857902000000166,True,N/A,N/A,N/A,1,0,(any_sample_below_deferral__Sf1 & initial_score_above_deferral__Sf1)
2c52de0d-66cc-4bda-bbb9-648a60540980,"['!(all_samples_above_deferral & min_above_auditing_threshold)', '!(all_samples_above_deferral & min_hits_higher_threshold)', '!(initial_score_above_deferral & any_sample_below_deferral)', 'G(!(any_sample_below_deferral & min_hits_higher_threshold))', 'G(!(initial_score_above_deferral & min_hits_higher_threshold))', 'G(!(min_above_auditing_threshold & all_samples_above_deferral))', 'G(!(min_hits_higher_threshold & all_samples_above_deferral))', 'G(!(min_hits_higher_threshold & min_above_auditing_threshold))']",23.287839755,14.228796839,23.108778613000002,8,cd6e81b5-0b4f-4c69-9b85-232adbb12965,1,True,False,N/A,N/A,False,0.004874805000000038,0.0015644370000025276,N/A,N/A,0.007094822999999195,9,8.953100000042014e-05,0.16847970299999915,0.15976176600000258,True,N/A,N/A,N/A,1,0,(any_sample_below_deferral__Sf8 & initial_score_above_deferral__Sf8)
dd779542-8ee5-44b6-a98d-985bf473748f,"['!(all_samples_above_deferral & min_above_auditing_threshold)', '!(all_samples_above_deferral & min_hits_higher_threshold)', 'G(!(any_sample_below_deferral & min_hits_higher_threshold))', 'G(!(initial_score_above_deferral & any_sample_below_deferral))', 'G(!(initial_score_above_deferral & min_hits_higher_threshold))', 'G(!(min_above_auditing_threshold & all_samples_above_deferral))', 'G(!(min_hits_higher_threshold & all_samples_above_deferral))', 'G(!(min_hits_higher_threshold & min_above_auditing_threshold))']",23.456045373000002,14.228821815,23.294110956,8,cd6e81b5-0b4f-4c69-9b85-232adbb12965,2,True,False,N/A,N/A,False,0.004204731000001516,0.0014467479999993316,N/A,N/A,0.005541903999997544,5,0.00012298000000043885,0.15282232999999934,0.14259259800000024,True,N/A,N/A,N/A,1,0,(any_sample_below_deferral__Sf1 & min_above_auditing_threshold__Sf1)
f6320e8a-9750-4763-8635-d0d157f318ed,"['!(all_samples_above_deferral & min_above_auditing_threshold)', '!(all_samples_above_deferral & min_hits_higher_threshold)', '!(any_sample_below_deferral & min_hits_higher_threshold)', '!(initial_score_above_deferral & min_hits_higher_threshold)', 'G(!(min_above_auditing_threshold & all_samples_above_deferral))', 'G(!(min_hits_higher_threshold & all_samples_above_deferral))', 'G(!(min_hits_higher_threshold & any_sample_below_deferral))', 'G(!(min_hits_higher_threshold & min_above_auditing_threshold))']",23.630490194,14.398929258,23.462780128000002,8,e1c40bd8-15f0-4bdc-92b0-dc5e685395d5,1,True,False,N/A,N/A,False,0.004664728000001617,0.001398489999999697,N/A,N/A,0.006708534999997795,9,8.045600000272657e-05,0.15769467000000148,0.14994806300000008,True,N/A,N/A,N/A,1,0,(initial_score_above_deferral__Sf8 & min_hits_higher_threshold__Sf8)
b4609f20-e365-4161-8933-9930cceadc02,"['!(all_samples_above_deferral & min_above_auditing_threshold)', '!(all_samples_above_deferral & min_hits_higher_threshold)', '!(any_sample_below_deferral & min_hits_higher_threshold)', 'G(!(initial_score_above_deferral & min_hits_higher_threshold))', 'G(!(min_above_auditing_threshold & all_samples_above_deferral))', 'G(!(min_hits_higher_threshold & all_samples_above_deferral))', 'G(!(min_hits_higher_threshold & any_sample_below_deferral))', 'G(!(min_hits_higher_threshold & min_above_auditing_threshold))']",23.81368438,14.398954482999999,23.636544026000003,8,e1c40bd8-15f0-4bdc-92b0-dc5e685395d5,2,True,False,N/A,N/A,False,0.004134135000001038,0.0013734760000012614,N/A,N/A,0.004955713000001083,5,0.00012207100000338755,0.16869935399999747,0.15911640299999874,True,N/A,N/A,N/A,1,0,(any_sample_below_deferral__Sf1 & initial_score_above_deferral__Sf1)
b3a5d965-2381-4d76-8d61-eacccd8736ec,"['!(all_samples_above_deferral & min_hits_higher_threshold)', '!(any_sample_below_deferral & initial_score_above_deferral)', 'G(!(all_samples_above_deferral & min_above_auditing_threshold))', 'G(!(any_sample_below_deferral & initial_score_above_deferral))', 'G(!(any_sample_below_deferral & min_hits_higher_threshold))', 'G(!(min_hits_higher_threshold & all_samples_above_deferral))', 'G(!(min_hits_higher_threshold & initial_score_above_deferral))', 'G(!(min_hits_higher_threshold & min_above_auditing_threshold))']",23.981508283,14.57817246,23.820553198000002,8,0280b992-8600-4575-a1a2-617406b42113,2,True,False,N/A,N/A,False,0.00468656600000017,0.001426664000000244,N/A,N/A,0.005242923999997373,5,0.0001010999999984108,0.15211337899999933,0.141622813999998,True,N/A,N/A,N/A,1,0,(any_sample_below_deferral__Sf0 & min_above_auditing_threshold__Sf0)
9b561997-0e48-43a3-96c8-009b781447ce,"['!(all_samples_above_deferral & min_hits_higher_threshold)', '!(any_sample_below_deferral & min_above_auditing_threshold)', 'G(!(all_samples_above_deferral & min_above_auditing_threshold))', 'G(!(any_sample_below_deferral & initial_score_above_deferral))', 'G(!(any_sample_below_deferral & min_hits_higher_threshold))', 'G(!(min_hits_higher_threshold & all_samples_above_deferral))', 'G(!(min_hits_higher_threshold & initial_score_above_deferral))', 'G(!(min_hits_higher_threshold & min_above_auditing_threshold))']",24.182632385,14.743255917,23.987628987,8,09de1a11-7626-4f99-8909-3a932a1e7415,1,True,False,N/A,N/A,False,0.004203717999999412,0.0013510920000001647,N/A,N/A,0.011658621000002256,9,0.00011174000000124806,0.17980152400000193,0.17057821799999928,True,N/A,N/A,N/A,1,0,(any_sample_below_deferral__Sf5 & min_above_auditing_threshold__Sf5)
1d83867c-0daf-4114-871d-bb8e2542e506,"['!(all_samples_above_deferral & min_hits_higher_threshold)', 'G(!(all_samples_above_deferral & min_above_auditing_threshold))', 'G(!(any_sample_below_deferral & initial_score_above_deferral))', 'G(!(any_sample_below_deferral & min_above_auditing_threshold))', 'G(!(any_sample_below_deferral & min_hits_higher_threshold))', 'G(!(min_hits_higher_threshold & all_samples_above_deferral))', 'G(!(min_hits_higher_threshold & initial_score_above_deferral))', 'G(!(min_hits_higher_threshold & min_above_auditing_threshold))']",24.382325228000003,14.743286378999999,24.191497399000003,8,09de1a11-7626-4f99-8909-3a932a1e7415,2,True,False,N/A,N/A,False,0.00646801300000277,0.001656189000001973,N/A,N/A,0.005272027999996709,5,0.00013057199999977342,0.18153429200000204,0.171094729,True,N/A,N/A,N/A,1,0,(all_samples_above_deferral__Sf0 & any_sample_below_deferral__Sf0)
f21dcab1-7789-40fb-8f61-88f428e40486,"['!(all_samples_above_deferral & min_hits_higher_threshold)', '!(initial_score_above_deferral & any_sample_below_deferral)', '!(min_hits_higher_threshold & initial_score_above_deferral)', 'G(!(all_samples_above_deferral & min_above_auditing_threshold))', 'G(!(any_sample_below_deferral & min_hits_higher_threshold))', 'G(!(initial_score_above_deferral & min_hits_higher_threshold))', 'G(!(min_hits_higher_threshold & all_samples_above_deferral))', 'G(!(min_hits_higher_threshold & min_above_auditing_threshold))']",24.558633422,14.912043182,24.389068332,8,a0b1df3f-2852-4768-8e19-39c8c600839f,1,True,False,N/A,N/A,False,0.004671865999998914,0.0013926799999985917,N/A,N/A,0.006818851000002013,9,8.36729999988961e-05,0.15927059499999885,0.15013915799999822,True,N/A,N/A,N/A,1,0,(any_sample_below_deferral__Sf6 & initial_score_above_deferral__Sf6)
0324f629-227a-4cc5-a386-ab09eaf6d8aa,"['!(all_samples_above_deferral & min_hits_higher_threshold)', '!(min_hits_higher_threshold & initial_score_above_deferral)', 'G(!(all_samples_above_deferral & min_above_auditing_threshold))', 'G(!(any_sample_below_deferral & min_hits_higher_threshold))', 'G(!(initial_score_above_deferral & any_sample_below_deferral))', 'G(!(initial_score_above_deferral & min_hits_higher_threshold))', 'G(!(min_hits_higher_threshold & all_samples_above_deferral))', 'G(!(min_hits_higher_threshold & min_above_auditing_threshold))']",24.721483425000002,14.912071233,24.564225564,8,a0b1df3f-2852-4768-8e19-39c8c600839f,2,True,False,N/A,N/A,False,0.0039104380000019034,0.0011567700000014725,N/A,N/A,0.004997879000001149,5,9.158700000000408e-05,0.14905723600000087,0.1403855319999998,True,N/A,N/A,N/A,1,0,(any_sample_below_deferral__Sf0 & min_above_auditing_threshold__Sf0)
334fcb4f-5a1d-493f-b988-c5fc40f702b1,"['!(all_samples_above_deferral & min_hits_higher_threshold)', '!(any_sample_below_deferral & min_hits_higher_threshold)', '!(initial_score_above_deferral & min_hits_higher_threshold)', 'G(!(all_samples_above_deferral & min_above_auditing_threshold))', 'G(!(any_sample_below_deferral & min_hits_higher_threshold))', 'G(!(initial_score_above_deferral & min_hits_higher_threshold))', 'G(!(min_hits_higher_threshold & all_samples_above_deferral))', 'G(!(min_hits_higher_threshold & min_above_auditing_threshold))']",24.886738624000003,15.093438445999999,24.727213765000002,8,8d0df159-bdf8-45ca-a320-9c3a53301e6c,2,True,False,N/A,N/A,False,0.003986354999998554,0.0011856520000002035,N/A,N/A,0.004826808000000682,5,0.00010258600000057072,0.15167643599999892,0.14163785599999912,True,N/A,N/A,N/A,1,0,(any_sample_below_deferral__Sf0 & initial_score_above_deferral__Sf0)
cfc4e2b8-c5d2-4e7d-a4b8-40ef97f0b555,"['!(all_samples_above_deferral & min_hits_higher_threshold)', '!(any_sample_below_deferral & initial_score_above_deferral)', '!(any_sample_below_deferral & min_hits_higher_threshold)', 'G(!(all_samples_above_deferral & min_above_auditing_threshold))', 'G(!(any_sample_below_deferral & min_hits_higher_threshold))', 'G(!(initial_score_above_deferral & min_hits_higher_threshold))', 'G(!(min_hits_higher_threshold & all_samples_above_deferral))', 'G(!(min_hits_higher_threshold & min_above_auditing_threshold))']",25.069593034,15.259231659,24.893034793,8,5b1ff4b3-0fa8-4350-a708-74018a7a969e,1,True,False,N/A,N/A,False,0.004275537000001606,0.001373940000000573,N/A,N/A,0.014173392000000007,9,9.713399999711214e-05,0.15894179200000025,0.15088776199999998,True,N/A,N/A,N/A,1,0,(any_sample_below_deferral__Sf6 & initial_score_above_deferral__Sf6)
4eed6f46-57eb-45bc-b0d6-f13eb3887d35,"['!(all_samples_above_deferral & min_hits_higher_threshold)', '!(any_sample_below_deferral & min_hits_higher_threshold)', 'G(!(all_samples_above_deferral & min_above_auditing_threshold))', 'G(!(any_sample_below_deferral & initial_score_above_deferral))', 'G(!(any_sample_below_deferral & min_hits_higher_threshold))', 'G(!(initial_score_above_deferral & min_hits_higher_threshold))', 'G(!(min_hits_higher_threshold & all_samples_above_deferral))', 'G(!(min_hits_higher_threshold & min_above_auditing_threshold))']",25.238965337,15.259258804,25.075420196,8,5b1ff4b3-0fa8-4350-a708-74018a7a969e,2,True,False,N/A,N/A,False,0.003960958000000403,0.001308467000001201,N/A,N/A,0.005067706999998478,5,0.00010485199999976658,0.1550454590000001,0.14628279600000127,True,N/A,N/A,N/A,1,0,(any_sample_below_deferral__Sf0 & min_above_auditing_threshold__Sf0)
1228f2bd-6d4a-42ba-83a9-9e6ba63b5c87,"['!(initial_score_above_deferral & any_sample_below_deferral)', '!(initial_score_above_deferral & min_hits_higher_threshold)', '!(min_hits_higher_threshold & min_above_auditing_threshold)', 'G(!(initial_score_above_deferral & any_sample_below_deferral))', 'G(!(initial_score_above_deferral & min_hits_higher_threshold))', 'G(!(min_above_auditing_threshold & all_samples_above_deferral))', 'G(!(min_above_auditing_threshold & min_hits_higher_threshold))', 'G(!(min_hits_higher_threshold & all_samples_above_deferral))', 'G(!(min_hits_higher_threshold & any_sample_below_deferral))']",25.403832159,15.432448165999999,25.245874333,9,d198c67b-e5be-40df-a172-50ea12ab10e4,2,True,False,N/A,N/A,False,0.004717411000001448,0.0015543109999995863,N/A,N/A,0.005619287000001805,5,9.841800000032208e-05,0.14888789500000144,0.13873140199999767,True,N/A,N/A,N/A,1,0,(any_sample_below_deferral__Sf2 & min_above_auditing_threshold__Sf2)
d71eb6f3-a0f8-4b8a-b97f-11bced166076,"['!(any_sample_below_deferral & min_above_auditing_threshold)', '!(initial_score_above_deferral & min_hits_higher_threshold)', '!(min_hits_higher_threshold & min_above_auditing_threshold)', 'G(!(initial_score_above_deferral & any_sample_below_deferral))', 'G(!(initial_score_above_deferral & min_hits_higher_threshold))', 'G(!(min_above_auditing_threshold & all_samples_above_deferral))', 'G(!(min_above_auditing_threshold & min_hits_higher_threshold))', 'G(!(min_hits_higher_threshold & all_samples_above_deferral))', 'G(!(min_hits_higher_threshold & any_sample_below_deferral))']",25.58226891,15.627009711000001,25.409947041000002,9,d467b8ec-599b-46d5-8846-647a471c38a7,1,True,False,N/A,N/A,False,0.004065949000001012,0.001418516999997621,N/A,N/A,0.00633420499999815,9,9.934400000233268e-05,0.1626029829999993,0.15391442700000013,True,N/A,N/A,N/A,1,0,(any_sample_below_deferral__Sf6 & min_above_auditing_threshold__Sf6)
0a722908-673d-4b8e-912b-da479b9e2314,"['!(initial_score_above_deferral & min_hits_higher_threshold)', '!(min_hits_higher_threshold & min_above_auditing_threshold)', 'G(!(any_sample_below_deferral & min_above_auditing_threshold))', 'G(!(initial_score_above_deferral & any_sample_below_deferral))', 'G(!(initial_score_above_deferral & min_hits_higher_threshold))', 'G(!(min_above_auditing_threshold & all_samples_above_deferral))', 'G(!(min_above_auditing_threshold & min_hits_higher_threshold))', 'G(!(min_hits_higher_threshold & all_samples_above_deferral))', 'G(!(min_hits_higher_threshold & any_sample_below_deferral))']",25.757770031,15.627047136,25.589085927000003,9,d467b8ec-599b-46d5-8846-647a471c38a7,2,True,False,N/A,N/A,False,0.004663247999999953,0.0014862949999994157,N/A,N/A,0.005162340999998349,5,0.00011151400000031231,0.15986285600000016,0.14862469100000197,True,N/A,N/A,N/A,1,0,(all_samples_above_deferral__Sf2 & any_sample_below_deferral__Sf2)
55af86bf-e299-4b6d-b071-b4e4e65c7926,"['!(any_sample_below_deferral & min_above_auditing_threshold)', '!(initial_score_above_deferral & any_sample_below_deferral)', '!(min_hits_higher_threshold & min_above_auditing_threshold)', 'G(!(any_sample_below_deferral & initial_score_above_deferral))', 'G(!(initial_score_above_deferral & min_hits_higher_threshold))', 'G(!(min_above_auditing_threshold & all_samples_above_deferral))', 'G(!(min_above_auditing_threshold & min_hits_higher_threshold))', 'G(!(min_hits_higher_threshold & all_samples_above_deferral))', 'G(!(min_hits_higher_threshold & any_sample_below_deferral))']",25.945685281000003,15.809591614,25.764870008000003,9,9bf58163-49c1-4607-85c7-5178f108e4d9,1,True,False,N/A,N/A,False,0.004947220000001806,0.001466314000001745,N/A,N/A,0.006523173999998022,9,8.965299999985632e-05,0.17073427800000118,0.16169847600000153,True,N/A,N/A,N/A,1,0,(any_sample_below_deferral__Sf5 & min_above_auditing_threshold__Sf5)
c5eea0e0-748a-4dda-b167-4201448dacd7,"['!(initial_score_above_deferral & any_sample_below_deferral)', '!(min_hits_higher_threshold & min_above_auditing_threshold)', 'G(!(any_sample_below_deferral & initial_score_above_deferral))', 'G(!(any_sample_below_deferral & min_above_auditing_threshold))', 'G(!(initial_score_above_deferral & min_hits_higher_threshold))', 'G(!(min_above_auditing_threshold & all_samples_above_deferral))', 'G(!(min_above_auditing_threshold & min_hits_higher_threshold))', 'G(!(min_hits_higher_threshold & all_samples_above_deferral))', 'G(!(min_hits_higher_threshold & any_sample_below_deferral))']",26.120198694000003,15.809624014999999,25.951789775,9,9bf58163-49c1-4607-85c7-5178f108e4d9,2,True,False,N/A,N/A,False,0.0041892600000004165,0.0013699570000014205,N/A,N/A,0.0059815699999994365,5,0.00010361000000003173,0.14851187400000043,0.13905558100000093,True,N/A,N/A,N/A,1,0,(all_samples_above_deferral__Sf2 & any_sample_below_deferral__Sf2)
b465dd0c-4a19-45ed-94be-46147d936394,"['!(any_sample_below_deferral & min_above_auditing_threshold)', '!(min_hits_higher_threshold & min_above_auditing_threshold)', 'G(!(any_sample_below_deferral & min_above_auditing_threshold))', 'G(!(initial_score_above_deferral & any_sample_below_deferral))', 'G(!(initial_score_above_deferral & min_hits_higher_threshold))', 'G(!(min_above_auditing_threshold & all_samples_above_deferral))', 'G(!(min_above_auditing_threshold & min_hits_higher_threshold))', 'G(!(min_hits_higher_threshold & all_samples_above_deferral))', 'G(!(min_hits_higher_threshold & any_sample_below_deferral))']",26.292552676,16.000817052000002,26.126777943,9,2699bc2e-6c7f-4194-8009-a1accf29c0db,2,True,False,N/A,N/A,False,0.0043140189999988365,0.0015927710000021023,N/A,N/A,0.0055747160000017,5,0.00011371899999801371,0.15610696299999915,0.1466152770000022,True,N/A,N/A,N/A,1,0,(all_samples_above_deferral__Sf1 & any_sample_below_deferral__Sf1)
3eb3a728-758e-4443-ab6c-040946b12302,"['!(any_sample_below_deferral & all_samples_above_deferral)', '!(min_hits_higher_threshold & min_above_auditing_threshold)', 'G(!(any_sample_below_deferral & min_above_auditing_threshold))', 'G(!(initial_score_above_deferral & any_sample_below_deferral))', 'G(!(initial_score_above_deferral & min_hits_higher_threshold))', 'G(!(min_above_auditing_threshold & all_samples_above_deferral))', 'G(!(min_above_auditing_threshold & min_hits_higher_threshold))', 'G(!(min_hits_higher_threshold & all_samples_above_deferral))', 'G(!(min_hits_higher_threshold & any_sample_below_deferral))']",26.476208993,16.175426875000003,26.298814944,9,a618ed88-6fa8-45d1-b409-99c27ec80355,1,True,False,N/A,N/A,False,0.004279710000002268,0.0014254270000009228,N/A,N/A,0.006589430999998314,9,7.786599999803911e-05,0.1671178900000001,0.15761341400000006,True,N/A,N/A,N/A,1,0,(all_samples_above_deferral__Sf7 & any_sample_below_deferral__Sf7)
2b890619-2d88-49c6-bfd0-0356c340147a,"['!(min_hits_higher_threshold & min_above_auditing_threshold)', 'G(!(any_sample_below_deferral & all_samples_above_deferral))', 'G(!(any_sample_below_deferral & min_above_auditing_threshold))', 'G(!(initial_score_above_deferral & any_sample_below_deferral))', 'G(!(initial_score_above_deferral & min_hits_higher_threshold))', 'G(!(min_above_auditing_threshold & all_samples_above_deferral))', 'G(!(min_above_auditing_threshold & min_hits_higher_threshold))', 'G(!(min_hits_higher_threshold & all_samples_above_deferral))', 'G(!(min_hits_higher_threshold & any_sample_below_deferral))']",26.640610871,16.175452767000003,26.482220010000002,9,a618ed88-6fa8-45d1-b409-99c27ec80355,2,True,False,N/A,N/A,False,0.004094501000000861,0.001371576000000374,N/A,N/A,0.005418981999998351,5,0.00011137999999988324,0.14927187400000008,0.1398448899999991,True,N/A,N/A,N/A,1,0,(initial_score_above_deferral__Sf1 & min_above_auditing_threshold__Sf1)
deddfb5b-c2e4-4c74-8558-3d6a9df87a86,"['!(initial_score_above_deferral & any_sample_below_deferral)', '!(initial_score_above_deferral & min_hits_higher_threshold)', '!(min_hits_higher_threshold & any_sample_below_deferral)', '!(min_hits_higher_threshold & min_above_auditing_threshold)', 'G(!(initial_score_above_deferral & min_hits_higher_threshold))', 'G(!(min_above_auditing_threshold & all_samples_above_deferral))', 'G(!(min_above_auditing_threshold & min_hits_higher_threshold))', 'G(!(min_hits_higher_threshold & all_samples_above_deferral))', 'G(!(min_hits_higher_threshold & any_sample_below_deferral))']",26.830485326,16.341862241,26.646911835,9,e97393a2-f9aa-469b-aeb5-06db0f4b29cb,1,True,False,N/A,N/A,False,0.004212696999999821,0.0015024689999982854,N/A,N/A,0.007011098999999632,9,7.68119999996486e-05,0.17321546999999882,0.16423220599999766,True,N/A,N/A,N/A,1,0,(any_sample_below_deferral__Sf5 & initial_score_above_deferral__Sf5)
b1e24e08-a951-412b-b598-80762c71961b,"['!(initial_score_above_deferral & min_hits_higher_threshold)', '!(min_hits_higher_threshold & any_sample_below_deferral)', '!(min_hits_higher_threshold & min_above_auditing_threshold)', 'G(!(initial_score_above_deferral & any_sample_below_deferral))', 'G(!(initial_score_above_deferral & min_hits_higher_threshold))', 'G(!(min_above_auditing_threshold & all_samples_above_deferral))', 'G(!(min_above_auditing_threshold & min_hits_higher_threshold))', 'G(!(min_hits_higher_threshold & all_samples_above_deferral))', 'G(!(min_hits_higher_threshold & any_sample_below_deferral))']",27.122114636000003,16.341890498,26.837349559,9,e97393a2-f9aa-469b-aeb5-06db0f4b29cb,2,True,False,N/A,N/A,False,0.004668782999999621,0.0015396799999969346,N/A,N/A,0.006058649999999943,5,0.0001081409999983407,0.2750515629999981,0.13984160700000103,True,N/A,N/A,N/A,1,0,(any_sample_below_deferral__Sf2 & min_above_auditing_threshold__Sf2)
2c8050cd-1f02-445b-b55e-8208d2667792,"['!(any_sample_below_deferral & initial_score_above_deferral)', '!(min_hits_higher_threshold & any_sample_below_deferral)', '!(min_hits_higher_threshold & min_above_auditing_threshold)', 'G(!(any_sample_below_deferral & initial_score_above_deferral))', 'G(!(initial_score_above_deferral & min_hits_higher_threshold))', 'G(!(min_above_auditing_threshold & all_samples_above_deferral))', 'G(!(min_above_auditing_threshold & min_hits_higher_threshold))', 'G(!(min_hits_higher_threshold & all_samples_above_deferral))', 'G(!(min_hits_higher_threshold & any_sample_below_deferral))']",27.293990773,16.532071977,27.131043912000003,9,308b8e84-f4eb-43f7-84f0-f6b291f83a84,2,True,False,N/A,N/A,False,0.0067668770000004486,0.00156312000000014,N/A,N/A,0.0060343680000016775,5,0.00010029600000294181,0.15310305299999882,0.14398047399999925,True,N/A,N/A,N/A,1,0,(any_sample_below_deferral__Sf0 & min_above_auditing_threshold__Sf0)
d2be5f13-8f11-4262-9ccf-7d6bd4f4b75d,"['!(any_sample_below_deferral & min_above_auditing_threshold)', '!(min_hits_higher_threshold & any_sample_below_deferral)', '!(min_hits_higher_threshold & min_above_auditing_threshold)', 'G(!(any_sample_below_deferral & initial_score_above_deferral))', 'G(!(initial_score_above_deferral & min_hits_higher_threshold))', 'G(!(min_above_auditing_threshold & all_samples_above_deferral))', 'G(!(min_above_auditing_threshold & min_hits_higher_threshold))', 'G(!(min_hits_higher_threshold & all_samples_above_deferral))', 'G(!(min_hits_higher_threshold & any_sample_below_deferral))']",27.479206586,16.695927755,27.300359024000002,9,99633c23-ec59-4cd4-a00a-fe2c93823055,1,True,False,N/A,N/A,False,0.0043282580000010284,0.0014807380000014803,N/A,N/A,0.007254030000002132,9,9.959300000161875e-05,0.167875114000001,0.1583399909999983,True,N/A,N/A,N/A,1,0,(any_sample_below_deferral__Sf8 & min_above_auditing_threshold__Sf8)
104ce8aa-e461-448c-bc1a-da4d8fff5d13,"['!(min_hits_higher_threshold & any_sample_below_deferral)', '!(min_hits_higher_threshold & min_above_auditing_threshold)', 'G(!(any_sample_below_deferral & initial_score_above_deferral))', 'G(!(any_sample_below_deferral & min_above_auditing_threshold))', 'G(!(initial_score_above_deferral & min_hits_higher_threshold))', 'G(!(min_above_auditing_threshold & all_samples_above_deferral))', 'G(!(min_above_auditing_threshold & min_hits_higher_threshold))', 'G(!(min_hits_higher_threshold & all_samples_above_deferral))', 'G(!(min_hits_higher_threshold & any_sample_below_deferral))']",27.652207869,16.695953349,27.486616491000003,9,99633c23-ec59-4cd4-a00a-fe2c93823055,2,True,False,N/A,N/A,False,0.005130994000001721,0.0015616289999975663,N/A,N/A,0.005184765999999286,5,0.00010892799999950853,0.15680642699999936,0.14718356399999877,True,N/A,N/A,N/A,1,0,(all_samples_above_deferral__Sf3 & any_sample_below_deferral__Sf3)
70bbad16-3ca5-493c-a93b-6666960f3a6c,"['!(any_sample_below_deferral & initial_score_above_deferral)', '!(initial_score_above_deferral & min_hits_higher_threshold)', '!(min_above_auditing_threshold & all_samples_above_deferral)', '!(min_hits_higher_threshold & min_above_auditing_threshold)', 'G(!(all_samples_above_deferral & min_above_auditing_threshold))', 'G(!(min_above_auditing_threshold & min_hits_higher_threshold))', 'G(!(min_hits_higher_threshold & all_samples_above_deferral))', 'G(!(min_hits_higher_threshold & any_sample_below_deferral))', 'G(!(min_hits_higher_threshold & initial_score_above_deferral))']",27.852348967,16.870627196,27.65870741,9,a53349cd-7de9-4a87-9916-1cb60f5a07bc,1,True,False,N/A,N/A,False,0.0043753689999981304,0.0014943249999994634,N/A,N/A,0.007170478999999119,9,0.00010737099999857946,0.1830330730000007,0.1742460959999974,True,N/A,N/A,N/A,1,0,(any_sample_below_deferral__Sf5 & initial_score_above_deferral__Sf5)
01f5463d-d645-492e-8357-96baa677dba7,"['!(initial_score_above_deferral & min_hits_higher_threshold)', '!(min_above_auditing_threshold & all_samples_above_deferral)', '!(min_hits_higher_threshold & min_above_auditing_threshold)', 'G(!(all_samples_above_deferral & min_above_auditing_threshold))', 'G(!(any_sample_below_deferral & initial_score_above_deferral))', 'G(!(min_above_auditing_threshold & min_hits_higher_threshold))', 'G(!(min_hits_higher_threshold & all_samples_above_deferral))', 'G(!(min_hits_higher_threshold & any_sample_below_deferral))', 'G(!(min_hits_higher_threshold & initial_score_above_deferral))']",28.093003528,16.870661822000002,27.859506679000003,9,a53349cd-7de9-4a87-9916-1cb60f5a07bc,2,True,False,N/A,N/A,False,0.004931560999999363,0.0015472060000014665,N/A,N/A,0.005628830999999224,5,0.00010583699999955343,0.22410617199999905,0.1521484589999993,True,N/A,N/A,N/A,1,0,(any_sample_below_deferral__Sf3 & min_above_auditing_threshold__Sf3)
dec51949-5bae-42f3-a218-4fd652f4e566,"['!(any_sample_below_deferral & initial_score_above_deferral)', '!(min_above_auditing_threshold & all_samples_above_deferral)', '!(min_hits_higher_threshold & min_above_auditing_threshold)', 'G(!(all_samples_above_deferral & min_above_auditing_threshold))', 'G(!(any_sample_below_deferral & initial_score_above_deferral))', 'G(!(initial_score_above_deferral & min_hits_higher_threshold))', 'G(!(min_above_auditing_threshold & min_hits_higher_threshold))', 'G(!(min_hits_higher_threshold & all_samples_above_deferral))', 'G(!(min_hits_higher_threshold & any_sample_below_deferral))']",28.275623861,17.047232704000002,28.100867211,9,90f7202c-01a1-4f5a-888f-3942e06d22b2,2,True,False,N/A,N/A,False,0.005770244000000702,0.001525481999998135,N/A,N/A,0.005700920000002441,5,0.00014622399999808522,0.16536837099999957,0.15498994300000035,True,N/A,N/A,N/A,1,0,(any_sample_below_deferral__Sf0 & min_above_auditing_threshold__Sf0)
7390f2bd-934b-43b0-80ba-e06e3670f309,"['!(min_above_auditing_threshold & all_samples_above_deferral)', '!(min_above_auditing_threshold & any_sample_below_deferral)', '!(min_hits_higher_threshold & min_above_auditing_threshold)', 'G(!(all_samples_above_deferral & min_above_auditing_threshold))', 'G(!(any_sample_below_deferral & initial_score_above_deferral))', 'G(!(initial_score_above_deferral & min_hits_higher_threshold))', 'G(!(min_above_auditing_threshold & min_hits_higher_threshold))', 'G(!(min_hits_higher_threshold & all_samples_above_deferral))', 'G(!(min_hits_higher_threshold & any_sample_below_deferral))']",28.467299691,17.232832084,28.282859205,9,3b8d6516-d355-4bc3-bfbc-37d668a05d47,1,True,False,N/A,N/A,False,0.004805383999997304,0.0015865040000022645,N/A,N/A,0.006886289999997075,9,7.21679999990954e-05,0.17389913299999904,0.16399030200000198,True,N/A,N/A,N/A,1,0,(any_sample_below_deferral__Sf5 & min_above_auditing_threshold__Sf5)
60445168-5c38-4048-8f41-e5eca173d6c0,"['!(min_above_auditing_threshold & all_samples_above_deferral)', '!(min_hits_higher_threshold & min_above_auditing_threshold)', 'G(!(all_samples_above_deferral & min_above_auditing_threshold))', 'G(!(any_sample_below_deferral & initial_score_above_deferral))', 'G(!(initial_score_above_deferral & min_hits_higher_threshold))', 'G(!(min_above_auditing_threshold & any_sample_below_deferral))', 'G(!(min_above_auditing_threshold & min_hits_higher_threshold))', 'G(!(min_hits_higher_threshold & all_samples_above_deferral))', 'G(!(min_hits_higher_threshold & any_sample_below_deferral))']",28.637865895,17.23285881,28.473628415,9,3b8d6516-d355-4bc3-bfbc-37d668a05d47,2,True,False,N/A,N/A,False,0.004303775000000343,0.0014120870000020602,N/A,N/A,0.0054762500000009595,5,0.00010168600000071137,0.15520467600000032,0.14604949699999992,True,N/A,N/A,N/A,1,0,(all_samples_above_deferral__Sf0 & any_sample_below_deferral__Sf0)
6e4619c9-2107-465f-91f0-1a5967d83ace,"['!(initial_score_above_deferral & min_hits_higher_threshold)', '!(min_above_auditing_threshold & all_samples_above_deferral)', '!(min_hits_higher_threshold & any_sample_below_deferral)', '!(min_hits_higher_threshold & min_above_auditing_threshold)', 'G(!(all_samples_above_deferral & min_above_auditing_threshold))', 'G(!(any_sample_below_deferral & min_hits_higher_threshold))', 'G(!(min_above_auditing_threshold & min_hits_higher_threshold))', 'G(!(min_hits_higher_threshold & all_samples_above_deferral))', 'G(!(min_hits_higher_threshold & initial_score_above_deferral))']",28.814808810000002,17.40762803,28.644006715,9,041b1b56-4d85-485a-bcf2-476e05fb089d,2,True,False,N/A,N/A,False,0.004189360999998115,0.0013339359999982037,N/A,N/A,0.004812005999998092,5,0.0001268789999997466,0.1627285640000018,0.1530143190000004,True,N/A,N/A,N/A,1,0,(any_sample_below_deferral__Sf2 & initial_score_above_deferral__Sf2)
5bb278b6-f98e-43a5-bb47-9dbcf2621a18,"['!(initial_score_above_deferral & any_sample_below_deferral)', '!(min_above_auditing_threshold & all_samples_above_deferral)', '!(min_hits_higher_threshold & any_sample_below_deferral)', '!(min_hits_higher_threshold & min_above_auditing_threshold)', 'G(!(all_samples_above_deferral & min_above_auditing_threshold))', 'G(!(any_sample_below_deferral & min_hits_higher_threshold))', 'G(!(initial_score_above_deferral & min_hits_higher_threshold))', 'G(!(min_above_auditing_threshold & min_hits_higher_threshold))', 'G(!(min_hits_higher_threshold & all_samples_above_deferral))']",28.995626244,17.579907154,28.82159649,9,fb78f782-f115-48db-b9cf-2e021fb3c89b,1,True,False,N/A,N/A,False,0.004627045999999524,0.0014186239999993688,N/A,N/A,0.0070891529999990155,9,9.867200000002185e-05,0.16344029899999768,0.15425706099999914,True,N/A,N/A,N/A,1,0,(any_sample_below_deferral__Sf8 & initial_score_above_deferral__Sf8)
7ff08f35-1e67-4b02-a853-8e0d8eceb3cc,"['!(min_above_auditing_threshold & all_samples_above_deferral)', '!(min_hits_higher_threshold & any_sample_below_deferral)', '!(min_hits_higher_threshold & min_above_auditing_threshold)', 'G(!(all_samples_above_deferral & min_above_auditing_threshold))', 'G(!(any_sample_below_deferral & min_hits_higher_threshold))', 'G(!(initial_score_above_deferral & any_sample_below_deferral))', 'G(!(initial_score_above_deferral & min_hits_higher_threshold))', 'G(!(min_above_auditing_threshold & min_hits_higher_threshold))', 'G(!(min_hits_higher_threshold & all_samples_above_deferral))']",29.304025282,17.579965172,29.002022885000002,9,fb78f782-f115-48db-b9cf-2e021fb3c89b,2,True,False,N/A,N/A,False,0.004343370000000846,0.0015048090000000514,N/A,N/A,0.005159649999999516,5,0.00010187599999866848,0.2933836769999978,0.16076917200000196,True,N/A,N/A,N/A,1,0,(any_sample_below_deferral__Sf1 & min_above_auditing_threshold__Sf1)
e617c172-d3c5-4bac-822f-1512d315d3e0,"['!(all_samples_above_deferral & min_above_auditing_threshold)', '!(initial_score_above_deferral & min_hits_higher_threshold)', '!(min_hits_higher_threshold & all_samples_above_deferral)', '!(min_hits_higher_threshold & min_above_auditing_threshold)', 'G(!(all_samples_above_deferral & min_hits_higher_threshold))', 'G(!(any_sample_below_deferral & min_hits_higher_threshold))', 'G(!(initial_score_above_deferral & min_hits_higher_threshold))', 'G(!(min_above_auditing_threshold & all_samples_above_deferral))', 'G(!(min_above_auditing_threshold & min_hits_higher_threshold))']",29.481488032,17.788642477,29.311689241,9,959e3af6-042f-4ddc-97c7-be6c7d52d0d8,2,True,False,N/A,N/A,False,0.005584883999997459,0.0014440359999987606,N/A,N/A,0.0050742319999983465,5,0.00012138499999991836,0.1614405089999984,0.15212822900000234,True,N/A,N/A,N/A,1,0,(any_sample_below_deferral__Sf1 & initial_score_above_deferral__Sf1)
2f383bc7-0e0f-4957-b6f6-ad0ae88d0756,"['!(all_samples_above_deferral & min_above_auditing_threshold)', '!(initial_score_above_deferral & any_sample_below_deferral)', '!(min_hits_higher_threshold & all_samples_above_deferral)', '!(min_hits_higher_threshold & min_above_auditing_threshold)', 'G(!(all_samples_above_deferral & min_hits_higher_threshold))', 'G(!(any_sample_below_deferral & min_hits_higher_threshold))', 'G(!(initial_score_above_deferral & min_hits_higher_threshold))', 'G(!(min_above_auditing_threshold & all_samples_above_deferral))', 'G(!(min_above_auditing_threshold & min_hits_higher_threshold))']",29.66196649,17.994349703,29.488183823,9,63d60f05-8852-42aa-85a3-0815333b1cd4,1,True,False,N/A,N/A,False,0.0046467429999985654,0.0013684279999992555,N/A,N/A,0.006421212999999426,9,7.364700000067614e-05,0.16405035300000037,0.15522143599999794,True,N/A,N/A,N/A,1,0,(any_sample_below_deferral__Sf8 & initial_score_above_deferral__Sf8)
90237536-ee7a-4d35-8f3b-3af1235cc4e4,"['!(all_samples_above_deferral & min_above_auditing_threshold)', '!(min_hits_higher_threshold & all_samples_above_deferral)', '!(min_hits_higher_threshold & min_above_auditing_threshold)', 'G(!(all_samples_above_deferral & min_hits_higher_threshold))', 'G(!(any_sample_below_deferral & min_hits_higher_threshold))', 'G(!(initial_score_above_deferral & any_sample_below_deferral))', 'G(!(initial_score_above_deferral & min_hits_higher_threshold))', 'G(!(min_above_auditing_threshold & all_samples_above_deferral))', 'G(!(min_above_auditing_threshold & min_hits_higher_threshold))']",29.842183805,17.994387634000002,29.668029242000003,9,63d60f05-8852-42aa-85a3-0815333b1cd4,2,True,False,N/A,N/A,False,0.004068119000002923,0.001424094000000764,N/A,N/A,0.004999185999999156,5,0.00013861400000081403,0.1656556579999986,0.15565533100000195,True,N/A,N/A,N/A,1,0,(any_sample_below_deferral__Sf3 & min_above_auditing_threshold__Sf3)
00843776-b64e-4bbf-9c58-4bb1669dd7f4,"['!(all_samples_above_deferral & min_above_auditing_threshold)', '!(any_sample_below_deferral & min_hits_higher_threshold)', '!(initial_score_above_deferral & min_hits_higher_threshold)', '!(min_hits_higher_threshold & all_samples_above_deferral)', '!(min_hits_higher_threshold & min_above_auditing_threshold)', 'G(!(all_samples_above_deferral & min_hits_higher_threshold))', 'G(!(any_sample_below_deferral & min_hits_higher_threshold))', 'G(!(min_above_auditing_threshold & all_samples_above_deferral))', 'G(!(min_above_auditing_threshold & min_hits_higher_threshold))']",30.028460957,18.192175782,29.84937675,9,31f666d7-bb16-4816-b3ff-03bb9982f0b0,1,True,False,N/A,N/A,False,0.004947442999998941,0.0014594959999989499,N/A,N/A,0.00674830900000245,9,8.399900000100047e-05,0.16880384899999967,0.160578675,True,N/A,N/A,N/A,1,0,(initial_score_above_deferral__Sf8 & min_hits_higher_threshold__Sf8)
9e120664-5509-41f0-b14d-fcaee08bfad3,"['!(all_samples_above_deferral & min_above_auditing_threshold)', '!(any_sample_below_deferral & min_hits_higher_threshold)', '!(min_hits_higher_threshold & all_samples_above_deferral)', '!(min_hits_higher_threshold & min_above_auditing_threshold)', 'G(!(all_samples_above_deferral & min_hits_higher_threshold))', 'G(!(any_sample_below_deferral & min_hits_higher_threshold))', 'G(!(initial_score_above_deferral & min_hits_higher_threshold))', 'G(!(min_above_auditing_threshold & all_samples_above_deferral))', 'G(!(min_above_auditing_threshold & min_hits_higher_threshold))']",30.209724956000002,18.192219301,30.034479995,9,31f666d7-bb16-4816-b3ff-03bb9982f0b0,2,True,False,N/A,N/A,False,0.004079467000000392,0.001373022999999307,N/A,N/A,0.0048975009999985275,5,0.00010864699999757477,0.1671146950000022,0.15608484499999875,True,N/A,N/A,N/A,1,0,(any_sample_below_deferral__Sf3 & initial_score_above_deferral__Sf3)
de9fcf34-686e-4bf7-9f0d-353afbe9376b,"['!(any_sample_below_deferral & initial_score_above_deferral)', '!(min_hits_higher_threshold & all_samples_above_deferral)', '!(min_hits_higher_threshold & min_above_auditing_threshold)', 'G(!(all_samples_above_deferral & min_above_auditing_threshold))', 'G(!(all_samples_above_deferral & min_hits_higher_threshold))', 'G(!(any_sample_below_deferral & initial_score_above_deferral))', 'G(!(min_above_auditing_threshold & min_hits_higher_threshold))', 'G(!(min_hits_higher_threshold & any_sample_below_deferral))', 'G(!(min_hits_higher_threshold & initial_score_above_deferral))']",30.37813054,18.378893189000003,30.216608035,9,cb831776-f648-4276-aae5-98f43d28034b,2,True,False,N/A,N/A,False,0.004691468000000754,0.0014511830000003556,N/A,N/A,0.005626288999998508,5,0.00011271500000020751,0.15230595699999938,0.14208533700000103,True,N/A,N/A,N/A,1,0,(any_sample_below_deferral__Sf3 & min_above_auditing_threshold__Sf3)
92463c13-a0ae-4f9a-b59b-3d79f60c8030,"['!(any_sample_below_deferral & min_above_auditing_threshold)', '!(min_hits_higher_threshold & all_samples_above_deferral)', '!(min_hits_higher_threshold & min_above_auditing_threshold)', 'G(!(all_samples_above_deferral & min_above_auditing_threshold))', 'G(!(all_samples_above_deferral & min_hits_higher_threshold))', 'G(!(any_sample_below_deferral & initial_score_above_deferral))', 'G(!(min_above_auditing_threshold & min_hits_higher_threshold))', 'G(!(min_hits_higher_threshold & any_sample_below_deferral))', 'G(!(min_hits_higher_threshold & initial_score_above_deferral))']",30.560424641000004,18.544724323,30.385352814,9,d7e82273-56e9-4f61-9028-3525420cdbe7,1,True,False,N/A,N/A,False,0.004924187000000302,0.001591744999998923,N/A,N/A,0.007431232000001842,9,8.430999999831101e-05,0.16395228300000042,0.15526640100000577,True,N/A,N/A,N/A,1,0,(any_sample_below_deferral__Sf8 & min_above_auditing_threshold__Sf8)
2662416a-3f14-46cd-bf59-bf88d9d5613e,"['!(min_hits_higher_threshold & all_samples_above_deferral)', '!(min_hits_higher_threshold & min_above_auditing_threshold)', 'G(!(all_samples_above_deferral & min_above_auditing_threshold))', 'G(!(all_samples_above_deferral & min_hits_higher_threshold))', 'G(!(any_sample_below_deferral & initial_score_above_deferral))', 'G(!(any_sample_below_deferral & min_above_auditing_threshold))', 'G(!(min_above_auditing_threshold & min_hits_higher_threshold))', 'G(!(min_hits_higher_threshold & any_sample_below_deferral))', 'G(!(min_hits_higher_threshold & initial_score_above_deferral))']",30.727165884,18.544751740000002,30.566551063,9,d7e82273-56e9-4f61-9028-3525420cdbe7,2,True,False,N/A,N/A,False,0.00396655299999793,0.001385966000000849,N/A,N/A,0.005124616999999887,5,0.00010522899999898527,0.15205015299999758,0.14172585300000407,True,N/A,N/A,N/A,1,0,(all_samples_above_deferral__Sf1 & any_sample_below_deferral__Sf1)
5de4eb59-c07b-4b60-891d-132de438d1b3,"['!(any_sample_below_deferral & initial_score_above_deferral)', '!(min_hits_higher_threshold & all_samples_above_deferral)', '!(min_hits_higher_threshold & initial_score_above_deferral)', '!(min_hits_higher_threshold & min_above_auditing_threshold)', 'G(!(all_samples_above_deferral & min_above_auditing_threshold))', 'G(!(all_samples_above_deferral & min_hits_higher_threshold))', 'G(!(initial_score_above_deferral & min_hits_higher_threshold))', 'G(!(min_above_auditing_threshold & min_hits_higher_threshold))', 'G(!(min_hits_higher_threshold & any_sample_below_deferral))']",30.930907184,18.707254881,30.734076003,9,b5aa3b8d-6577-421c-9be0-998496f8a1ac,1,True,False,N/A,N/A,False,0.0046559790000060275,0.0016199590000027797,N/A,N/A,0.007234677999996109,9,9.656199999596993e-05,0.1859572500000013,0.17739650100000404,True,N/A,N/A,N/A,1,0,(any_sample_below_deferral__Sf8 & initial_score_above_deferral__Sf8)
45aff4ea-0cfe-489e-8349-788cae4f81a2,"['!(min_hits_higher_threshold & all_samples_above_deferral)', '!(min_hits_higher_threshold & initial_score_above_deferral)', '!(min_hits_higher_threshold & min_above_auditing_threshold)', 'G(!(all_samples_above_deferral & min_above_auditing_threshold))', 'G(!(all_samples_above_deferral & min_hits_higher_threshold))', 'G(!(any_sample_below_deferral & initial_score_above_deferral))', 'G(!(initial_score_above_deferral & min_hits_higher_threshold))', 'G(!(min_above_auditing_threshold & min_hits_higher_threshold))', 'G(!(min_hits_higher_threshold & any_sample_below_deferral))']",31.240250607,18.70728059,30.938055329,9,b5aa3b8d-6577-421c-9be0-998496f8a1ac,2,True,False,N/A,N/A,False,0.004707297999999582,0.0017691010000007168,N/A,N/A,0.00556121799999687,5,0.00010805499999833046,0.29255155799999955,0.14306285699999677,True,N/A,N/A,N/A,1,0,(any_sample_below_deferral__Sf2 & min_above_auditing_threshold__Sf2)
754c2fd9-71e4-4b4b-80cd-11faf94c665b,"['!(any_sample_below_deferral & initial_score_above_deferral)', '!(min_hits_higher_threshold & all_samples_above_deferral)', '!(min_hits_higher_threshold & any_sample_below_deferral)', '!(min_hits_higher_threshold & min_above_auditing_threshold)', 'G(!(all_samples_above_deferral & min_above_auditing_threshold))', 'G(!(all_samples_above_deferral & min_hits_higher_threshold))', 'G(!(min_above_auditing_threshold & min_hits_higher_threshold))', 'G(!(min_hits_higher_threshold & any_sample_below_deferral))', 'G(!(min_hits_higher_threshold & initial_score_above_deferral))']",31.424558069,18.885792137000003,31.248091527,9,0ef3109f-2b08-4d64-aee0-e486b7c39153,1,True,False,N/A,N/A,False,0.005729616000003546,0.0015078570000000013,N/A,N/A,0.0066924500000027365,9,9.670499999714366e-05,0.16645712800000467,0.15839792999999958,True,N/A,N/A,N/A,1,0,(any_sample_below_deferral__Sf6 & initial_score_above_deferral__Sf6)
dcddda22-acf3-40b3-8e29-27b5dcc97457,"['!(min_hits_higher_threshold & all_samples_above_deferral)', '!(min_hits_higher_threshold & any_sample_below_deferral)', '!(min_hits_higher_threshold & min_above_auditing_threshold)', 'G(!(all_samples_above_deferral & min_above_auditing_threshold))', 'G(!(all_samples_above_deferral & min_hits_higher_threshold))', 'G(!(any_sample_below_deferral & initial_score_above_deferral))', 'G(!(min_above_auditing_threshold & min_hits_higher_threshold))', 'G(!(min_hits_higher_threshold & any_sample_below_deferral))', 'G(!(min_hits_higher_threshold & initial_score_above_deferral))']",31.592711989,18.885825136,31.430355640000002,9,0ef3109f-2b08-4d64-aee0-e486b7c39153,2,True,False,N/A,N/A,False,0.003911463000001447,0.0013507200000049124,N/A,N/A,0.00484609500000488,5,0.0001020139999994285,0.15419484499999925,0.1445391390000026,True,N/A,N/A,N/A,1,0,(any_sample_below_deferral__Sf2 & min_above_auditing_threshold__Sf2)
e629618d-b598-45f3-8038-c70a3302ea0a,"['!(min_hits_higher_threshold & all_samples_above_deferral)', '!(min_hits_higher_threshold & any_sample_below_deferral)', '!(min_hits_higher_threshold & initial_score_above_deferral)', '!(min_hits_higher_threshold & min_above_auditing_threshold)', 'G(!(all_samples_above_deferral & min_above_auditing_threshold))', 'G(!(all_samples_above_deferral & min_hits_higher_threshold))', 'G(!(min_above_auditing_threshold & min_hits_higher_threshold))', 'G(!(min_hits_higher_threshold & any_sample_below_deferral))', 'G(!(min_hits_higher_threshold & initial_score_above_deferral))']",31.760382529000005,19.071913107,31.598553592000002,9,188f376c-04d4-4287-96ff-6d264b9375bb,2,True,False,N/A,N/A,False,0.0039910169999970435,0.0013093260000047735,N/A,N/A,0.005038063999997178,5,0.00012740199999683455,0.1534761189999969,0.14354798900000532,True,N/A,N/A,N/A,1,0,(any_sample_below_deferral__Sf3 & initial_score_above_deferral__Sf3)
b4cece3e-0220-44f6-9f21-8834b0e5d21f,"['!(all_samples_above_deferral & min_above_auditing_threshold)', '!(any_sample_below_deferral & min_above_auditing_threshold)', '!(initial_score_above_deferral & any_sample_below_deferral)', 'G(!(all_samples_above_deferral & min_hits_higher_threshold))', 'G(!(any_sample_below_deferral & min_hits_higher_threshold))', 'G(!(initial_score_above_deferral & any_sample_below_deferral))', 'G(!(min_above_auditing_threshold & all_samples_above_deferral))', 'G(!(min_hits_higher_threshold & initial_score_above_deferral))', 'G(!(min_hits_higher_threshold & min_above_auditing_threshold))']",31.944832865000002,19.241689776,31.767298185999998,9,610b4f65-f8ca-4474-a354-375a4263ad06,1,True,False,N/A,N/A,False,0.004685116000004541,0.0014956930000025181,N/A,N/A,0.006547359999999003,9,8.878099999520828e-05,0.1673374410000008,0.15804982699999925,True,N/A,N/A,N/A,1,0,(any_sample_below_deferral__Sf5 & min_above_auditing_threshold__Sf5)
d8c5e85a-ffd4-4253-9b6f-af93519d3fee,"['!(all_samples_above_deferral & min_above_auditing_threshold)', '!(initial_score_above_deferral & any_sample_below_deferral)', 'G(!(all_samples_above_deferral & min_hits_higher_threshold))', 'G(!(any_sample_below_deferral & min_above_auditing_threshold))', 'G(!(any_sample_below_deferral & min_hits_higher_threshold))', 'G(!(initial_score_above_deferral & any_sample_below_deferral))', 'G(!(min_above_auditing_threshold & all_samples_above_deferral))', 'G(!(min_hits_higher_threshold & initial_score_above_deferral))', 'G(!(min_hits_higher_threshold & min_above_auditing_threshold))']",32.118877624,19.241713211,31.951239890000004,9,610b4f65-f8ca-4474-a354-375a4263ad06,2,True,False,N/A,N/A,False,0.004129552999998509,0.0016173289999983353,N/A,N/A,0.0059279769999989185,5,0.0001413020000029519,0.15779372799999436,0.14640107600000363,True,N/A,N/A,N/A,1,0,(all_samples_above_deferral__Sf1 & any_sample_below_deferral__Sf1)
8288bbc5-33e2-4b10-b705-e4481347d181,"['!(all_samples_above_deferral & min_above_auditing_threshold)', '!(any_sample_below_deferral & min_above_auditing_threshold)', 'G(!(all_samples_above_deferral & min_hits_higher_threshold))', 'G(!(any_sample_below_deferral & min_above_auditing_threshold))', 'G(!(any_sample_below_deferral & min_hits_higher_threshold))', 'G(!(initial_score_above_deferral & any_sample_below_deferral))', 'G(!(min_above_auditing_threshold & all_samples_above_deferral))', 'G(!(min_hits_higher_threshold & initial_score_above_deferral))', 'G(!(min_hits_higher_threshold & min_above_auditing_threshold))']",32.296473087,19.416855717,32.125614977,9,ebb2e726-e8a8-4e94-9876-eb5579282851,2,True,False,N/A,N/A,False,0.004571345999998755,0.001457514000001936,N/A,N/A,0.005460055999996882,5,0.00011891200000491153,0.16172783799999735,0.15150836499999798,True,N/A,N/A,N/A,1,0,(all_samples_above_deferral__Sf1 & any_sample_below_deferral__Sf1)
994a3dae-e1c3-4b31-8080-ab5afae7fe6c,"['!(all_samples_above_deferral & min_above_auditing_threshold)', '!(any_sample_below_deferral & all_samples_above_deferral)', 'G(!(all_samples_above_deferral & min_hits_higher_threshold))', 'G(!(any_sample_below_deferral & min_above_auditing_threshold))', 'G(!(any_sample_below_deferral & min_hits_higher_threshold))', 'G(!(initial_score_above_deferral & any_sample_below_deferral))', 'G(!(min_above_auditing_threshold & all_samples_above_deferral))', 'G(!(min_hits_higher_threshold & initial_score_above_deferral))', 'G(!(min_hits_higher_threshold & min_above_auditing_threshold))']",32.483561248,19.583103765,32.303472014,9,fb18dd14-48a8-4013-ac90-598dd589fabc,1,True,False,N/A,N/A,False,0.004771735000005606,0.0015052019999970412,N/A,N/A,0.0063515139999950065,9,8.022299999765892e-05,0.1699161740000008,0.1597882869999978,True,N/A,N/A,N/A,1,0,(all_samples_above_deferral__Sf5 & any_sample_below_deferral__Sf5)
d486ddcd-3d9b-451a-a451-3c5226402bac,"['!(all_samples_above_deferral & min_above_auditing_threshold)', 'G(!(all_samples_above_deferral & min_hits_higher_threshold))', 'G(!(any_sample_below_deferral & all_samples_above_deferral))', 'G(!(any_sample_below_deferral & min_above_auditing_threshold))', 'G(!(any_sample_below_deferral & min_hits_higher_threshold))', 'G(!(initial_score_above_deferral & any_sample_below_deferral))', 'G(!(min_above_auditing_threshold & all_samples_above_deferral))', 'G(!(min_hits_higher_threshold & initial_score_above_deferral))', 'G(!(min_hits_higher_threshold & min_above_auditing_threshold))']",32.652991442,19.583128401,32.492172415,9,fb18dd14-48a8-4013-ac90-598dd589fabc,2,True,False,N/A,N/A,False,0.006642503999998439,0.001395915999999886,N/A,N/A,0.005207792999996741,5,0.00010322500000370383,0.15200463800000108,0.1423891060000031,True,N/A,N/A,N/A,1,0,(initial_score_above_deferral__Sf3 & min_above_auditing_threshold__Sf3)
eac7cab8-bad3-46e6-aa43-2b42535928c1,"['!(all_samples_above_deferral & min_above_auditing_threshold)', '!(any_sample_below_deferral & initial_score_above_deferral)', '!(min_hits_higher_threshold & initial_score_above_deferral)', 'G(!(all_samples_above_deferral & min_hits_higher_threshold))', 'G(!(any_sample_below_deferral & min_hits_higher_threshold))', 'G(!(initial_score_above_deferral & any_sample_below_deferral))', 'G(!(min_above_auditing_threshold & all_samples_above_deferral))', 'G(!(min_hits_higher_threshold & initial_score_above_deferral))', 'G(!(min_hits_higher_threshold & min_above_auditing_threshold))']",32.833641984,19.77096682,32.659165597000005,9,1b7041c2-9274-4755-9e20-3dfd7b3597e4,2,True,False,N/A,N/A,False,0.004164725000002534,0.0014200590000044144,N/A,N/A,0.00519209200000148,5,0.0001257600000030834,0.16584056199999964,0.15595881699999836,True,N/A,N/A,N/A,1,0,(any_sample_below_deferral__Sf2 & min_above_auditing_threshold__Sf2)
bb182099-0191-400b-9f71-0f722663f29a,"['!(all_samples_above_deferral & min_above_auditing_threshold)', '!(min_above_auditing_threshold & any_sample_below_deferral)', '!(min_hits_higher_threshold & initial_score_above_deferral)', 'G(!(all_samples_above_deferral & min_hits_higher_threshold))', 'G(!(any_sample_below_deferral & initial_score_above_deferral))', 'G(!(any_sample_below_deferral & min_hits_higher_threshold))', 'G(!(min_above_auditing_threshold & all_samples_above_deferral))', 'G(!(min_hits_higher_threshold & initial_score_above_deferral))', 'G(!(min_hits_higher_threshold & min_above_auditing_threshold))']",33.021424547,19.942647307,32.840753342,9,2ac3dab4-4d82-482a-a820-7317d633675b,1,True,False,N/A,N/A,False,0.00479909100000242,0.0016041270000002328,N/A,N/A,0.007718188999994879,9,8.511000000055446e-05,0.16897956000000391,0.15915477800000133,True,N/A,N/A,N/A,1,0,(any_sample_below_deferral__Sf5 & min_above_auditing_threshold__Sf5)
1abc22c7-6425-4ebc-9419-5ff2575c8436,"['!(all_samples_above_deferral & min_above_auditing_threshold)', '!(min_hits_higher_threshold & initial_score_above_deferral)', 'G(!(all_samples_above_deferral & min_hits_higher_threshold))', 'G(!(any_sample_below_deferral & initial_score_above_deferral))', 'G(!(any_sample_below_deferral & min_hits_higher_threshold))', 'G(!(min_above_auditing_threshold & all_samples_above_deferral))', 'G(!(min_above_auditing_threshold & any_sample_below_deferral))', 'G(!(min_hits_higher_threshold & initial_score_above_deferral))', 'G(!(min_hits_higher_threshold & min_above_auditing_threshold))']",33.538312599,19.942671315000002,33.02865533,9,2ac3dab4-4d82-482a-a820-7317d633675b,2,True,False,N/A,N/A,False,0.005288156999995408,0.0014042600000010452,N/A,N/A,0.004933297000000891,5,0.00011852400000122998,0.5010252459999975,0.1534929009999999,True,N/A,N/A,N/A,1,0,(all_samples_above_deferral__Sf0 & any_sample_below_deferral__Sf0)
53a0f2e3-992c-48e0-ac61-13d96fbd87aa,"['!(all_samples_above_deferral & min_above_auditing_threshold)', '!(any_sample_below_deferral & initial_score_above_deferral)', '!(any_sample_below_deferral & min_hits_higher_threshold)', '!(initial_score_above_deferral & min_hits_higher_threshold)', 'G(!(all_samples_above_deferral & min_hits_higher_threshold))', 'G(!(initial_score_above_deferral & min_hits_higher_threshold))', 'G(!(min_above_auditing_threshold & all_samples_above_deferral))', 'G(!(min_hits_higher_threshold & any_sample_below_deferral))', 'G(!(min_hits_higher_threshold & min_above_auditing_threshold))']",33.718978798,20.108565182000003,33.546466149000004,9,ea5d5418-2e9d-482b-9913-b44326cb4f59,1,True,False,N/A,N/A,False,0.005956257999997661,0.0015378219999959697,N/A,N/A,0.00713406399999883,9,8.607299999852103e-05,0.16194960400000014,0.1540077279999963,True,N/A,N/A,N/A,1,0,(any_sample_below_deferral__Sf8 & initial_score_above_deferral__Sf8)
9885f1a5-cf04-4c38-9fff-00967fd69fcf,"['!(all_samples_above_deferral & min_above_auditing_threshold)', '!(any_sample_below_deferral & min_hits_higher_threshold)', '!(initial_score_above_deferral & min_hits_higher_threshold)', 'G(!(all_samples_above_deferral & min_hits_higher_threshold))', 'G(!(any_sample_below_deferral & initial_score_above_deferral))', 'G(!(initial_score_above_deferral & min_hits_higher_threshold))', 'G(!(min_above_auditing_threshold & all_samples_above_deferral))', 'G(!(min_hits_higher_threshold & any_sample_below_deferral))', 'G(!(min_hits_higher_threshold & min_above_auditing_threshold))']",33.897461298,20.108601754000002,33.724716706,9,ea5d5418-2e9d-482b-9913-b44326cb4f59,2,True,False,N/A,N/A,False,0.003874787000000879,0.0012443590000046356,N/A,N/A,0.004796652999999651,5,0.00010806199999535693,0.1646275119999956,0.15403454100000147,True,N/A,N/A,N/A,1,0,(any_sample_below_deferral__Sf2 & min_above_auditing_threshold__Sf2)
83df0484-e32e-433e-9ec9-a48f7fa0dd69,"['!(all_samples_above_deferral & min_above_auditing_threshold)', '!(any_sample_below_deferral & initial_score_above_deferral)', '!(any_sample_below_deferral & min_hits_higher_threshold)', 'G(!(all_samples_above_deferral & min_hits_higher_threshold))', 'G(!(initial_score_above_deferral & any_sample_below_deferral))', 'G(!(initial_score_above_deferral & min_hits_higher_threshold))', 'G(!(min_above_auditing_threshold & all_samples_above_deferral))', 'G(!(min_hits_higher_threshold & any_sample_below_deferral))', 'G(!(min_hits_higher_threshold & min_above_auditing_threshold))']",34.065217652,20.288874646,33.903853169,9,2c69735f-45d1-4d74-af9b-bcd6902800c7,2,True,False,N/A,N/A,False,0.004346374000000708,0.0013777389999987122,N/A,N/A,0.005053737999993757,5,0.00010914499999614691,0.1528857640000041,0.14390400599999964,True,N/A,N/A,N/A,1,0,(any_sample_below_deferral__Sf0 & min_above_auditing_threshold__Sf0)
0ebbf7b1-b331-47ae-bbbf-ca6dc6a9fb1e,"['!(all_samples_above_deferral & min_above_auditing_threshold)', '!(any_sample_below_deferral & min_hits_higher_threshold)', '!(min_above_auditing_threshold & any_sample_below_deferral)', 'G(!(all_samples_above_deferral & min_hits_higher_threshold))', 'G(!(any_sample_below_deferral & initial_score_above_deferral))', 'G(!(initial_score_above_deferral & min_hits_higher_threshold))', 'G(!(min_above_auditing_threshold & all_samples_above_deferral))', 'G(!(min_hits_higher_threshold & any_sample_below_deferral))', 'G(!(min_hits_higher_threshold & min_above_auditing_threshold))']",34.263158995000005,20.459184684,34.071685539,9,ec897d96-1fc1-4648-aa36-9193e48c349f,1,True,False,N/A,N/A,False,0.00434262599999613,0.00144249299999899,N/A,N/A,0.0067185349999974164,9,9.303800000282081e-05,0.18121772199999953,0.17264582099999615,True,N/A,N/A,N/A,1,0,(any_sample_below_deferral__Sf8 & min_above_auditing_threshold__Sf8)
fc7af411-9428-4a01-b937-46c8e7105cb9,"['!(all_samples_above_deferral & min_above_auditing_threshold)', '!(any_sample_below_deferral & min_hits_higher_threshold)', 'G(!(all_samples_above_deferral & min_hits_higher_threshold))', 'G(!(any_sample_below_deferral & initial_score_above_deferral))', 'G(!(initial_score_above_deferral & min_hits_higher_threshold))', 'G(!(min_above_auditing_threshold & all_samples_above_deferral))', 'G(!(min_above_auditing_threshold & any_sample_below_deferral))', 'G(!(min_hits_higher_threshold & any_sample_below_deferral))', 'G(!(min_hits_higher_threshold & min_above_auditing_threshold))']",34.44318441,20.459209069,34.269532658,9,ec897d96-1fc1-4648-aa36-9193e48c349f,2,True,False,N/A,N/A,False,0.004303855999999939,0.0014642060000014112,N/A,N/A,0.005011586000001955,5,0.00012110800000186828,0.16500450200000216,0.15393170099999764,True,N/A,N/A,N/A,1,0,(all_samples_above_deferral__Sf2 & any_sample_below_deferral__Sf2)
faa6f343-e7c1-4d80-9f64-00bd9539b0fd,"['!(any_sample_below_deferral & initial_score_above_deferral)', '!(any_sample_below_deferral & min_above_auditing_threshold)', 'G(!(all_samples_above_deferral & min_above_auditing_threshold))', 'G(!(all_samples_above_deferral & min_hits_higher_threshold))', 'G(!(any_sample_below_deferral & initial_score_above_deferral))', 'G(!(any_sample_below_deferral & min_above_auditing_threshold))', 'G(!(min_hits_higher_threshold & any_sample_below_deferral))', 'G(!(min_hits_higher_threshold & initial_score_above_deferral))', 'G(!(min_hits_higher_threshold & min_above_auditing_threshold))']",34.607857643,20.671787260000002,34.449655477,9,fb9e629d-7500-40e7-a99f-0deb50f9db96,2,True,False,N/A,N/A,False,0.004501693999998224,0.0013302100000061046,N/A,N/A,0.004787237999998695,5,0.00010561199999870041,0.14982123600000108,0.14067305700000077,True,N/A,N/A,N/A,1,0,(all_samples_above_deferral__Sf1 & any_sample_below_deferral__Sf1)
b518405d-5929-4b5b-940a-0f273fb2d8be,"['!(any_sample_below_deferral & initial_score_above_deferral)', 'G(!(all_samples_above_deferral & any_sample_below_deferral))', 'G(!(all_samples_above_deferral & min_above_auditing_threshold))', 'G(!(all_samples_above_deferral & min_hits_higher_threshold))', 'G(!(any_sample_below_deferral & initial_score_above_deferral))', 'G(!(any_sample_below_deferral & min_above_auditing_threshold))', 'G(!(min_hits_higher_threshold & any_sample_below_deferral))', 'G(!(min_hits_higher_threshold & initial_score_above_deferral))', 'G(!(min_hits_higher_threshold & min_above_auditing_threshold))']",34.787381543,20.864272753,34.614077105,9,7ab9b06b-a535-4dfc-8e25-b7b09cb90ebf,2,True,False,N/A,N/A,False,0.004267092999995725,0.0013498639999980355,N/A,N/A,0.005255212000001563,5,0.00012589600000012524,0.16442858999999999,0.15187851900000027,True,N/A,N/A,N/A,1,0,(initial_score_above_deferral__Sf0 & min_above_auditing_threshold__Sf0)
2775c2b7-3fc0-4bd0-8868-87f9e8bfb462,"['!(all_samples_above_deferral & any_sample_below_deferral)', '!(any_sample_below_deferral & initial_score_above_deferral)', 'G(!(all_samples_above_deferral & min_above_auditing_threshold))', 'G(!(all_samples_above_deferral & min_hits_higher_threshold))', 'G(!(any_sample_below_deferral & initial_score_above_deferral))', 'G(!(any_sample_below_deferral & min_above_auditing_threshold))', 'G(!(min_hits_higher_threshold & any_sample_below_deferral))', 'G(!(min_hits_higher_threshold & initial_score_above_deferral))', 'G(!(min_hits_higher_threshold & min_above_auditing_threshold))']",34.973088853,20.864303004,34.794408417,9,7ab9b06b-a535-4dfc-8e25-b7b09cb90ebf,1,True,False,N/A,N/A,False,0.00486310900000575,0.0014168919999946183,N/A,N/A,0.007191697999999747,9,9.737500000284172e-05,0.16778209900000007,0.15876812600000534,True,N/A,N/A,N/A,1,0,(all_samples_above_deferral__Sf8 & any_sample_below_deferral__Sf8)
df23f45b-32b9-42a0-a759-0229242d7fa3,"['!(any_sample_below_deferral & all_samples_above_deferral)', '!(any_sample_below_deferral & min_above_auditing_threshold)', 'G(!(all_samples_above_deferral & min_above_auditing_threshold))', 'G(!(all_samples_above_deferral & min_hits_higher_threshold))', 'G(!(any_sample_below_deferral & initial_score_above_deferral))', 'G(!(any_sample_below_deferral & min_above_auditing_threshold))', 'G(!(min_hits_higher_threshold & any_sample_below_deferral))', 'G(!(min_hits_higher_threshold & initial_score_above_deferral))', 'G(!(min_hits_higher_threshold & min_above_auditing_threshold))']",35.171779005000005,21.036793362,34.980594778000004,9,162ef847-2ebe-4169-b2fc-f511e63e76ac,1,True,False,N/A,N/A,False,0.005108085999999901,0.0016614669999981402,N/A,N/A,0.006383040000002893,9,0.00010744300000453677,0.1809407599999986,0.17100315100000074,True,N/A,N/A,N/A,1,0,(all_samples_above_deferral__Sf5 & any_sample_below_deferral__Sf5)
4d84779c-ed54-4ca5-b164-3bc0e493f11b,"['!(any_sample_below_deferral & min_above_auditing_threshold)', 'G(!(all_samples_above_deferral & min_above_auditing_threshold))', 'G(!(all_samples_above_deferral & min_hits_higher_threshold))', 'G(!(any_sample_below_deferral & all_samples_above_deferral))', 'G(!(any_sample_below_deferral & initial_score_above_deferral))', 'G(!(any_sample_below_deferral & min_above_auditing_threshold))', 'G(!(min_hits_higher_threshold & any_sample_below_deferral))', 'G(!(min_hits_higher_threshold & initial_score_above_deferral))', 'G(!(min_hits_higher_threshold & min_above_auditing_threshold))']",35.362810961,21.036820482,35.178556498,9,162ef847-2ebe-4169-b2fc-f511e63e76ac,2,True,False,N/A,N/A,False,0.004593060999994236,0.0014650110000005157,N/A,N/A,0.006283029000002216,5,0.00011588999999645466,0.17401585199999658,0.16251610799999838,True,N/A,N/A,N/A,1,0,(initial_score_above_deferral__Sf1 & min_above_auditing_threshold__Sf1)
1fc58fca-baff-4c2e-b8ee-ad3f83655d9c,"['G(!(all_samples_above_deferral & any_sample_below_deferral))', 'G(!(all_samples_above_deferral & min_above_auditing_threshold))', 'G(!(all_samples_above_deferral & min_hits_higher_threshold))', 'G(!(any_sample_below_deferral & initial_score_above_deferral))', 'G(!(any_sample_below_deferral & min_above_auditing_threshold))', 'G(!(min_above_auditing_threshold & initial_score_above_deferral))', 'G(!(min_hits_higher_threshold & any_sample_below_deferral))', 'G(!(min_hits_higher_threshold & initial_score_above_deferral))', 'G(!(min_hits_higher_threshold & min_above_auditing_threshold))']",35.538348329,21.236947131,35.369560339,9,e6f15472-45e4-47b0-8c36-62144f5ec996,2,True,False,N/A,N/A,False,0.00450169500000186,0.0015604689999975108,N/A,N/A,0.005090098000003707,5,0.00011863200000306051,0.15984614799999974,0.14884307100000171,True,N/A,N/A,N/A,1,0,(all_samples_above_deferral__Sf0 & initial_score_above_deferral__Sf0)
280aab7e-3177-41c5-b688-c6c311f3406f,"['!(min_above_auditing_threshold & initial_score_above_deferral)', 'G(!(all_samples_above_deferral & any_sample_below_deferral))', 'G(!(all_samples_above_deferral & min_above_auditing_threshold))', 'G(!(all_samples_above_deferral & min_hits_higher_threshold))', 'G(!(any_sample_below_deferral & initial_score_above_deferral))', 'G(!(any_sample_below_deferral & min_above_auditing_threshold))', 'G(!(min_hits_higher_threshold & any_sample_below_deferral))', 'G(!(min_hits_higher_threshold & initial_score_above_deferral))', 'G(!(min_hits_higher_threshold & min_above_auditing_threshold))']",35.830754835,21.236978025000003,35.54756018,9,e6f15472-45e4-47b0-8c36-62144f5ec996,1,True,False,N/A,N/A,False,0.006951209000000347,0.001498832000002892,N/A,N/A,0.007215760999997656,9,0.00010140600000596578,0.2717896619999962,0.18958745599999816,True,N/A,N/A,N/A,1,0,(initial_score_above_deferral__Sf7 & min_above_auditing_threshold__Sf7)
e240273c-f6fe-42f5-b2ad-7d2fd904541f,"['!(all_samples_above_deferral & any_sample_below_deferral)', 'G(!(all_samples_above_deferral & min_above_auditing_threshold))', 'G(!(all_samples_above_deferral & min_hits_higher_threshold))', 'G(!(any_sample_below_deferral & all_samples_above_deferral))', 'G(!(any_sample_below_deferral & initial_score_above_deferral))', 'G(!(any_sample_below_deferral & min_above_auditing_threshold))', 'G(!(min_hits_higher_threshold & any_sample_below_deferral))', 'G(!(min_hits_higher_threshold & initial_score_above_deferral))', 'G(!(min_hits_higher_threshold & min_above_auditing_threshold))']",36.00300678,21.424291948,35.83902529,9,ab486f6b-a7cf-41c2-b42b-026cc99f75f7,2,True,False,N/A,N/A,False,0.00597607200000283,0.0016095920000012143,N/A,N/A,0.005389473999997563,5,0.00011959900000135804,0.1546735540000057,0.14434086800000046,True,N/A,N/A,N/A,1,0,(initial_score_above_deferral__Sf3 & min_above_auditing_threshold__Sf3)
600c057b-a810-43e2-8103-8dfaa5cfd059,"['!(any_sample_below_deferral & min_above_auditing_threshold)', '!(initial_score_above_deferral & any_sample_below_deferral)', '!(min_hits_higher_threshold & initial_score_above_deferral)', 'G(!(all_samples_above_deferral & min_above_auditing_threshold))', 'G(!(all_samples_above_deferral & min_hits_higher_threshold))', 'G(!(initial_score_above_deferral & any_sample_below_deferral))', 'G(!(min_hits_higher_threshold & any_sample_below_deferral))', 'G(!(min_hits_higher_threshold & initial_score_above_deferral))', 'G(!(min_hits_higher_threshold & min_above_auditing_threshold))']",36.196065067,21.593565832000003,36.00962431,9,d0db2caf-00ed-40ea-a999-8a6a5c98c450,1,True,False,N/A,N/A,False,0.004535351000001242,0.0013835670000048594,N/A,N/A,0.006077722000000563,9,8.44819999983315e-05,0.1768735659999976,0.16694779000000182,True,N/A,N/A,N/A,1,0,(any_sample_below_deferral__Sf7 & min_above_auditing_threshold__Sf7)
493f8478-ee57-4525-92f1-e4b04b981f55,"['!(initial_score_above_deferral & any_sample_below_deferral)', '!(min_hits_higher_threshold & initial_score_above_deferral)', 'G(!(all_samples_above_deferral & min_above_auditing_threshold))', 'G(!(all_samples_above_deferral & min_hits_higher_threshold))', 'G(!(any_sample_below_deferral & min_above_auditing_threshold))', 'G(!(initial_score_above_deferral & any_sample_below_deferral))', 'G(!(min_hits_higher_threshold & any_sample_below_deferral))', 'G(!(min_hits_higher_threshold & initial_score_above_deferral))', 'G(!(min_hits_higher_threshold & min_above_auditing_threshold))']",36.367765226,21.593590775000003,36.202375288,9,d0db2caf-00ed-40ea-a999-8a6a5c98c450,2,True,False,N/A,N/A,False,0.004211064000003262,0.0014306659999974158,N/A,N/A,0.004849450000001809,5,0.00012414900000123907,0.1569222640000021,0.14763172500000366,True,N/A,N/A,N/A,1,0,(all_samples_above_deferral__Sf2 & any_sample_below_deferral__Sf2)
0398df45-3ce7-4aa5-bcb1-3206a00323ed,"['!(min_above_auditing_threshold & any_sample_below_deferral)', '!(min_hits_higher_threshold & initial_score_above_deferral)', 'G(!(all_samples_above_deferral & min_above_auditing_threshold))', 'G(!(all_samples_above_deferral & min_hits_higher_threshold))', 'G(!(any_sample_below_deferral & min_above_auditing_threshold))', 'G(!(initial_score_above_deferral & any_sample_below_deferral))', 'G(!(min_hits_higher_threshold & any_sample_below_deferral))', 'G(!(min_hits_higher_threshold & initial_score_above_deferral))', 'G(!(min_hits_higher_threshold & min_above_auditing_threshold))']",36.534890848,21.787780346,36.373929723,9,8284f1c8-569e-4c65-8409-daba3f6b284c,2,True,False,N/A,N/A,False,0.004243746000000215,0.0013411079999983144,N/A,N/A,0.004935349000000144,5,0.00012227599999903305,0.15250860300000113,0.14272242599999885,True,N/A,N/A,N/A,1,0,(all_samples_above_deferral__Sf2 & any_sample_below_deferral__Sf2)
f59b926a-6e31-4b8b-81a1-c7f4d4772c4c,"['!(any_sample_below_deferral & all_samples_above_deferral)', '!(min_hits_higher_threshold & initial_score_above_deferral)', 'G(!(all_samples_above_deferral & min_above_auditing_threshold))', 'G(!(all_samples_above_deferral & min_hits_higher_threshold))', 'G(!(initial_score_above_deferral & any_sample_below_deferral))', 'G(!(min_above_auditing_threshold & any_sample_below_deferral))', 'G(!(min_hits_higher_threshold & any_sample_below_deferral))', 'G(!(min_hits_higher_threshold & initial_score_above_deferral))', 'G(!(min_hits_higher_threshold & min_above_auditing_threshold))']",36.718550171000004,21.959146706000002,36.541370333,9,f9535cb7-ff89-48c4-bdc6-52e871f74b38,1,True,False,N/A,N/A,False,0.004421694999997783,0.0013976540000015802,N/A,N/A,0.006057646999998667,9,8.51930000038692e-05,0.16743943600000222,0.15764239299999616,True,N/A,N/A,N/A,1,0,(all_samples_above_deferral__Sf5 & any_sample_below_deferral__Sf5)
2ca941b7-0186-4b66-9661-e9eee581db94,"['!(min_hits_higher_threshold & initial_score_above_deferral)', 'G(!(all_samples_above_deferral & min_above_auditing_threshold))', 'G(!(all_samples_above_deferral & min_hits_higher_threshold))', 'G(!(any_sample_below_deferral & all_samples_above_deferral))', 'G(!(initial_score_above_deferral & any_sample_below_deferral))', 'G(!(min_above_auditing_threshold & any_sample_below_deferral))', 'G(!(min_hits_higher_threshold & any_sample_below_deferral))', 'G(!(min_hits_higher_threshold & initial_score_above_deferral))', 'G(!(min_hits_higher_threshold & min_above_auditing_threshold))']",36.897140474000004,21.959174442000002,36.724668322,9,f9535cb7-ff89-48c4-bdc6-52e871f74b38,2,True,False,N/A,N/A,False,0.004150998999996602,0.0014065680000001635,N/A,N/A,0.004926736000001597,5,0.00013265000000473037,0.16393110599999972,0.15325638299999866,True,N/A,N/A,N/A,1,0,(initial_score_above_deferral__Sf2 & min_above_auditing_threshold__Sf2)
e55d6625-0901-4c55-8404-95ce8dc7ffce,"['!(any_sample_below_deferral & initial_score_above_deferral)', '!(initial_score_above_deferral & min_hits_higher_threshold)', '!(min_hits_higher_threshold & any_sample_below_deferral)', 'G(!(all_samples_above_deferral & min_above_auditing_threshold))', 'G(!(all_samples_above_deferral & min_hits_higher_threshold))', 'G(!(any_sample_below_deferral & initial_score_above_deferral))', 'G(!(initial_score_above_deferral & min_hits_higher_threshold))', 'G(!(min_hits_higher_threshold & any_sample_below_deferral))', 'G(!(min_hits_higher_threshold & min_above_auditing_threshold))']",37.066592499,22.161061426,36.904168291000005,9,a04c9587-40ac-49dd-a6e9-71cc756c0e2c,2,True,False,N/A,N/A,False,0.0046848970000041845,0.001547864999999149,N/A,N/A,0.005382134000001315,5,0.00010785300000293319,0.15339968800000037,0.14305730600000288,True,N/A,N/A,N/A,1,0,(any_sample_below_deferral__Sf0 & min_above_auditing_threshold__Sf0)
644a1960-4143-436f-ae5a-a1426123d913,"['!(initial_score_above_deferral & min_hits_higher_threshold)', '!(min_above_auditing_threshold & any_sample_below_deferral)', '!(min_hits_higher_threshold & any_sample_below_deferral)', 'G(!(all_samples_above_deferral & min_above_auditing_threshold))', 'G(!(all_samples_above_deferral & min_hits_higher_threshold))', 'G(!(any_sample_below_deferral & initial_score_above_deferral))', 'G(!(initial_score_above_deferral & min_hits_higher_threshold))', 'G(!(min_hits_higher_threshold & any_sample_below_deferral))', 'G(!(min_hits_higher_threshold & min_above_auditing_threshold))']",37.261746182,22.335299392,37.072848593,9,ff959b15-467c-48dd-815b-63663e085f80,1,True,False,N/A,N/A,False,0.0042667700000009745,0.00134593199999955,N/A,N/A,0.006257853999997565,9,8.478000000167185e-05,0.1792576100000005,0.17059901999999738,True,N/A,N/A,N/A,1,0,(any_sample_below_deferral__Sf8 & min_above_auditing_threshold__Sf8)
43e35aa4-efc9-42c9-b5a0-45fd65c5e8f5,"['!(initial_score_above_deferral & min_hits_higher_threshold)', '!(min_hits_higher_threshold & any_sample_below_deferral)', 'G(!(all_samples_above_deferral & min_above_auditing_threshold))', 'G(!(all_samples_above_deferral & min_hits_higher_threshold))', 'G(!(any_sample_below_deferral & initial_score_above_deferral))', 'G(!(initial_score_above_deferral & min_hits_higher_threshold))', 'G(!(min_above_auditing_threshold & any_sample_below_deferral))', 'G(!(min_hits_higher_threshold & any_sample_below_deferral))', 'G(!(min_hits_higher_threshold & min_above_auditing_threshold))']",37.433308221000004,22.335329074,37.267868765,9,ff959b15-467c-48dd-815b-63663e085f80,2,True,False,N/A,N/A,False,0.004113140000001181,0.0014541210000018623,N/A,N/A,0.005023706000002903,5,0.00013766400000037038,0.156588296999999,0.1461813040000024,True,N/A,N/A,N/A,1,0,(all_samples_above_deferral__Sf1 & any_sample_below_deferral__Sf1)
49778d8b-47f5-4782-b1df-890f64394d69,"['!(any_sample_below_deferral & initial_score_above_deferral)', '!(min_above_auditing_threshold & any_sample_below_deferral)', '!(min_hits_higher_threshold & any_sample_below_deferral)', 'G(!(all_samples_above_deferral & min_above_auditing_threshold))', 'G(!(all_samples_above_deferral & min_hits_higher_threshold))', 'G(!(any_sample_below_deferral & initial_score_above_deferral))', 'G(!(initial_score_above_deferral & min_hits_higher_threshold))', 'G(!(min_hits_higher_threshold & any_sample_below_deferral))', 'G(!(min_hits_higher_threshold & min_above_auditing_threshold))']",37.625883152,22.502897683,37.440730767,9,a5930967-3640-4e64-ba24-53a6f2d7de0c,1,True,False,N/A,N/A,False,0.004998479999997585,0.0016531639999968206,N/A,N/A,0.00759754199999918,9,8.784799999972392e-05,0.17357703399999735,0.16340801799999838,True,N/A,N/A,N/A,1,0,(any_sample_below_deferral__Sf5 & min_above_auditing_threshold__Sf5)
d9bdb124-a266-4972-ae64-d9d3f7832540,"['!(any_sample_below_deferral & initial_score_above_deferral)', '!(min_hits_higher_threshold & any_sample_below_deferral)', 'G(!(all_samples_above_deferral & min_above_auditing_threshold))', 'G(!(all_samples_above_deferral & min_hits_higher_threshold))', 'G(!(any_sample_below_deferral & initial_score_above_deferral))', 'G(!(initial_score_above_deferral & min_hits_higher_threshold))', 'G(!(min_above_auditing_threshold & any_sample_below_deferral))', 'G(!(min_hits_higher_threshold & any_sample_below_deferral))', 'G(!(min_hits_higher_threshold & min_above_auditing_threshold))']",37.807295217000004,22.502926382000002,37.63197841,9,a5930967-3640-4e64-ba24-53a6f2d7de0c,2,True,False,N/A,N/A,False,0.00414230199999821,0.0013779510000020423,N/A,N/A,0.005050786000005303,5,0.0001369880000012813,0.16666201900000033,0.15688587599999693,True,N/A,N/A,N/A,1,0,(all_samples_above_deferral__Sf0 & any_sample_below_deferral__Sf0)
fb5a1e6a-5ef1-4bef-a496-973e7203eb9a,"['!(min_above_auditing_threshold & any_sample_below_deferral)', '!(min_hits_higher_threshold & any_sample_below_deferral)', 'G(!(all_samples_above_deferral & min_above_auditing_threshold))', 'G(!(all_samples_above_deferral & min_hits_higher_threshold))', 'G(!(any_sample_below_deferral & initial_score_above_deferral))', 'G(!(any_sample_below_deferral & min_above_auditing_threshold))', 'G(!(initial_score_above_deferral & min_hits_higher_threshold))', 'G(!(min_hits_higher_threshold & any_sample_below_deferral))', 'G(!(min_hits_higher_threshold & min_above_auditing_threshold))']",37.976001554,22.683861416000003,37.815978382000004,9,19cf2f3a-faa4-42c7-98e6-b174b0736ebf,2,True,False,N/A,N/A,False,0.0065834840000036365,0.0014076799999998002,N/A,N/A,0.005042402000000834,5,9.339399999674924e-05,0.15142852500000004,0.14112037499999985,True,N/A,N/A,N/A,1,0,(all_samples_above_deferral__Sf0 & any_sample_below_deferral__Sf0)
95cb8029-1298-40d2-be85-b16cb7a55197,"['!(any_sample_below_deferral & all_samples_above_deferral)', '!(min_hits_higher_threshold & any_sample_below_deferral)', 'G(!(all_samples_above_deferral & min_above_auditing_threshold))', 'G(!(all_samples_above_deferral & min_hits_higher_threshold))', 'G(!(any_sample_below_deferral & initial_score_above_deferral))', 'G(!(initial_score_above_deferral & min_hits_higher_threshold))', 'G(!(min_above_auditing_threshold & any_sample_below_deferral))', 'G(!(min_hits_higher_threshold & any_sample_below_deferral))', 'G(!(min_hits_higher_threshold & min_above_auditing_threshold))']",38.172917819,22.928458625,37.982373178,9,357df147-cdb9-41d2-87ce-2c6c9e0d0420,1,True,False,N/A,N/A,False,0.0043161210000022265,0.0014641530000005787,N/A,N/A,0.00603452600000054,9,0.00010090699999665276,0.18079392899999647,0.17158169200000373,True,N/A,N/A,N/A,1,0,(all_samples_above_deferral__Sf5 & any_sample_below_deferral__Sf5)
645ab660-1ba0-4632-9d60-e9f1b5582adb,"['!(min_hits_higher_threshold & any_sample_below_deferral)', 'G(!(all_samples_above_deferral & min_above_auditing_threshold))', 'G(!(all_samples_above_deferral & min_hits_higher_threshold))', 'G(!(any_sample_below_deferral & all_samples_above_deferral))', 'G(!(any_sample_below_deferral & initial_score_above_deferral))', 'G(!(initial_score_above_deferral & min_hits_higher_threshold))', 'G(!(min_above_auditing_threshold & any_sample_below_deferral))', 'G(!(min_hits_higher_threshold & any_sample_below_deferral))', 'G(!(min_hits_higher_threshold & min_above_auditing_threshold))']",38.346846756,22.928494424,38.18001332,9,357df147-cdb9-41d2-87ce-2c6c9e0d0420,2,True,False,N/A,N/A,False,0.0048063320000011345,0.0016193070000056764,N/A,N/A,0.005740094000003637,5,0.00011921000000114645,0.157188627999993,0.1466930620000042,True,N/A,N/A,N/A,1,0,(initial_score_above_deferral__Sf3 & min_above_auditing_threshold__Sf3)
f43fda43-eab2-4fc0-9fc3-5d6e554386de,"['!(all_samples_above_deferral & min_above_auditing_threshold)', '!(all_samples_above_deferral & min_hits_higher_threshold)', '!(any_sample_below_deferral & initial_score_above_deferral)', '!(initial_score_above_deferral & min_hits_higher_threshold)', 'G(!(any_sample_below_deferral & min_hits_higher_threshold))', 'G(!(min_above_auditing_threshold & all_samples_above_deferral))', 'G(!(min_hits_higher_threshold & all_samples_above_deferral))', 'G(!(min_hits_higher_threshold & initial_score_above_deferral))', 'G(!(min_hits_higher_threshold & min_above_auditing_threshold))']",38.535969546000004,23.101194536,38.354689089000004,9,93a0836e-cd38-4989-be8d-ec3b015f52e7,1,True,False,N/A,N/A,False,0.005185963000002403,0.0018801580000058493,N/A,N/A,0.007869861999999728,9,8.305000000063956e-05,0.16888750300000055,0.15926343000000287,True,N/A,N/A,N/A,1,0,(any_sample_below_deferral__Sf5 & initial_score_above_deferral__Sf5)
8aed1894-8319-459c-a92e-cd2757482071,"['!(all_samples_above_deferral & min_above_auditing_threshold)', '!(all_samples_above_deferral & min_hits_higher_threshold)', '!(initial_score_above_deferral & min_hits_higher_threshold)', 'G(!(any_sample_below_deferral & initial_score_above_deferral))', 'G(!(any_sample_below_deferral & min_hits_higher_threshold))', 'G(!(min_above_auditing_threshold & all_samples_above_deferral))', 'G(!(min_hits_higher_threshold & all_samples_above_deferral))', 'G(!(min_hits_higher_threshold & initial_score_above_deferral))', 'G(!(min_hits_higher_threshold & min_above_auditing_threshold))']",38.803210368,23.101228656,38.542188149000005,9,93a0836e-cd38-4989-be8d-ec3b015f52e7,2,True,False,N/A,N/A,False,0.004183566000001804,0.0014081409999988637,N/A,N/A,0.005219388000000436,5,0.00012970699999925728,0.25223439900000244,0.16270353999999543,True,N/A,N/A,N/A,1,0,(any_sample_below_deferral__Sf0 & min_above_auditing_threshold__Sf0)
4e9cce65-6fe0-4f45-b127-206a8ae4a842,"['!(all_samples_above_deferral & min_above_auditing_threshold)', '!(all_samples_above_deferral & min_hits_higher_threshold)', '!(initial_score_above_deferral & any_sample_below_deferral)', 'G(!(any_sample_below_deferral & initial_score_above_deferral))', 'G(!(any_sample_below_deferral & min_hits_higher_threshold))', 'G(!(initial_score_above_deferral & min_hits_higher_threshold))', 'G(!(min_above_auditing_threshold & all_samples_above_deferral))', 'G(!(min_hits_higher_threshold & all_samples_above_deferral))', 'G(!(min_hits_higher_threshold & min_above_auditing_threshold))']",38.979486938,23.287627005,38.81148659,9,2c52de0d-66cc-4bda-bbb9-648a60540980,2,True,False,N/A,N/A,False,0.005992849999998384,0.0015993929999993384,N/A,N/A,0.0055845919999981675,5,0.00011981700000518458,0.15840070800000206,0.14879591399999725,True,N/A,N/A,N/A,1,0,(any_sample_below_deferral__Sf3 & min_above_auditing_threshold__Sf3)
d50f5ad4-18bc-42ad-9e7c-3fa6865fc256,"['!(all_samples_above_deferral & min_above_auditing_threshold)', '!(all_samples_above_deferral & min_hits_higher_threshold)', '!(any_sample_below_deferral & min_above_auditing_threshold)', 'G(!(any_sample_below_deferral & min_hits_higher_threshold))', 'G(!(initial_score_above_deferral & any_sample_below_deferral))', 'G(!(initial_score_above_deferral & min_hits_higher_threshold))', 'G(!(min_above_auditing_threshold & all_samples_above_deferral))', 'G(!(min_hits_higher_threshold & all_samples_above_deferral))', 'G(!(min_hits_higher_threshold & min_above_auditing_threshold))']",39.245857494,23.45578677,38.986408962,9,dd779542-8ee5-44b6-a98d-985bf473748f,1,True,False,N/A,N/A,False,0.004732441000001586,0.0015138899999982414,N/A,N/A,0.006355504000005396,9,8.572899999848005e-05,0.24948772100000127,0.16943624099999965,True,N/A,N/A,N/A,1,0,(any_sample_below_deferral__Sf5 & min_above_auditing_threshold__Sf5)
011f865f-aaa1-46c3-9c6f-5f3596ddb26b,"['!(all_samples_above_deferral & min_above_auditing_threshold)', '!(all_samples_above_deferral & min_hits_higher_threshold)', 'G(!(any_sample_below_deferral & min_above_auditing_threshold))', 'G(!(any_sample_below_deferral & min_hits_higher_threshold))', 'G(!(initial_score_above_deferral & any_sample_below_deferral))', 'G(!(initial_score_above_deferral & min_hits_higher_threshold))', 'G(!(min_above_auditing_threshold & all_samples_above_deferral))', 'G(!(min_hits_higher_threshold & all_samples_above_deferral))', 'G(!(min_hits_higher_threshold & min_above_auditing_threshold))']",39.416427051,23.455821946,39.253786231,9,dd779542-8ee5-44b6-a98d-985bf473748f,2,True,False,N/A,N/A,False,0.005651675000002854,0.0016891220000019302,N/A,N/A,0.005022364999994977,5,9.762399999857507e-05,0.15389333899999968,0.14494250199999925,True,N/A,N/A,N/A,1,0,(all_samples_above_deferral__Sf1 & any_sample_below_deferral__Sf1)
72727033-4e80-429b-8af5-85abd8224033,"['!(all_samples_above_deferral & min_above_auditing_threshold)', '!(all_samples_above_deferral & min_hits_higher_threshold)', '!(any_sample_below_deferral & min_hits_higher_threshold)', '!(initial_score_above_deferral & min_hits_higher_threshold)', 'G(!(initial_score_above_deferral & min_hits_higher_threshold))', 'G(!(min_above_auditing_threshold & all_samples_above_deferral))', 'G(!(min_hits_higher_threshold & all_samples_above_deferral))', 'G(!(min_hits_higher_threshold & any_sample_below_deferral))', 'G(!(min_hits_higher_threshold & min_above_auditing_threshold))']",39.587151303,23.630279369,39.422578261,9,f6320e8a-9750-4763-8635-d0d157f318ed,2,True,False,N/A,N/A,False,0.004116491000004885,0.0013710039999992318,N/A,N/A,0.0046246670000016366,5,9.576000000066642e-05,0.1567195109999986,0.14724407599999978,True,N/A,N/A,N/A,1,0,(any_sample_below_deferral__Sf3 & initial_score_above_deferral__Sf3)
7fa1af7b-db98-4182-8383-78a7d636e767,"['!(all_samples_above_deferral & min_above_auditing_threshold)', '!(all_samples_above_deferral & min_hits_higher_threshold)', '!(any_sample_below_deferral & initial_score_above_deferral)', '!(any_sample_below_deferral & min_hits_higher_threshold)', 'G(!(initial_score_above_deferral & min_hits_higher_threshold))', 'G(!(min_above_auditing_threshold & all_samples_above_deferral))', 'G(!(min_hits_higher_threshold & all_samples_above_deferral))', 'G(!(min_hits_higher_threshold & any_sample_below_deferral))', 'G(!(min_hits_higher_threshold & min_above_auditing_threshold))']",39.764580096,23.813410178,39.593297524,9,b4609f20-e365-4161-8933-9930cceadc02,1,True,False,N/A,N/A,False,0.004093109999999456,0.0014600979999954689,N/A,N/A,0.006679703999999731,9,0.00011123000000168304,0.1613180089999986,0.1530418369999964,True,N/A,N/A,N/A,1,0,(any_sample_below_deferral__Sf5 & initial_score_above_deferral__Sf5)
48084c34-8d4c-4579-8bc1-25da63c6a0ea,"['!(all_samples_above_deferral & min_above_auditing_threshold)', '!(all_samples_above_deferral & min_hits_higher_threshold)', '!(any_sample_below_deferral & min_hits_higher_threshold)', 'G(!(any_sample_below_deferral & initial_score_above_deferral))', 'G(!(initial_score_above_deferral & min_hits_higher_threshold))', 'G(!(min_above_auditing_threshold & all_samples_above_deferral))', 'G(!(min_hits_higher_threshold & all_samples_above_deferral))', 'G(!(min_hits_higher_threshold & any_sample_below_deferral))', 'G(!(min_hits_higher_threshold & min_above_auditing_threshold))']",39.936967431,23.813442106,39.771833247000004,9,b4609f20-e365-4161-8933-9930cceadc02,2,True,False,N/A,N/A,False,0.0050067140000038535,0.001548710000001563,N/A,N/A,0.005414117999997359,5,0.00010205200000257264,0.15604328799999934,0.14672986000000066,True,N/A,N/A,N/A,1,0,(any_sample_below_deferral__Sf0 & min_above_auditing_threshold__Sf0)
08ce912c-7944-4689-be99-9bc53863f729,"['!(all_samples_above_deferral & min_hits_higher_threshold)', '!(any_sample_below_deferral & initial_score_above_deferral)', '!(min_above_auditing_threshold & any_sample_below_deferral)', 'G(!(all_samples_above_deferral & min_above_auditing_threshold))', 'G(!(any_sample_below_deferral & initial_score_above_deferral))', 'G(!(any_sample_below_deferral & min_hits_higher_threshold))', 'G(!(min_hits_higher_threshold & all_samples_above_deferral))', 'G(!(min_hits_higher_threshold & initial_score_above_deferral))', 'G(!(min_hits_higher_threshold & min_above_auditing_threshold))']",40.115531029,23.98126693,39.942987085,9,b3a5d965-2381-4d76-8d61-eacccd8736ec,1,True,False,N/A,N/A,False,0.004084849999998141,0.001346793999999818,N/A,N/A,0.006225385000000472,9,9.393500000243193e-05,0.1628907159999997,0.15373696799999692,True,N/A,N/A,N/A,1,0,(any_sample_below_deferral__Sf8 & min_above_auditing_threshold__Sf8)
ebd82543-f61a-48db-a782-df10a609d97a,"['!(all_samples_above_deferral & min_hits_higher_threshold)', '!(any_sample_below_deferral & initial_score_above_deferral)', 'G(!(all_samples_above_deferral & min_above_auditing_threshold))', 'G(!(any_sample_below_deferral & initial_score_above_deferral))', 'G(!(any_sample_below_deferral & min_hits_higher_threshold))', 'G(!(min_above_auditing_threshold & any_sample_below_deferral))', 'G(!(min_hits_higher_threshold & all_samples_above_deferral))', 'G(!(min_hits_higher_threshold & initial_score_above_deferral))', 'G(!(min_hits_higher_threshold & min_above_auditing_threshold))']",40.296389361,23.981294262000002,40.121617,9,b3a5d965-2381-4d76-8d61-eacccd8736ec,2,True,False,N/A,N/A,False,0.004036336000005747,0.0013785220000031018,N/A,N/A,0.005287051999999903,5,0.00013250199999959023,0.1659444010000044,0.1554807320000009,True,N/A,N/A,N/A,1,0,(all_samples_above_deferral__Sf1 & any_sample_below_deferral__Sf1)
80ee3871-6850-4b1b-901b-384ca07aa592,"['!(all_samples_above_deferral & min_hits_higher_threshold)', '!(any_sample_below_deferral & min_above_auditing_threshold)', 'G(!(all_samples_above_deferral & min_above_auditing_threshold))', 'G(!(any_sample_below_deferral & initial_score_above_deferral))', 'G(!(any_sample_below_deferral & min_hits_higher_threshold))', 'G(!(min_above_auditing_threshold & any_sample_below_deferral))', 'G(!(min_hits_higher_threshold & all_samples_above_deferral))', 'G(!(min_hits_higher_threshold & initial_score_above_deferral))', 'G(!(min_hits_higher_threshold & min_above_auditing_threshold))']",40.463779443,24.182373058,40.303647871,9,9b561997-0e48-43a3-96c8-009b781447ce,2,True,False,N/A,N/A,False,0.004901066000002174,0.0016229109999983393,N/A,N/A,0.005068981999997391,5,0.00010003799999935836,0.15139397200000104,0.1420918190000009,True,N/A,N/A,N/A,1,0,(all_samples_above_deferral__Sf1 & any_sample_below_deferral__Sf1)
9b2ea11d-88f6-47aa-97bd-1b5d83cf4470,"['!(all_samples_above_deferral & min_hits_higher_threshold)', 'G(!(all_samples_above_deferral & any_sample_below_deferral))', 'G(!(all_samples_above_deferral & min_above_auditing_threshold))', 'G(!(any_sample_below_deferral & initial_score_above_deferral))', 'G(!(any_sample_below_deferral & min_above_auditing_threshold))', 'G(!(any_sample_below_deferral & min_hits_higher_threshold))', 'G(!(min_hits_higher_threshold & all_samples_above_deferral))', 'G(!(min_hits_higher_threshold & initial_score_above_deferral))', 'G(!(min_hits_higher_threshold & min_above_auditing_threshold))']",40.630731313,24.382047404,40.473470055,9,1d83867c-0daf-4114-871d-bb8e2542e506,2,True,False,N/A,N/A,False,0.007794210000000135,0.0013378359999975942,N/A,N/A,0.004916119999997193,5,9.740999999507949e-05,0.14890327700000228,0.13846319799999662,True,N/A,N/A,N/A,1,0,(initial_score_above_deferral__Sf2 & min_above_auditing_threshold__Sf2)
01952327-cd04-4e1b-97b8-ad83d05860cb,"['!(all_samples_above_deferral & any_sample_below_deferral)', '!(all_samples_above_deferral & min_hits_higher_threshold)', 'G(!(all_samples_above_deferral & min_above_auditing_threshold))', 'G(!(any_sample_below_deferral & initial_score_above_deferral))', 'G(!(any_sample_below_deferral & min_above_auditing_threshold))', 'G(!(any_sample_below_deferral & min_hits_higher_threshold))', 'G(!(min_hits_higher_threshold & all_samples_above_deferral))', 'G(!(min_hits_higher_threshold & initial_score_above_deferral))', 'G(!(min_hits_higher_threshold & min_above_auditing_threshold))']",40.826065226000004,24.382080429000002,40.636977202000004,9,1d83867c-0daf-4114-871d-bb8e2542e506,1,True,False,N/A,N/A,False,0.004107618999995566,0.0013611939999975675,N/A,N/A,0.006027076999998826,9,0.00010603500000172517,0.17950674000000078,0.1697061650000009,True,N/A,N/A,N/A,1,0,(all_samples_above_deferral__Sf5 & any_sample_below_deferral__Sf5)
4f442ae3-2656-4121-9dd7-6186f3c1aefb,"['!(all_samples_above_deferral & min_hits_higher_threshold)', '!(initial_score_above_deferral & any_sample_below_deferral)', '!(min_hits_higher_threshold & initial_score_above_deferral)', 'G(!(all_samples_above_deferral & min_above_auditing_threshold))', 'G(!(any_sample_below_deferral & initial_score_above_deferral))', 'G(!(any_sample_below_deferral & min_hits_higher_threshold))', 'G(!(initial_score_above_deferral & min_hits_higher_threshold))', 'G(!(min_hits_higher_threshold & all_samples_above_deferral))', 'G(!(min_hits_higher_threshold & min_above_auditing_threshold))']",40.999419348,24.558439583000002,40.832765731,9,f21dcab1-7789-40fb-8f61-88f428e40486,2,True,False,N/A,N/A,False,0.004501310000001979,0.0014818620000056626,N/A,N/A,0.005364862999996944,5,9.641199999776973e-05,0.15767842999999715,0.14780099900000465,True,N/A,N/A,N/A,1,0,(any_sample_below_deferral__Sf0 & min_above_auditing_threshold__Sf0)
af05c3d7-476b-44d7-9fe4-3737281eb792,"['!(all_samples_above_deferral & min_hits_higher_threshold)', '!(min_above_auditing_threshold & any_sample_below_deferral)', '!(min_hits_higher_threshold & initial_score_above_deferral)', 'G(!(all_samples_above_deferral & min_above_auditing_threshold))', 'G(!(any_sample_below_deferral & min_hits_higher_threshold))', 'G(!(initial_score_above_deferral & any_sample_below_deferral))', 'G(!(initial_score_above_deferral & min_hits_higher_threshold))', 'G(!(min_hits_higher_threshold & all_samples_above_deferral))', 'G(!(min_hits_higher_threshold & min_above_auditing_threshold))']",41.188729851,24.721283397,41.005705473,9,0324f629-227a-4cc5-a386-ab09eaf6d8aa,1,True,False,N/A,N/A,False,0.004222646000002328,0.0014791119999983948,N/A,N/A,0.006361431999998501,9,9.497899999644233e-05,0.17324485000000323,0.1645487909999943,True,N/A,N/A,N/A,1,0,(any_sample_below_deferral__Sf8 & min_above_auditing_threshold__Sf8)
c8908e6a-9f6e-4a65-9f9d-1df59fcf8030,"['!(all_samples_above_deferral & min_hits_higher_threshold)', '!(min_hits_higher_threshold & initial_score_above_deferral)', 'G(!(all_samples_above_deferral & min_above_auditing_threshold))', 'G(!(any_sample_below_deferral & min_hits_higher_threshold))', 'G(!(initial_score_above_deferral & any_sample_below_deferral))', 'G(!(initial_score_above_deferral & min_hits_higher_threshold))', 'G(!(min_above_auditing_threshold & any_sample_below_deferral))', 'G(!(min_hits_higher_threshold & all_samples_above_deferral))', 'G(!(min_hits_higher_threshold & min_above_auditing_threshold))']",41.359108086,24.721306944000002,41.19511269,9,0324f629-227a-4cc5-a386-ab09eaf6d8aa,2,True,False,N/A,N/A,False,0.004264026999997839,0.0014654780000000756,N/A,N/A,0.004928155000001766,5,0.00011338999999566113,0.15547983000000443,0.14535062799999565,True,N/A,N/A,N/A,1,0,(all_samples_above_deferral__Sf2 & any_sample_below_deferral__Sf2)
39d7621e-1949-4c49-a707-592b825921fd,"['!(all_samples_above_deferral & min_hits_higher_threshold)', '!(any_sample_below_deferral & min_hits_higher_threshold)', '!(initial_score_above_deferral & any_sample_below_deferral)', '!(initial_score_above_deferral & min_hits_higher_threshold)', 'G(!(all_samples_above_deferral & min_above_auditing_threshold))', 'G(!(any_sample_below_deferral & min_hits_higher_threshold))', 'G(!(initial_score_above_deferral & min_hits_higher_threshold))', 'G(!(min_hits_higher_threshold & all_samples_above_deferral))', 'G(!(min_hits_higher_threshold & min_above_auditing_threshold))']",41.539475955,24.886507583,41.365800303,9,334fcb4f-5a1d-493f-b988-c5fc40f702b1,1,True,False,N/A,N/A,False,0.004456369999999765,0.001556051000001446,N/A,N/A,0.006946279999993976,9,8.975600000127315e-05,0.1628919089999954,0.1533383189999995,True,N/A,N/A,N/A,1,0,(any_sample_below_deferral__Sf7 & initial_score_above_deferral__Sf7)
7c03920c-0489-4426-a76c-b7a2f4c4d024,"['!(all_samples_above_deferral & min_hits_higher_threshold)', '!(any_sample_below_deferral & min_hits_higher_threshold)', '!(initial_score_above_deferral & min_hits_higher_threshold)', 'G(!(all_samples_above_deferral & min_above_auditing_threshold))', 'G(!(any_sample_below_deferral & min_hits_higher_threshold))', 'G(!(initial_score_above_deferral & any_sample_below_deferral))', 'G(!(initial_score_above_deferral & min_hits_higher_threshold))', 'G(!(min_hits_higher_threshold & all_samples_above_deferral))', 'G(!(min_hits_higher_threshold & min_above_auditing_threshold))']",41.707978233,24.886538384,41.5460067,9,334fcb4f-5a1d-493f-b988-c5fc40f702b1,2,True,False,N/A,N/A,False,0.004293552000000034,0.0015174360000003162,N/A,N/A,0.005127288000004171,5,0.00011827699999855668,0.15339452999999992,0.14375575900000115,True,N/A,N/A,N/A,1,0,(any_sample_below_deferral__Sf0 & min_above_auditing_threshold__Sf0)
c0c672b6-2c1e-4f41-abf8-4dd610874fec,"['!(all_samples_above_deferral & min_hits_higher_threshold)', '!(any_sample_below_deferral & initial_score_above_deferral)', '!(any_sample_below_deferral & min_hits_higher_threshold)', 'G(!(all_samples_above_deferral & min_above_auditing_threshold))', 'G(!(any_sample_below_deferral & initial_score_above_deferral))', 'G(!(any_sample_below_deferral & min_hits_higher_threshold))', 'G(!(initial_score_above_deferral & min_hits_higher_threshold))', 'G(!(min_hits_higher_threshold & all_samples_above_deferral))', 'G(!(min_hits_higher_threshold & min_above_auditing_threshold))']",41.879495275000004,25.069377013,41.714588992,9,cfc4e2b8-c5d2-4e7d-a4b8-40ef97f0b555,2,True,False,N/A,N/A,False,0.0044789360000052625,0.0014479959999960101,N/A,N/A,0.0051573390000001496,5,9.114099999862901e-05,0.1562178709999955,0.1463471080000005,True,N/A,N/A,N/A,1,0,(any_sample_below_deferral__Sf0 & min_above_auditing_threshold__Sf0)
a92de649-1654-4f92-b374-2e94780cc6f9,"['!(all_samples_above_deferral & min_hits_higher_threshold)', '!(any_sample_below_deferral & min_hits_higher_threshold)', '!(min_above_auditing_threshold & any_sample_below_deferral)', 'G(!(all_samples_above_deferral & min_above_auditing_threshold))', 'G(!(any_sample_below_deferral & initial_score_above_deferral))', 'G(!(any_sample_below_deferral & min_hits_higher_threshold))', 'G(!(initial_score_above_deferral & min_hits_higher_threshold))', 'G(!(min_hits_higher_threshold & all_samples_above_deferral))', 'G(!(min_hits_higher_threshold & min_above_auditing_threshold))']",42.063963637,25.238737445,41.885825154,9,4eed6f46-57eb-45bc-b0d6-f13eb3887d35,1,True,False,N/A,N/A,False,0.004192609999996932,0.0015461260000009247,N/A,N/A,0.006711950999999772,9,9.415600000295399e-05,0.16765676299999654,0.1583594299999973,True,N/A,N/A,N/A,1,0,(any_sample_below_deferral__Sf7 & min_above_auditing_threshold__Sf7)
786faf7d-1475-4072-9f48-77369828b3c4,"['!(all_samples_above_deferral & min_hits_higher_threshold)', '!(any_sample_below_deferral & min_hits_higher_threshold)', 'G(!(all_samples_above_deferral & min_above_auditing_threshold))', 'G(!(any_sample_below_deferral & initial_score_above_deferral))', 'G(!(any_sample_below_deferral & min_hits_higher_threshold))', 'G(!(initial_score_above_deferral & min_hits_higher_threshold))', 'G(!(min_above_auditing_threshold & any_sample_below_deferral))', 'G(!(min_hits_higher_threshold & all_samples_above_deferral))', 'G(!(min_hits_higher_threshold & min_above_auditing_threshold))']",42.331118386,25.23876413,42.070703599,9,4eed6f46-57eb-45bc-b0d6-f13eb3887d35,2,True,False,N/A,N/A,False,0.0044851440000002185,0.0016284599999991656,N/A,N/A,0.00543867700000078,5,0.0001049329999958104,0.2512198769999969,0.15385765199999923,True,N/A,N/A,N/A,1,0,(all_samples_above_deferral__Sf1 & any_sample_below_deferral__Sf1)
f12dcd25-2a4e-4375-839c-bac997ac7580,"['!(any_sample_below_deferral & min_above_auditing_threshold)', '!(initial_score_above_deferral & any_sample_below_deferral)', '!(initial_score_above_deferral & min_hits_higher_threshold)', '!(min_hits_higher_threshold & min_above_auditing_threshold)', 'G(!(initial_score_above_deferral & any_sample_below_deferral))', 'G(!(initial_score_above_deferral & min_hits_higher_threshold))', 'G(!(min_above_auditing_threshold & all_samples_above_deferral))', 'G(!(min_above_auditing_threshold & min_hits_higher_threshold))', 'G(!(min_hits_higher_threshold & all_samples_above_deferral))', 'G(!(min_hits_higher_threshold & any_sample_below_deferral))']",42.512609043000005,25.403614369,42.338852905,10,1228f2bd-6d4a-42ba-83a9-9e6ba63b5c87,1,True,False,N/A,N/A,False,0.005649522999995327,0.0015182669999944665,N/A,N/A,0.006566888999998355,9,0.00010189500000024054,0.16357375700000176,0.15424977100000348,True,N/A,N/A,N/A,1,0,(any_sample_below_deferral__Sf7 & min_above_auditing_threshold__Sf7)
83578c15-3048-412b-88a6-70d6de3016df,"['!(initial_score_above_deferral & any_sample_below_deferral)', '!(initial_score_above_deferral & min_hits_higher_threshold)', '!(min_hits_higher_threshold & min_above_auditing_threshold)', 'G(!(any_sample_below_deferral & min_above_auditing_threshold))', 'G(!(initial_score_above_deferral & any_sample_below_deferral))', 'G(!(initial_score_above_deferral & min_hits_higher_threshold))', 'G(!(min_above_auditing_threshold & all_samples_above_deferral))', 'G(!(min_above_auditing_threshold & min_hits_higher_threshold))', 'G(!(min_hits_higher_threshold & all_samples_above_deferral))', 'G(!(min_hits_higher_threshold & any_sample_below_deferral))']",42.679865591,25.403642050000002,42.518794452,10,1228f2bd-6d4a-42ba-83a9-9e6ba63b5c87,2,True,False,N/A,N/A,False,0.003979422000000454,0.0015006479999968292,N/A,N/A,0.0051666299999979515,5,8.940800000090121e-05,0.15192148399999894,0.14152796600000528,True,N/A,N/A,N/A,1,0,(all_samples_above_deferral__Sf3 & any_sample_below_deferral__Sf3)
4bd5d661-99e2-47e9-a3aa-2210b0eb9bf3,"['!(any_sample_below_deferral & min_above_auditing_threshold)', '!(initial_score_above_deferral & min_hits_higher_threshold)', '!(min_hits_higher_threshold & min_above_auditing_threshold)', 'G(!(any_sample_below_deferral & min_above_auditing_threshold))', 'G(!(initial_score_above_deferral & any_sample_below_deferral))', 'G(!(initial_score_above_deferral & min_hits_higher_threshold))', 'G(!(min_above_auditing_threshold & all_samples_above_deferral))', 'G(!(min_above_auditing_threshold & min_hits_higher_threshold))', 'G(!(min_hits_higher_threshold & all_samples_above_deferral))', 'G(!(min_hits_higher_threshold & any_sample_below_deferral))']",42.854679597,25.582040184,42.686040454,10,d71eb6f3-a0f8-4b8a-b97f-11bced166076,2,True,False,N/A,N/A,False,0.004174388000002693,0.0014156009999979347,N/A,N/A,0.004779565999996294,5,0.00014042200000119465,0.160315820000001,0.15102848499999766,True,N/A,N/A,N/A,1,0,(all_samples_above_deferral__Sf0 & any_sample_below_deferral__Sf0)
06161713-88cb-4ee3-88c3-dd4e55c3985a,"['!(any_sample_below_deferral & all_samples_above_deferral)', '!(initial_score_above_deferral & min_hits_higher_threshold)', '!(min_hits_higher_threshold & min_above_auditing_threshold)', 'G(!(any_sample_below_deferral & min_above_auditing_threshold))', 'G(!(initial_score_above_deferral & any_sample_below_deferral))', 'G(!(initial_score_above_deferral & min_hits_higher_threshold))', 'G(!(min_above_auditing_threshold & all_samples_above_deferral))', 'G(!(min_above_auditing_threshold & min_hits_higher_threshold))', 'G(!(min_hits_higher_threshold & all_samples_above_deferral))', 'G(!(min_hits_higher_threshold & any_sample_below_deferral))']",43.036512957,25.757505923,42.86140762,10,0a722908-673d-4b8e-912b-da479b9e2314,1,True,False,N/A,N/A,False,0.004397429000000841,0.001721488999997689,N/A,N/A,0.006087437000005025,9,8.856499999865264e-05,0.16519761600000038,0.1561990379999969,True,N/A,N/A,N/A,1,0,(all_samples_above_deferral__Sf6 & any_sample_below_deferral__Sf6)
d13d079b-6733-4f59-9d39-7db50589e0c9,"['!(initial_score_above_deferral & min_hits_higher_threshold)', '!(min_hits_higher_threshold & min_above_auditing_threshold)', 'G(!(any_sample_below_deferral & all_samples_above_deferral))', 'G(!(any_sample_below_deferral & min_above_auditing_threshold))', 'G(!(initial_score_above_deferral & any_sample_below_deferral))', 'G(!(initial_score_above_deferral & min_hits_higher_threshold))', 'G(!(min_above_auditing_threshold & all_samples_above_deferral))', 'G(!(min_above_auditing_threshold & min_hits_higher_threshold))', 'G(!(min_hits_higher_threshold & all_samples_above_deferral))', 'G(!(min_hits_higher_threshold & any_sample_below_deferral))']",43.220252059,25.757538256,43.042619651,10,0a722908-673d-4b8e-912b-da479b9e2314,2,True,False,N/A,N/A,False,0.004123759999998811,0.0013715709999999603,N/A,N/A,0.0059098669999997355,5,0.00013489900000251964,0.16795496000000298,0.15609655200000105,True,N/A,N/A,N/A,1,0,(initial_score_above_deferral__Sf0 & min_above_auditing_threshold__Sf0)
442fb334-e4bc-42f1-8d6e-26b65a997860,"['!(any_sample_below_deferral & min_above_auditing_threshold)', '!(initial_score_above_deferral & any_sample_below_deferral)', '!(min_hits_higher_threshold & min_above_auditing_threshold)', 'G(!(any_sample_below_deferral & initial_score_above_deferral))', 'G(!(initial_score_above_deferral & min_hits_higher_threshold))', 'G(!(min_above_auditing_threshold & all_samples_above_deferral))', 'G(!(min_above_auditing_threshold & any_sample_below_deferral))', 'G(!(min_above_auditing_threshold & min_hits_higher_threshold))', 'G(!(min_hits_higher_threshold & all_samples_above_deferral))', 'G(!(min_hits_higher_threshold & any_sample_below_deferral))']",43.390555961000004,25.945475849,43.227196959000004,10,55af86bf-e299-4b6d-b071-b4e4e65c7926,2,True,False,N/A,N/A,False,0.0046375390000008565,0.00152422800000096,N/A,N/A,0.005310841000003563,5,0.00012716399999845862,0.15425360800000476,0.14415319799999793,True,N/A,N/A,N/A,1,0,(all_samples_above_deferral__Sf0 & any_sample_below_deferral__Sf0)
4e812217-1029-4200-89e9-34203fd2d266,"['!(any_sample_below_deferral & all_samples_above_deferral)', '!(initial_score_above_deferral & any_sample_below_deferral)', '!(min_hits_higher_threshold & min_above_auditing_threshold)', 'G(!(any_sample_below_deferral & initial_score_above_deferral))', 'G(!(any_sample_below_deferral & min_above_auditing_threshold))', 'G(!(initial_score_above_deferral & min_hits_higher_threshold))', 'G(!(min_above_auditing_threshold & all_samples_above_deferral))', 'G(!(min_above_auditing_threshold & min_hits_higher_threshold))', 'G(!(min_hits_higher_threshold & all_samples_above_deferral))', 'G(!(min_hits_higher_threshold & any_sample_below_deferral))']",43.578548704,26.119974526,43.397345045,10,c5eea0e0-748a-4dda-b167-4201448dacd7,1,True,False,N/A,N/A,False,0.004577552000000651,0.0015134040000006621,N/A,N/A,0.006950059000004671,9,7.237100000168084e-05,0.1704636750000006,0.16035522800000024,True,N/A,N/A,N/A,1,0,(all_samples_above_deferral__Sf7 & any_sample_below_deferral__Sf7)
aa97bd91-7354-471f-8453-29370b7ac45d,"['!(initial_score_above_deferral & any_sample_below_deferral)', '!(min_hits_higher_threshold & min_above_auditing_threshold)', 'G(!(any_sample_below_deferral & all_samples_above_deferral))', 'G(!(any_sample_below_deferral & initial_score_above_deferral))', 'G(!(any_sample_below_deferral & min_above_auditing_threshold))', 'G(!(initial_score_above_deferral & min_hits_higher_threshold))', 'G(!(min_above_auditing_threshold & all_samples_above_deferral))', 'G(!(min_above_auditing_threshold & min_hits_higher_threshold))', 'G(!(min_hits_higher_threshold & all_samples_above_deferral))', 'G(!(min_hits_higher_threshold & any_sample_below_deferral))']",43.748132177,26.120001763,43.584750819,10,c5eea0e0-748a-4dda-b167-4201448dacd7,2,True,False,N/A,N/A,False,0.004158218000000602,0.0014607540000000085,N/A,N/A,0.00542661299999736,5,0.00011195000000441269,0.15431954099999956,0.14446705099999946,True,N/A,N/A,N/A,1,0,(initial_score_above_deferral__Sf3 & min_above_auditing_threshold__Sf3)
d495a454-1e36-421c-a196-82efb15bbd7c,"['!(any_sample_below_deferral & all_samples_above_deferral)', '!(any_sample_below_deferral & min_above_auditing_threshold)', '!(min_hits_higher_threshold & min_above_auditing_threshold)', 'G(!(any_sample_below_deferral & min_above_auditing_threshold))', 'G(!(initial_score_above_deferral & any_sample_below_deferral))', 'G(!(initial_score_above_deferral & min_hits_higher_threshold))', 'G(!(min_above_auditing_threshold & all_samples_above_deferral))', 'G(!(min_above_auditing_threshold & min_hits_higher_threshold))', 'G(!(min_hits_higher_threshold & all_samples_above_deferral))', 'G(!(min_hits_higher_threshold & any_sample_below_deferral))']",43.932091027,26.29231345,43.754605251,10,b465dd0c-4a19-45ed-94be-46147d936394,1,True,False,N/A,N/A,False,0.004324469000003717,0.001533009999995727,N/A,N/A,0.006291169000000707,9,0.00010530599999469814,0.16727845399999808,0.1577007590000008,True,N/A,N/A,N/A,1,0,(all_samples_above_deferral__Sf7 & any_sample_below_deferral__Sf7)
d8703e90-55c6-442e-af9c-5c2a72e3f94a,"['!(any_sample_below_deferral & min_above_auditing_threshold)', '!(min_hits_higher_threshold & min_above_auditing_threshold)', 'G(!(any_sample_below_deferral & all_samples_above_deferral))', 'G(!(any_sample_below_deferral & min_above_auditing_threshold))', 'G(!(initial_score_above_deferral & any_sample_below_deferral))', 'G(!(initial_score_above_deferral & min_hits_higher_threshold))', 'G(!(min_above_auditing_threshold & all_samples_above_deferral))', 'G(!(min_above_auditing_threshold & min_hits_higher_threshold))', 'G(!(min_hits_higher_threshold & all_samples_above_deferral))', 'G(!(min_hits_higher_threshold & any_sample_below_deferral))']",44.106313390000004,26.292352298,43.939183528,10,b465dd0c-4a19-45ed-94be-46147d936394,2,True,False,N/A,N/A,False,0.0047299920000014595,0.001585198000000787,N/A,N/A,0.005901870000002418,5,0.00010638500000226259,0.15712898800000374,0.1454753740000001,True,N/A,N/A,N/A,1,0,(initial_score_above_deferral__Sf0 & min_above_auditing_threshold__Sf0)
1b394845-b162-4481-b53a-f8b7b9733bf5,"['!(any_sample_below_deferral & all_samples_above_deferral)', '!(min_hits_higher_threshold & min_above_auditing_threshold)', 'G(!(any_sample_below_deferral & all_samples_above_deferral))', 'G(!(any_sample_below_deferral & min_above_auditing_threshold))', 'G(!(initial_score_above_deferral & any_sample_below_deferral))', 'G(!(initial_score_above_deferral & min_hits_higher_threshold))', 'G(!(min_above_auditing_threshold & all_samples_above_deferral))', 'G(!(min_above_auditing_threshold & min_hits_higher_threshold))', 'G(!(min_hits_higher_threshold & all_samples_above_deferral))', 'G(!(min_hits_higher_threshold & any_sample_below_deferral))']",44.271541464,26.476014680000002,44.112455323,10,3eb3a728-758e-4443-ab6c-040946b12302,2,True,False,N/A,N/A,False,0.004098008999996239,0.001422951999998645,N/A,N/A,0.005360193000001345,5,0.0001172419999946328,0.15017190100000022,0.1405637370000008,True,N/A,N/A,N/A,1,0,(initial_score_above_deferral__Sf0 & min_above_auditing_threshold__Sf0)
6c90b1ac-55ae-4302-90f5-7c4a573ee0cc,"['!(min_hits_higher_threshold & min_above_auditing_threshold)', 'G(!(any_sample_below_deferral & all_samples_above_deferral))', 'G(!(any_sample_below_deferral & min_above_auditing_threshold))', 'G(!(initial_score_above_deferral & any_sample_below_deferral))', 'G(!(initial_score_above_deferral & min_hits_higher_threshold))', 'G(!(min_above_auditing_threshold & all_samples_above_deferral))', 'G(!(min_above_auditing_threshold & initial_score_above_deferral))', 'G(!(min_above_auditing_threshold & min_hits_higher_threshold))', 'G(!(min_hits_higher_threshold & all_samples_above_deferral))', 'G(!(min_hits_higher_threshold & any_sample_below_deferral))']",44.444627031,26.640386677000002,44.278223013,10,2b890619-2d88-49c6-bfd0-0356c340147a,2,True,False,N/A,N/A,False,0.0045041049999952065,0.001552703000001543,N/A,N/A,0.00500164400000358,5,0.0001082009999961997,0.15751439200000306,0.14675631800000133,True,N/A,N/A,N/A,1,0,(all_samples_above_deferral__Sf2 & initial_score_above_deferral__Sf2)
f5285fbf-a4f6-4345-bcf9-1914a4231abe,"['!(min_above_auditing_threshold & initial_score_above_deferral)', '!(min_hits_higher_threshold & min_above_auditing_threshold)', 'G(!(any_sample_below_deferral & all_samples_above_deferral))', 'G(!(any_sample_below_deferral & min_above_auditing_threshold))', 'G(!(initial_score_above_deferral & any_sample_below_deferral))', 'G(!(initial_score_above_deferral & min_hits_higher_threshold))', 'G(!(min_above_auditing_threshold & all_samples_above_deferral))', 'G(!(min_above_auditing_threshold & min_hits_higher_threshold))', 'G(!(min_hits_higher_threshold & all_samples_above_deferral))', 'G(!(min_hits_higher_threshold & any_sample_below_deferral))']",44.6295621,26.640412413,44.451094094,10,2b890619-2d88-49c6-bfd0-0356c340147a,1,True,False,N/A,N/A,False,0.0043185990000012,0.0015214690000036057,N/A,N/A,0.006668098999995209,9,9.621200000253793e-05,0.16806683799999433,0.15833802100000582,True,N/A,N/A,N/A,1,0,(initial_score_above_deferral__Sf7 & min_above_auditing_threshold__Sf7)
4bdb6abe-3749-4cf8-b689-e6e97d4b0264,"['!(initial_score_above_deferral & any_sample_below_deferral)', '!(initial_score_above_deferral & min_hits_higher_threshold)', '!(min_hits_higher_threshold & any_sample_below_deferral)', '!(min_hits_higher_threshold & min_above_auditing_threshold)', 'G(!(initial_score_above_deferral & any_sample_below_deferral))', 'G(!(initial_score_above_deferral & min_hits_higher_threshold))', 'G(!(min_above_auditing_threshold & all_samples_above_deferral))', 'G(!(min_above_auditing_threshold & min_hits_higher_threshold))', 'G(!(min_hits_higher_threshold & all_samples_above_deferral))', 'G(!(min_hits_higher_threshold & any_sample_below_deferral))']",44.811721166,26.830253438,44.636322408,10,deddfb5b-c2e4-4c74-8558-3d6a9df87a86,2,True,False,N/A,N/A,False,0.004458778999996582,0.001608554999997125,N/A,N/A,0.005359005000002526,5,0.0001185919999997509,0.166379096,0.15473197200000044,True,N/A,N/A,N/A,1,0,(any_sample_below_deferral__Sf3 & min_above_auditing_threshold__Sf3)
f7d287b7-babe-4c7f-a494-6d690b4ba487,"['!(any_sample_below_deferral & min_above_auditing_threshold)', '!(initial_score_above_deferral & min_hits_higher_threshold)', '!(min_hits_higher_threshold & any_sample_below_deferral)', '!(min_hits_higher_threshold & min_above_auditing_threshold)', 'G(!(initial_score_above_deferral & any_sample_below_deferral))', 'G(!(initial_score_above_deferral & min_hits_higher_threshold))', 'G(!(min_above_auditing_threshold & all_samples_above_deferral))', 'G(!(min_above_auditing_threshold & min_hits_higher_threshold))', 'G(!(min_hits_higher_threshold & all_samples_above_deferral))', 'G(!(min_hits_higher_threshold & any_sample_below_deferral))']",44.996607278,27.121884066,44.818697382,10,b1e24e08-a951-412b-b598-80762c71961b,1,True,False,N/A,N/A,False,0.004722626000003061,0.001518832000002135,N/A,N/A,0.0066127909999949,9,0.00010165400000516911,0.1676824520000011,0.1590277160000042,True,N/A,N/A,N/A,1,0,(any_sample_below_deferral__Sf8 & min_above_auditing_threshold__Sf8)
ab9938d8-41e8-4187-a4ed-77afc32bdaea,"['!(initial_score_above_deferral & min_hits_higher_threshold)', '!(min_hits_higher_threshold & any_sample_below_deferral)', '!(min_hits_higher_threshold & min_above_auditing_threshold)', 'G(!(any_sample_below_deferral & min_above_auditing_threshold))', 'G(!(initial_score_above_deferral & any_sample_below_deferral))', 'G(!(initial_score_above_deferral & min_hits_higher_threshold))', 'G(!(min_above_auditing_threshold & all_samples_above_deferral))', 'G(!(min_above_auditing_threshold & min_hits_higher_threshold))', 'G(!(min_hits_higher_threshold & all_samples_above_deferral))', 'G(!(min_hits_higher_threshold & any_sample_below_deferral))']",45.17925668,27.121911862,45.002558505,10,b1e24e08-a951-412b-b598-80762c71961b,2,True,False,N/A,N/A,False,0.003989036000000112,0.0014118140000007884,N/A,N/A,0.005200388999995198,5,0.0001352350000018987,0.16785225499999967,0.1561661679999986,True,N/A,N/A,N/A,1,0,(all_samples_above_deferral__Sf1 & any_sample_below_deferral__Sf1)
9ff53a40-c135-4ad6-8e4f-d2a3a2a3863c,"['!(any_sample_below_deferral & initial_score_above_deferral)', '!(min_above_auditing_threshold & any_sample_below_deferral)', '!(min_hits_higher_threshold & any_sample_below_deferral)', '!(min_hits_higher_threshold & min_above_auditing_threshold)', 'G(!(any_sample_below_deferral & initial_score_above_deferral))', 'G(!(initial_score_above_deferral & min_hits_higher_threshold))', 'G(!(min_above_auditing_threshold & all_samples_above_deferral))', 'G(!(min_above_auditing_threshold & min_hits_higher_threshold))', 'G(!(min_hits_higher_threshold & all_samples_above_deferral))', 'G(!(min_hits_higher_threshold & any_sample_below_deferral))']",45.367199334,27.293775608,45.186584694000004,10,2c8050cd-1f02-445b-b55e-8208d2667792,1,True,False,N/A,N/A,False,0.004920060999999976,0.0016030410000027473,N/A,N/A,0.0069965019999997935,9,9.271500000096466e-05,0.16968008799999978,0.15966389200000464,True,N/A,N/A,N/A,1,0,(any_sample_below_deferral__Sf7 & min_above_auditing_threshold__Sf7)
d8f65054-47e9-4717-8dd6-cd1e05e7aa67,"['!(any_sample_below_deferral & initial_score_above_deferral)', '!(min_hits_higher_threshold & any_sample_below_deferral)', '!(min_hits_higher_threshold & min_above_auditing_threshold)', 'G(!(any_sample_below_deferral & initial_score_above_deferral))', 'G(!(initial_score_above_deferral & min_hits_higher_threshold))', 'G(!(min_above_auditing_threshold & all_samples_above_deferral))', 'G(!(min_above_auditing_threshold & any_sample_below_deferral))', 'G(!(min_above_auditing_threshold & min_hits_higher_threshold))', 'G(!(min_hits_higher_threshold & all_samples_above_deferral))', 'G(!(min_hits_higher_threshold & any_sample_below_deferral))']",45.536025591,27.293800131,45.373564964,10,2c8050cd-1f02-445b-b55e-8208d2667792,2,True,False,N/A,N/A,False,0.004186042999997142,0.0015452680000009877,N/A,N/A,0.005109823000005065,5,0.00010724300000219955,0.15354692999999742,0.14413311799999917,True,N/A,N/A,N/A,1,0,(all_samples_above_deferral__Sf2 & any_sample_below_deferral__Sf2)
4a808c70-618a-4f7c-8407-e814555a924a,"['!(any_sample_below_deferral & min_above_auditing_threshold)', '!(min_hits_higher_threshold & any_sample_below_deferral)', '!(min_hits_higher_threshold & min_above_auditing_threshold)', 'G(!(any_sample_below_deferral & initial_score_above_deferral))', 'G(!(any_sample_below_deferral & min_above_auditing_threshold))', 'G(!(initial_score_above_deferral & min_hits_higher_threshold))', 'G(!(min_above_auditing_threshold & all_samples_above_deferral))', 'G(!(min_above_auditing_threshold & min_hits_higher_threshold))', 'G(!(min_hits_higher_threshold & all_samples_above_deferral))', 'G(!(min_hits_higher_threshold & any_sample_below_deferral))']",45.702821394000004,27.478964734,45.542408632000004,10,d2be5f13-8f11-4262-9ccf-7d6bd4f4b75d,2,True,False,N/A,N/A,False,0.0042947829999988585,0.0015079949999972087,N/A,N/A,0.004962104000000522,5,0.00010351099999894586,0.15185781800000342,0.14238307599999445,True,N/A,N/A,N/A,1,0,(all_samples_above_deferral__Sf3 & any_sample_below_deferral__Sf3)
e72e8585-41a1-4d5f-bb1a-37b4a1efc1ab,"['!(min_hits_higher_threshold & any_sample_below_deferral)', '!(min_hits_higher_threshold & min_above_auditing_threshold)', 'G(!(all_samples_above_deferral & any_sample_below_deferral))', 'G(!(any_sample_below_deferral & initial_score_above_deferral))', 'G(!(any_sample_below_deferral & min_above_auditing_threshold))', 'G(!(initial_score_above_deferral & min_hits_higher_threshold))', 'G(!(min_above_auditing_threshold & all_samples_above_deferral))', 'G(!(min_above_auditing_threshold & min_hits_higher_threshold))', 'G(!(min_hits_higher_threshold & all_samples_above_deferral))', 'G(!(min_hits_higher_threshold & any_sample_below_deferral))']",45.983708085,27.651996005,45.709233079,10,104ce8aa-e461-448c-bc1a-da4d8fff5d13,2,True,False,N/A,N/A,False,0.004287871000002497,0.0015511279999955718,N/A,N/A,0.005528783000002591,5,0.0001233509999991611,0.26520159900000095,0.15993071200000486,True,N/A,N/A,N/A,1,0,(initial_score_above_deferral__Sf1 & min_above_auditing_threshold__Sf1)
381bede4-e3b1-4978-9155-4367a03ccb33,"['!(all_samples_above_deferral & any_sample_below_deferral)', '!(min_hits_higher_threshold & any_sample_below_deferral)', '!(min_hits_higher_threshold & min_above_auditing_threshold)', 'G(!(any_sample_below_deferral & initial_score_above_deferral))', 'G(!(any_sample_below_deferral & min_above_auditing_threshold))', 'G(!(initial_score_above_deferral & min_hits_higher_threshold))', 'G(!(min_above_auditing_threshold & all_samples_above_deferral))', 'G(!(min_above_auditing_threshold & min_hits_higher_threshold))', 'G(!(min_hits_higher_threshold & all_samples_above_deferral))', 'G(!(min_hits_higher_threshold & any_sample_below_deferral))']",46.169200776000004,27.652021646,45.992140542,10,104ce8aa-e461-448c-bc1a-da4d8fff5d13,1,True,False,N/A,N/A,False,0.006095100000003129,0.0015831019999978935,N/A,N/A,0.006287209999996435,9,9.834899999816571e-05,0.16674606200000142,0.15721658500000046,True,N/A,N/A,N/A,1,0,(all_samples_above_deferral__Sf8 & any_sample_below_deferral__Sf8)
62c26408-da97-4c7e-a665-05b51bb0b7d7,"['!(any_sample_below_deferral & initial_score_above_deferral)', '!(initial_score_above_deferral & min_hits_higher_threshold)', '!(min_above_auditing_threshold & all_samples_above_deferral)', '!(min_hits_higher_threshold & min_above_auditing_threshold)', 'G(!(all_samples_above_deferral & min_above_auditing_threshold))', 'G(!(initial_score_above_deferral & any_sample_below_deferral))', 'G(!(min_above_auditing_threshold & min_hits_higher_threshold))', 'G(!(min_hits_higher_threshold & all_samples_above_deferral))', 'G(!(min_hits_higher_threshold & any_sample_below_deferral))', 'G(!(min_hits_higher_threshold & initial_score_above_deferral))']",46.345601222,27.852083073000003,46.176064326,10,70bbad16-3ca5-493c-a93b-6666960f3a6c,2,True,False,N/A,N/A,False,0.0045712240000028714,0.0014939920000003326,N/A,N/A,0.00538002999999776,5,0.00011749899999813351,0.16057031999999793,0.14979683800000032,True,N/A,N/A,N/A,1,0,(any_sample_below_deferral__Sf1 & min_above_auditing_threshold__Sf1)
0d85c830-fdff-4cf4-90d0-5fe817ddb35d,"['!(any_sample_below_deferral & min_above_auditing_threshold)', '!(initial_score_above_deferral & min_hits_higher_threshold)', '!(min_above_auditing_threshold & all_samples_above_deferral)', '!(min_hits_higher_threshold & min_above_auditing_threshold)', 'G(!(all_samples_above_deferral & min_above_auditing_threshold))', 'G(!(any_sample_below_deferral & initial_score_above_deferral))', 'G(!(min_above_auditing_threshold & min_hits_higher_threshold))', 'G(!(min_hits_higher_threshold & all_samples_above_deferral))', 'G(!(min_hits_higher_threshold & any_sample_below_deferral))', 'G(!(min_hits_higher_threshold & initial_score_above_deferral))']",46.524468823,28.092786389,46.352265426,10,01f5463d-d645-492e-8357-96baa677dba7,1,True,False,N/A,N/A,False,0.004453533999999593,0.001559182000001158,N/A,N/A,0.006523039000001063,9,8.764199999689026e-05,0.16198883300000233,0.15361018700000528,True,N/A,N/A,N/A,1,0,(any_sample_below_deferral__Sf8 & min_above_auditing_threshold__Sf8)
7004466b-3f30-429f-b672-b70bd27fd09d,"['!(initial_score_above_deferral & min_hits_higher_threshold)', '!(min_above_auditing_threshold & all_samples_above_deferral)', '!(min_hits_higher_threshold & min_above_auditing_threshold)', 'G(!(all_samples_above_deferral & min_above_auditing_threshold))', 'G(!(any_sample_below_deferral & initial_score_above_deferral))', 'G(!(any_sample_below_deferral & min_above_auditing_threshold))', 'G(!(min_above_auditing_threshold & min_hits_higher_threshold))', 'G(!(min_hits_higher_threshold & all_samples_above_deferral))', 'G(!(min_hits_higher_threshold & any_sample_below_deferral))', 'G(!(min_hits_higher_threshold & initial_score_above_deferral))']",46.692691559000004,28.092815384,46.530563708,10,01f5463d-d645-492e-8357-96baa677dba7,2,True,False,N/A,N/A,False,0.004096700000005171,0.0014384719999966933,N/A,N/A,0.0050516270000002805,5,0.00011830900000120437,0.1534027710000032,0.14352848500000448,True,N/A,N/A,N/A,1,0,(all_samples_above_deferral__Sf1 & any_sample_below_deferral__Sf1)
b57e25c5-47c6-4618-94cb-c213884e6450,"['!(any_sample_below_deferral & initial_score_above_deferral)', '!(min_above_auditing_threshold & all_samples_above_deferral)', '!(min_above_auditing_threshold & any_sample_below_deferral)', '!(min_hits_higher_threshold & min_above_auditing_threshold)', 'G(!(all_samples_above_deferral & min_above_auditing_threshold))', 'G(!(any_sample_below_deferral & initial_score_above_deferral))', 'G(!(initial_score_above_deferral & min_hits_higher_threshold))', 'G(!(min_above_auditing_threshold & min_hits_higher_threshold))', 'G(!(min_hits_higher_threshold & all_samples_above_deferral))', 'G(!(min_hits_higher_threshold & any_sample_below_deferral))']",46.886719871000004,28.275315689000003,46.700075672000004,10,dec51949-5bae-42f3-a218-4fd652f4e566,1,True,False,N/A,N/A,False,0.005099180999998509,0.00160838499999727,N/A,N/A,0.0076578850000004195,9,0.00012248600000219767,0.1751684890000007,0.1651024190000001,True,N/A,N/A,N/A,1,0,(any_sample_below_deferral__Sf6 & min_above_auditing_threshold__Sf6)
ef38b074-2c57-46d8-94c8-d6c4c6fcb600,"['!(any_sample_below_deferral & initial_score_above_deferral)', '!(min_above_auditing_threshold & all_samples_above_deferral)', '!(min_hits_higher_threshold & min_above_auditing_threshold)', 'G(!(all_samples_above_deferral & min_above_auditing_threshold))', 'G(!(any_sample_below_deferral & initial_score_above_deferral))', 'G(!(initial_score_above_deferral & min_hits_higher_threshold))', 'G(!(min_above_auditing_threshold & any_sample_below_deferral))', 'G(!(min_above_auditing_threshold & min_hits_higher_threshold))', 'G(!(min_hits_higher_threshold & all_samples_above_deferral))', 'G(!(min_hits_higher_threshold & any_sample_below_deferral))']",47.055197257,28.275354873,46.89397779,10,dec51949-5bae-42f3-a218-4fd652f4e566,2,True,False,N/A,N/A,False,0.004915201999999397,0.0016538380000028496,N/A,N/A,0.0052452340000002096,5,0.00010865400000170666,0.1520576209999973,0.14260029400000462,True,N/A,N/A,N/A,1,0,(all_samples_above_deferral__Sf3 & any_sample_below_deferral__Sf3)
eccd8100-e2b8-45b7-892e-42a01eb30d12,"['!(min_above_auditing_threshold & all_samples_above_deferral)', '!(min_above_auditing_threshold & any_sample_below_deferral)', '!(min_hits_higher_threshold & min_above_auditing_threshold)', 'G(!(all_samples_above_deferral & min_above_auditing_threshold))', 'G(!(any_sample_below_deferral & initial_score_above_deferral))', 'G(!(initial_score_above_deferral & min_hits_higher_threshold))', 'G(!(min_above_auditing_threshold & any_sample_below_deferral))', 'G(!(min_above_auditing_threshold & min_hits_higher_threshold))', 'G(!(min_hits_higher_threshold & all_samples_above_deferral))', 'G(!(min_hits_higher_threshold & any_sample_below_deferral))']",47.238191419,28.467102969000003,47.061698887,10,7390f2bd-934b-43b0-80ba-e06e3670f309,2,True,False,N/A,N/A,False,0.004285286000005328,0.0015609479999980636,N/A,N/A,0.0052037360000056765,5,9.560800000230074e-05,0.16726890000000338,0.15716942400000278,True,N/A,N/A,N/A,1,0,(all_samples_above_deferral__Sf2 & any_sample_below_deferral__Sf2)
c9bbaee8-a1e8-4634-9e3b-9a0f09e5f0cf,"['!(min_above_auditing_threshold & all_samples_above_deferral)', '!(min_hits_higher_threshold & min_above_auditing_threshold)', 'G(!(all_samples_above_deferral & any_sample_below_deferral))', 'G(!(all_samples_above_deferral & min_above_auditing_threshold))', 'G(!(any_sample_below_deferral & initial_score_above_deferral))', 'G(!(initial_score_above_deferral & min_hits_higher_threshold))', 'G(!(min_above_auditing_threshold & any_sample_below_deferral))', 'G(!(min_above_auditing_threshold & min_hits_higher_threshold))', 'G(!(min_hits_higher_threshold & all_samples_above_deferral))', 'G(!(min_hits_higher_threshold & any_sample_below_deferral))']",47.40587275,28.637644669,47.244423022,10,60445168-5c38-4048-8f41-e5eca173d6c0,2,True,False,N/A,N/A,False,0.0041947649999940495,0.0014468570000047976,N/A,N/A,0.005279940999997734,5,0.0001151539999995066,0.15256917899999678,0.14299080900000405,True,N/A,N/A,N/A,1,0,(initial_score_above_deferral__Sf3 & min_above_auditing_threshold__Sf3)
51454084-b115-4eac-b84f-14a11a2d285c,"['!(all_samples_above_deferral & any_sample_below_deferral)', '!(min_above_auditing_threshold & all_samples_above_deferral)', '!(min_hits_higher_threshold & min_above_auditing_threshold)', 'G(!(all_samples_above_deferral & min_above_auditing_threshold))', 'G(!(any_sample_below_deferral & initial_score_above_deferral))', 'G(!(initial_score_above_deferral & min_hits_higher_threshold))', 'G(!(min_above_auditing_threshold & any_sample_below_deferral))', 'G(!(min_above_auditing_threshold & min_hits_higher_threshold))', 'G(!(min_hits_higher_threshold & all_samples_above_deferral))', 'G(!(min_hits_higher_threshold & any_sample_below_deferral))']",47.595968484000004,28.637670456000002,47.412416501,10,60445168-5c38-4048-8f41-e5eca173d6c0,1,True,False,N/A,N/A,False,0.0043823379999992085,0.0014550490000004856,N/A,N/A,0.006277119000003495,9,9.384000000522974e-05,0.17361720000000247,0.16438733599999722,True,N/A,N/A,N/A,1,0,(all_samples_above_deferral__Sf8 & any_sample_below_deferral__Sf8)
5a69dc24-a705-4282-9917-f1ce6741666d,"['!(any_sample_below_deferral & initial_score_above_deferral)', '!(initial_score_above_deferral & min_hits_higher_threshold)', '!(min_above_auditing_threshold & all_samples_above_deferral)', '!(min_hits_higher_threshold & any_sample_below_deferral)', '!(min_hits_higher_threshold & min_above_auditing_threshold)', 'G(!(all_samples_above_deferral & min_above_auditing_threshold))', 'G(!(any_sample_below_deferral & min_hits_higher_threshold))', 'G(!(min_above_auditing_threshold & min_hits_higher_threshold))', 'G(!(min_hits_higher_threshold & all_samples_above_deferral))', 'G(!(min_hits_higher_threshold & initial_score_above_deferral))']",47.775893371,28.814532606,47.602409858,10,6e4619c9-2107-465f-91f0-1a5967d83ace,1,True,False,N/A,N/A,False,0.004270863999998653,0.001502421000004972,N/A,N/A,0.006657150000002332,9,0.00011013299999973469,0.16334370999999948,0.1530932120000017,True,N/A,N/A,N/A,1,0,(any_sample_below_deferral__Sf5 & initial_score_above_deferral__Sf5)
ef67e77a-345a-4a5b-99e8-279adce15f39,"['!(initial_score_above_deferral & min_hits_higher_threshold)', '!(min_above_auditing_threshold & all_samples_above_deferral)', '!(min_hits_higher_threshold & any_sample_below_deferral)', '!(min_hits_higher_threshold & min_above_auditing_threshold)', 'G(!(all_samples_above_deferral & min_above_auditing_threshold))', 'G(!(any_sample_below_deferral & initial_score_above_deferral))', 'G(!(any_sample_below_deferral & min_hits_higher_threshold))', 'G(!(min_above_auditing_threshold & min_hits_higher_threshold))', 'G(!(min_hits_higher_threshold & all_samples_above_deferral))', 'G(!(min_hits_higher_threshold & initial_score_above_deferral))']",47.949920037,28.814564872000002,47.782943641,10,6e4619c9-2107-465f-91f0-1a5967d83ace,2,True,False,N/A,N/A,False,0.004756376999999645,0.001562193000005152,N/A,N/A,0.0056695760000025075,5,0.00012561999999860518,0.15744667899999598,0.14707747599999976,True,N/A,N/A,N/A,1,0,(any_sample_below_deferral__Sf3 & min_above_auditing_threshold__Sf3)
b6063817-e511-4497-a927-1f673d5541a3,"['!(initial_score_above_deferral & any_sample_below_deferral)', '!(min_above_auditing_threshold & all_samples_above_deferral)', '!(min_hits_higher_threshold & any_sample_below_deferral)', '!(min_hits_higher_threshold & min_above_auditing_threshold)', 'G(!(all_samples_above_deferral & min_above_auditing_threshold))', 'G(!(any_sample_below_deferral & initial_score_above_deferral))', 'G(!(any_sample_below_deferral & min_hits_higher_threshold))', 'G(!(initial_score_above_deferral & min_hits_higher_threshold))', 'G(!(min_above_auditing_threshold & min_hits_higher_threshold))', 'G(!(min_hits_higher_threshold & all_samples_above_deferral))']",48.139866063,28.995421535000002,47.956682674,10,5bb278b6-f98e-43a5-bb47-9dbcf2621a18,2,True,False,N/A,N/A,False,0.00443897200000265,0.0014866889999964883,N/A,N/A,0.005388646000000108,5,0.00010148899999506966,0.17413786800000253,0.1633395369999988,True,N/A,N/A,N/A,1,0,(any_sample_below_deferral__Sf0 & min_above_auditing_threshold__Sf0)
b4b1f79b-e2b0-4c02-a445-12362ed03cc2,"['!(any_sample_below_deferral & min_above_auditing_threshold)', '!(min_above_auditing_threshold & all_samples_above_deferral)', '!(min_hits_higher_threshold & any_sample_below_deferral)', '!(min_hits_higher_threshold & min_above_auditing_threshold)', 'G(!(all_samples_above_deferral & min_above_auditing_threshold))', 'G(!(any_sample_below_deferral & min_hits_higher_threshold))', 'G(!(initial_score_above_deferral & any_sample_below_deferral))', 'G(!(initial_score_above_deferral & min_hits_higher_threshold))', 'G(!(min_above_auditing_threshold & min_hits_higher_threshold))', 'G(!(min_hits_higher_threshold & all_samples_above_deferral))']",48.345309519000004,29.303804845000002,48.146901903,10,7ff08f35-1e67-4b02-a853-8e0d8eceb3cc,1,True,False,N/A,N/A,False,0.004640814000005378,0.001687214000000381,N/A,N/A,0.007043055000004017,9,9.58319999995183e-05,0.1772723830000018,0.16864278399999932,True,N/A,N/A,N/A,1,0,(any_sample_below_deferral__Sf8 & min_above_auditing_threshold__Sf8)
bc229929-a514-4feb-8209-63f72ced5a3a,"['!(min_above_auditing_threshold & all_samples_above_deferral)', '!(min_hits_higher_threshold & any_sample_below_deferral)', '!(min_hits_higher_threshold & min_above_auditing_threshold)', 'G(!(all_samples_above_deferral & min_above_auditing_threshold))', 'G(!(any_sample_below_deferral & min_above_auditing_threshold))', 'G(!(any_sample_below_deferral & min_hits_higher_threshold))', 'G(!(initial_score_above_deferral & any_sample_below_deferral))', 'G(!(initial_score_above_deferral & min_hits_higher_threshold))', 'G(!(min_above_auditing_threshold & min_hits_higher_threshold))', 'G(!(min_hits_higher_threshold & all_samples_above_deferral))']",48.532386681,29.303832404,48.352133329000004,10,7ff08f35-1e67-4b02-a853-8e0d8eceb3cc,2,True,False,N/A,N/A,False,0.0045189040000011005,0.0016058589999943251,N/A,N/A,0.005022467000003417,5,0.00015758900000406584,0.17118521799999797,0.16032364899999862,True,N/A,N/A,N/A,1,0,(all_samples_above_deferral__Sf2 & any_sample_below_deferral__Sf2)
11589156-f78c-40aa-96a0-c1e24e4b30d2,"['!(all_samples_above_deferral & min_above_auditing_threshold)', '!(any_sample_below_deferral & initial_score_above_deferral)', '!(initial_score_above_deferral & min_hits_higher_threshold)', '!(min_hits_higher_threshold & all_samples_above_deferral)', '!(min_hits_higher_threshold & min_above_auditing_threshold)', 'G(!(all_samples_above_deferral & min_hits_higher_threshold))', 'G(!(any_sample_below_deferral & min_hits_higher_threshold))', 'G(!(initial_score_above_deferral & min_hits_higher_threshold))', 'G(!(min_above_auditing_threshold & all_samples_above_deferral))', 'G(!(min_above_auditing_threshold & min_hits_higher_threshold))']",48.723266223,29.481204836,48.540841836,10,e617c172-d3c5-4bac-822f-1512d315d3e0,1,True,False,N/A,N/A,False,0.005511640999998235,0.001846503999999527,N/A,N/A,0.007484398999999087,9,8.319799999867428e-05,0.17118491700000504,0.16075913300000622,True,N/A,N/A,N/A,1,0,(any_sample_below_deferral__Sf8 & initial_score_above_deferral__Sf8)
48ba45ec-b8bf-4e85-b721-79222fe9866c,"['!(all_samples_above_deferral & min_above_auditing_threshold)', '!(initial_score_above_deferral & min_hits_higher_threshold)', '!(min_hits_higher_threshold & all_samples_above_deferral)', '!(min_hits_higher_threshold & min_above_auditing_threshold)', 'G(!(all_samples_above_deferral & min_hits_higher_threshold))', 'G(!(any_sample_below_deferral & initial_score_above_deferral))', 'G(!(any_sample_below_deferral & min_hits_higher_threshold))', 'G(!(initial_score_above_deferral & min_hits_higher_threshold))', 'G(!(min_above_auditing_threshold & all_samples_above_deferral))', 'G(!(min_above_auditing_threshold & min_hits_higher_threshold))']",48.89580565,29.481235491,48.729148791,10,e617c172-d3c5-4bac-822f-1512d315d3e0,2,True,False,N/A,N/A,False,0.003948308999994765,0.0013665740000021742,N/A,N/A,0.005337273000002085,5,0.00012383900000401127,0.1576792330000032,0.14782624500000452,True,N/A,N/A,N/A,1,0,(any_sample_below_deferral__Sf1 & min_above_auditing_threshold__Sf1)
2fd641b6-c85c-4321-979c-d09660f5d703,"['!(all_samples_above_deferral & min_above_auditing_threshold)', '!(initial_score_above_deferral & any_sample_below_deferral)', '!(min_hits_higher_threshold & all_samples_above_deferral)', '!(min_hits_higher_threshold & min_above_auditing_threshold)', 'G(!(all_samples_above_deferral & min_hits_higher_threshold))', 'G(!(any_sample_below_deferral & initial_score_above_deferral))', 'G(!(any_sample_below_deferral & min_hits_higher_threshold))', 'G(!(initial_score_above_deferral & min_hits_higher_threshold))', 'G(!(min_above_auditing_threshold & all_samples_above_deferral))', 'G(!(min_above_auditing_threshold & min_hits_higher_threshold))']",49.067034352,29.661758908000003,48.90246004,10,2f383bc7-0e0f-4957-b6f6-ad0ae88d0756,2,True,False,N/A,N/A,False,0.004422398999999189,0.0014810090000025866,N/A,N/A,0.005207398999999668,5,0.0001414020000041205,0.15581321900000233,0.14612157300000206,True,N/A,N/A,N/A,1,0,(any_sample_below_deferral__Sf2 & min_above_auditing_threshold__Sf2)
4f374eaa-5ddc-446c-adc1-8250780cc0d6,"['!(all_samples_above_deferral & min_above_auditing_threshold)', '!(any_sample_below_deferral & min_above_auditing_threshold)', '!(min_hits_higher_threshold & all_samples_above_deferral)', '!(min_hits_higher_threshold & min_above_auditing_threshold)', 'G(!(all_samples_above_deferral & min_hits_higher_threshold))', 'G(!(any_sample_below_deferral & min_hits_higher_threshold))', 'G(!(initial_score_above_deferral & any_sample_below_deferral))', 'G(!(initial_score_above_deferral & min_hits_higher_threshold))', 'G(!(min_above_auditing_threshold & all_samples_above_deferral))', 'G(!(min_above_auditing_threshold & min_hits_higher_threshold))']",49.256127065,29.841895970000003,49.073732982,10,90237536-ee7a-4d35-8f3b-3af1235cc4e4,1,True,False,N/A,N/A,False,0.004295611999999949,0.0017359580000047004,N/A,N/A,0.006675010000002146,9,9.170799999935753e-05,0.17190868200000153,0.1634943849999999,True,N/A,N/A,N/A,1,0,(any_sample_below_deferral__Sf8 & min_above_auditing_threshold__Sf8)
371f04de-3b4d-42ab-a496-805a1869f933,"['!(all_samples_above_deferral & min_above_auditing_threshold)', '!(min_hits_higher_threshold & all_samples_above_deferral)', '!(min_hits_higher_threshold & min_above_auditing_threshold)', 'G(!(all_samples_above_deferral & min_hits_higher_threshold))', 'G(!(any_sample_below_deferral & min_above_auditing_threshold))', 'G(!(any_sample_below_deferral & min_hits_higher_threshold))', 'G(!(initial_score_above_deferral & any_sample_below_deferral))', 'G(!(initial_score_above_deferral & min_hits_higher_threshold))', 'G(!(min_above_auditing_threshold & all_samples_above_deferral))', 'G(!(min_above_auditing_threshold & min_hits_higher_threshold))']",49.432200492,29.841929764,49.266114545,10,90237536-ee7a-4d35-8f3b-3af1235cc4e4,2,True,False,N/A,N/A,False,0.007833898000001227,0.001554007999999385,N/A,N/A,0.005954129999999225,5,0.00012904700000149205,0.15626091100000394,0.14530937600000016,True,N/A,N/A,N/A,1,0,(all_samples_above_deferral__Sf0 & any_sample_below_deferral__Sf0)
4f90ba24-7725-4463-ba33-e32d9f11050b,"['!(all_samples_above_deferral & min_above_auditing_threshold)', '!(any_sample_below_deferral & min_hits_higher_threshold)', '!(initial_score_above_deferral & min_hits_higher_threshold)', '!(min_hits_higher_threshold & all_samples_above_deferral)', '!(min_hits_higher_threshold & min_above_auditing_threshold)', 'G(!(all_samples_above_deferral & min_hits_higher_threshold))', 'G(!(any_sample_below_deferral & min_hits_higher_threshold))', 'G(!(initial_score_above_deferral & min_hits_higher_threshold))', 'G(!(min_above_auditing_threshold & all_samples_above_deferral))', 'G(!(min_above_auditing_threshold & min_hits_higher_threshold))']",49.606049533000004,30.028239224,49.439299297,10,00843776-b64e-4bbf-9c58-4bb1669dd7f4,2,True,False,N/A,N/A,False,0.00482753100000366,0.0015979189999981713,N/A,N/A,0.005056199000001982,5,0.00023966299999500507,0.1579116159999998,0.14765067199999748,True,N/A,N/A,N/A,1,0,(any_sample_below_deferral__Sf3 & initial_score_above_deferral__Sf3)
9334ab73-0417-47bf-92a1-037fead418b0,"['!(all_samples_above_deferral & min_above_auditing_threshold)', '!(any_sample_below_deferral & initial_score_above_deferral)', '!(any_sample_below_deferral & min_hits_higher_threshold)', '!(min_hits_higher_threshold & all_samples_above_deferral)', '!(min_hits_higher_threshold & min_above_auditing_threshold)', 'G(!(all_samples_above_deferral & min_hits_higher_threshold))', 'G(!(any_sample_below_deferral & min_hits_higher_threshold))', 'G(!(initial_score_above_deferral & min_hits_higher_threshold))', 'G(!(min_above_auditing_threshold & all_samples_above_deferral))', 'G(!(min_above_auditing_threshold & min_hits_higher_threshold))']",49.917231628,30.209456883,49.616569943,10,9e120664-5509-41f0-b14d-fcaee08bfad3,1,True,False,N/A,N/A,False,0.007787434999997345,0.0019699320000015064,N/A,N/A,0.008366617000000076,9,8.927599999708491e-05,0.28839798900000346,0.17567513800000256,True,N/A,N/A,N/A,1,0,(any_sample_below_deferral__Sf8 & initial_score_above_deferral__Sf8)
6f752af0-8984-4d7a-ac8b-22a71f6cbe95,"['!(all_samples_above_deferral & min_above_auditing_threshold)', '!(any_sample_below_deferral & min_hits_higher_threshold)', '!(min_hits_higher_threshold & all_samples_above_deferral)', '!(min_hits_higher_threshold & min_above_auditing_threshold)', 'G(!(all_samples_above_deferral & min_hits_higher_threshold))', 'G(!(any_sample_below_deferral & initial_score_above_deferral))', 'G(!(any_sample_below_deferral & min_hits_higher_threshold))', 'G(!(initial_score_above_deferral & min_hits_higher_threshold))', 'G(!(min_above_auditing_threshold & all_samples_above_deferral))', 'G(!(min_above_auditing_threshold & min_hits_higher_threshold))']",50.083877611,30.209489093000002,49.924635389,10,9e120664-5509-41f0-b14d-fcaee08bfad3,2,True,False,N/A,N/A,False,0.005323672999999474,0.0014816969999955631,N/A,N/A,0.004834086999998988,5,0.00010347999999993363,0.15087515500000137,0.14207580400000097,True,N/A,N/A,N/A,1,0,(any_sample_below_deferral__Sf3 & min_above_auditing_threshold__Sf3)
732b537f-2421-44ed-8c67-b32ef15ab135,"['!(any_sample_below_deferral & initial_score_above_deferral)', '!(any_sample_below_deferral & min_above_auditing_threshold)', '!(min_hits_higher_threshold & all_samples_above_deferral)', '!(min_hits_higher_threshold & min_above_auditing_threshold)', 'G(!(all_samples_above_deferral & min_above_auditing_threshold))', 'G(!(all_samples_above_deferral & min_hits_higher_threshold))', 'G(!(any_sample_below_deferral & initial_score_above_deferral))', 'G(!(min_above_auditing_threshold & min_hits_higher_threshold))', 'G(!(min_hits_higher_threshold & any_sample_below_deferral))', 'G(!(min_hits_higher_threshold & initial_score_above_deferral))']",50.271239665,30.377889111,50.089895232,10,de9fcf34-686e-4bf7-9f0d-353afbe9376b,1,True,False,N/A,N/A,False,0.003913565000004837,0.0014966809999990005,N/A,N/A,0.006307172999996169,9,0.00011662599999340273,0.17145904499999887,0.16191324299999366,True,N/A,N/A,N/A,1,0,(any_sample_below_deferral__Sf7 & min_above_auditing_threshold__Sf7)
6b84c5ba-cf58-49a0-8015-d28a68ae9b18,"['!(any_sample_below_deferral & initial_score_above_deferral)', '!(min_hits_higher_threshold & all_samples_above_deferral)', '!(min_hits_higher_threshold & min_above_auditing_threshold)', 'G(!(all_samples_above_deferral & min_above_auditing_threshold))', 'G(!(all_samples_above_deferral & min_hits_higher_threshold))', 'G(!(any_sample_below_deferral & initial_score_above_deferral))', 'G(!(any_sample_below_deferral & min_above_auditing_threshold))', 'G(!(min_above_auditing_threshold & min_hits_higher_threshold))', 'G(!(min_hits_higher_threshold & any_sample_below_deferral))', 'G(!(min_hits_higher_threshold & initial_score_above_deferral))']",50.44460361,30.37791781,50.277476355000005,10,de9fcf34-686e-4bf7-9f0d-353afbe9376b,2,True,False,N/A,N/A,False,0.004133787000000666,0.0014868370000016284,N/A,N/A,0.005052720000001898,5,0.00012377600000235134,0.1584933769999992,0.1487626509999984,True,N/A,N/A,N/A,1,0,(all_samples_above_deferral__Sf2 & any_sample_below_deferral__Sf2)
cacc945e-c528-4269-8af1-dfbcb99245df,"['!(any_sample_below_deferral & min_above_auditing_threshold)', '!(min_hits_higher_threshold & all_samples_above_deferral)', '!(min_hits_higher_threshold & min_above_auditing_threshold)', 'G(!(all_samples_above_deferral & min_above_auditing_threshold))', 'G(!(all_samples_above_deferral & min_hits_higher_threshold))', 'G(!(any_sample_below_deferral & initial_score_above_deferral))', 'G(!(any_sample_below_deferral & min_above_auditing_threshold))', 'G(!(min_above_auditing_threshold & min_hits_higher_threshold))', 'G(!(min_hits_higher_threshold & any_sample_below_deferral))', 'G(!(min_hits_higher_threshold & initial_score_above_deferral))']",50.618279965,30.560231594,50.451824907,10,92463c13-a0ae-4f9a-b59b-3d79f60c8030,2,True,False,N/A,N/A,False,0.0047777639999964094,0.0016840170000023136,N/A,N/A,0.005308284000001606,5,0.00010484100000240915,0.15718787699999837,0.14754529200000377,True,N/A,N/A,N/A,1,0,(all_samples_above_deferral__Sf3 & any_sample_below_deferral__Sf3)
2f6ee226-3ea7-4abb-9af4-ad26676a41f8,"['!(any_sample_below_deferral & all_samples_above_deferral)', '!(min_hits_higher_threshold & all_samples_above_deferral)', '!(min_hits_higher_threshold & min_above_auditing_threshold)', 'G(!(all_samples_above_deferral & min_above_auditing_threshold))', 'G(!(all_samples_above_deferral & min_hits_higher_threshold))', 'G(!(any_sample_below_deferral & initial_score_above_deferral))', 'G(!(any_sample_below_deferral & min_above_auditing_threshold))', 'G(!(min_above_auditing_threshold & min_hits_higher_threshold))', 'G(!(min_hits_higher_threshold & any_sample_below_deferral))', 'G(!(min_hits_higher_threshold & initial_score_above_deferral))']",50.820066987000004,30.726950205999998,50.624492622,10,2662416a-3f14-46cd-bf59-bf88d9d5613e,1,True,False,N/A,N/A,False,0.004133633999998665,0.0014207709999993767,N/A,N/A,0.005863886999996737,9,0.00011038800000306992,0.1860495099999966,0.17546439099999844,True,N/A,N/A,N/A,1,0,(all_samples_above_deferral__Sf6 & any_sample_below_deferral__Sf6)
257ec635-78da-4d83-9e6a-42e37694e400,"['!(min_hits_higher_threshold & all_samples_above_deferral)', '!(min_hits_higher_threshold & min_above_auditing_threshold)', 'G(!(all_samples_above_deferral & min_above_auditing_threshold))', 'G(!(all_samples_above_deferral & min_hits_higher_threshold))', 'G(!(any_sample_below_deferral & all_samples_above_deferral))', 'G(!(any_sample_below_deferral & initial_score_above_deferral))', 'G(!(any_sample_below_deferral & min_above_auditing_threshold))', 'G(!(min_above_auditing_threshold & min_hits_higher_threshold))', 'G(!(min_hits_higher_threshold & any_sample_below_deferral))', 'G(!(min_hits_higher_threshold & initial_score_above_deferral))']",50.997584704000005,30.726977603999998,50.826965705,10,2662416a-3f14-46cd-bf59-bf88d9d5613e,2,True,False,N/A,N/A,False,0.004637049999999476,0.0015343110000003435,N/A,N/A,0.005621829999995498,5,0.00013180799999901183,0.161106341,0.15031418499999916,True,N/A,N/A,N/A,1,0,(initial_score_above_deferral__Sf0 & min_above_auditing_threshold__Sf0)
802160bb-8cfd-4680-8cad-d7b30039fd41,"['!(any_sample_below_deferral & initial_score_above_deferral)', '!(min_hits_higher_threshold & all_samples_above_deferral)', '!(min_hits_higher_threshold & initial_score_above_deferral)', '!(min_hits_higher_threshold & min_above_auditing_threshold)', 'G(!(all_samples_above_deferral & min_above_auditing_threshold))', 'G(!(all_samples_above_deferral & min_hits_higher_threshold))', 'G(!(any_sample_below_deferral & initial_score_above_deferral))', 'G(!(initial_score_above_deferral & min_hits_higher_threshold))', 'G(!(min_above_auditing_threshold & min_hits_higher_threshold))', 'G(!(min_hits_higher_threshold & any_sample_below_deferral))']",51.185226863000004,30.930689144,51.004433592,10,5de4eb59-c07b-4b60-891d-132de438d1b3,2,True,False,N/A,N/A,False,0.004624312000004238,0.0015149350000029926,N/A,N/A,0.0058637059999995245,5,0.00011772199999882105,0.17116722299999765,0.15917631700000356,True,N/A,N/A,N/A,1,0,(any_sample_below_deferral__Sf2 & min_above_auditing_threshold__Sf2)
d38b7727-0834-407f-b17d-e58f44c60ea4,"['!(any_sample_below_deferral & min_above_auditing_threshold)', '!(min_hits_higher_threshold & all_samples_above_deferral)', '!(min_hits_higher_threshold & initial_score_above_deferral)', '!(min_hits_higher_threshold & min_above_auditing_threshold)', 'G(!(all_samples_above_deferral & min_above_auditing_threshold))', 'G(!(all_samples_above_deferral & min_hits_higher_threshold))', 'G(!(any_sample_below_deferral & initial_score_above_deferral))', 'G(!(initial_score_above_deferral & min_hits_higher_threshold))', 'G(!(min_above_auditing_threshold & min_hits_higher_threshold))', 'G(!(min_hits_higher_threshold & any_sample_below_deferral))']",51.368439878000004,31.240015400000004,51.192425072,10,45aff4ea-0cfe-489e-8349-788cae4f81a2,1,True,False,N/A,N/A,False,0.004690589999995609,0.0017192239999985759,N/A,N/A,0.0066879529999965825,9,7.961699999725624e-05,0.16561532200000073,0.15664768199999912,True,N/A,N/A,N/A,1,0,(any_sample_below_deferral__Sf6 & min_above_auditing_threshold__Sf6)
e181b025-0f8c-4369-b765-4947819ef4de,"['!(min_hits_higher_threshold & all_samples_above_deferral)', '!(min_hits_higher_threshold & initial_score_above_deferral)', '!(min_hits_higher_threshold & min_above_auditing_threshold)', 'G(!(all_samples_above_deferral & min_above_auditing_threshold))', 'G(!(all_samples_above_deferral & min_hits_higher_threshold))', 'G(!(any_sample_below_deferral & initial_score_above_deferral))', 'G(!(any_sample_below_deferral & min_above_auditing_threshold))', 'G(!(initial_score_above_deferral & min_hits_higher_threshold))', 'G(!(min_above_auditing_threshold & min_hits_higher_threshold))', 'G(!(min_hits_higher_threshold & any_sample_below_deferral))']",51.538158899,31.240046927999998,51.374215172,10,45aff4ea-0cfe-489e-8349-788cae4f81a2,2,True,False,N/A,N/A,False,0.0038860059999947794,0.0013404409999964173,N/A,N/A,0.004825524000004577,5,0.00011153899999527539,0.15553783099999663,0.1458014090000006,True,N/A,N/A,N/A,1,0,(all_samples_above_deferral__Sf1 & any_sample_below_deferral__Sf1)
58fac0d1-e1d7-48e2-ab89-3e1886ac4feb,"['!(any_sample_below_deferral & initial_score_above_deferral)', '!(min_hits_higher_threshold & all_samples_above_deferral)', '!(min_hits_higher_threshold & any_sample_below_deferral)', '!(min_hits_higher_threshold & min_above_auditing_threshold)', 'G(!(all_samples_above_deferral & min_above_auditing_threshold))', 'G(!(all_samples_above_deferral & min_hits_higher_threshold))', 'G(!(any_sample_below_deferral & initial_score_above_deferral))', 'G(!(min_above_auditing_threshold & min_hits_higher_threshold))', 'G(!(min_hits_higher_threshold & any_sample_below_deferral))', 'G(!(min_hits_higher_threshold & initial_score_above_deferral))']",51.715761294,31.424347163,51.544755255,10,754c2fd9-71e4-4b4b-80cd-11faf94c665b,2,True,False,N/A,N/A,False,0.004385777000003088,0.00153079100000042,N/A,N/A,0.006221912000000884,5,0.00012994099999730224,0.16096648900000332,0.14965735600000585,True,N/A,N/A,N/A,1,0,(any_sample_below_deferral__Sf2 & min_above_auditing_threshold__Sf2)
b50c66b6-b03a-4780-95e1-13f184164d00,"['!(any_sample_below_deferral & min_above_auditing_threshold)', '!(min_hits_higher_threshold & all_samples_above_deferral)', '!(min_hits_higher_threshold & any_sample_below_deferral)', '!(min_hits_higher_threshold & min_above_auditing_threshold)', 'G(!(all_samples_above_deferral & min_above_auditing_threshold))', 'G(!(all_samples_above_deferral & min_hits_higher_threshold))', 'G(!(any_sample_below_deferral & initial_score_above_deferral))', 'G(!(min_above_auditing_threshold & min_hits_higher_threshold))', 'G(!(min_hits_higher_threshold & any_sample_below_deferral))', 'G(!(min_hits_higher_threshold & initial_score_above_deferral))']",51.906434031,31.592497143000003,51.72326899,10,dcddda22-acf3-40b3-8e29-27b5dcc97457,1,True,False,N/A,N/A,False,0.00487995799999652,0.001851963999996542,N/A,N/A,0.006724621000003594,9,9.877899999821693e-05,0.1726035639999992,0.16338692200000082,True,N/A,N/A,N/A,1,0,(any_sample_below_deferral__Sf7 & min_above_auditing_threshold__Sf7)
32cf31c0-9d71-459f-8e70-1bcac40a0301,"['!(min_hits_higher_threshold & all_samples_above_deferral)', '!(min_hits_higher_threshold & any_sample_below_deferral)', '!(min_hits_higher_threshold & min_above_auditing_threshold)', 'G(!(all_samples_above_deferral & min_above_auditing_threshold))', 'G(!(all_samples_above_deferral & min_hits_higher_threshold))', 'G(!(any_sample_below_deferral & initial_score_above_deferral))', 'G(!(any_sample_below_deferral & min_above_auditing_threshold))', 'G(!(min_above_auditing_threshold & min_hits_higher_threshold))', 'G(!(min_hits_higher_threshold & any_sample_below_deferral))', 'G(!(min_hits_higher_threshold & initial_score_above_deferral))']",52.077122214,31.592524349999998,51.916534086,10,dcddda22-acf3-40b3-8e29-27b5dcc97457,2,True,False,N/A,N/A,False,0.007846963999995182,0.0015327869999950394,N/A,N/A,0.00497129200000046,5,0.00010357099999680486,0.15193816499999713,0.14101334500000462,True,N/A,N/A,N/A,1,0,(all_samples_above_deferral__Sf1 & any_sample_below_deferral__Sf1)
a5e7fcb1-476a-44ae-8f96-e4dc4a7e5136,"['!(any_sample_below_deferral & initial_score_above_deferral)', '!(min_hits_higher_threshold & all_samples_above_deferral)', '!(min_hits_higher_threshold & any_sample_below_deferral)', '!(min_hits_higher_threshold & initial_score_above_deferral)', '!(min_hits_higher_threshold & min_above_auditing_threshold)', 'G(!(all_samples_above_deferral & min_above_auditing_threshold))', 'G(!(all_samples_above_deferral & min_hits_higher_threshold))', 'G(!(min_above_auditing_threshold & min_hits_higher_threshold))', 'G(!(min_hits_higher_threshold & any_sample_below_deferral))', 'G(!(min_hits_higher_threshold & initial_score_above_deferral))']",52.265799666,31.760103808000004,52.083770506,10,e629618d-b598-45f3-8038-c70a3302ea0a,1,True,False,N/A,N/A,False,0.0044459259999953815,0.0014734250000003613,N/A,N/A,0.007166702999995778,9,8.999500000328453e-05,0.17146742599999953,0.16306262500000201,True,N/A,N/A,N/A,1,0,(any_sample_below_deferral__Sf6 & initial_score_above_deferral__Sf6)
6b87278e-2aec-4edf-9fde-75c17c09860d,"['!(min_hits_higher_threshold & all_samples_above_deferral)', '!(min_hits_higher_threshold & any_sample_below_deferral)', '!(min_hits_higher_threshold & initial_score_above_deferral)', '!(min_hits_higher_threshold & min_above_auditing_threshold)', 'G(!(all_samples_above_deferral & min_above_auditing_threshold))', 'G(!(all_samples_above_deferral & min_hits_higher_threshold))', 'G(!(any_sample_below_deferral & initial_score_above_deferral))', 'G(!(min_above_auditing_threshold & min_hits_higher_threshold))', 'G(!(min_hits_higher_threshold & any_sample_below_deferral))', 'G(!(min_hits_higher_threshold & initial_score_above_deferral))']",52.434932492,31.760137487999998,52.272452377,10,e629618d-b598-45f3-8038-c70a3302ea0a,2,True,False,N/A,N/A,False,0.004449270999998589,0.0014727379999968093,N/A,N/A,0.0055431450000043014,5,0.00010209300000241228,0.15333576200000465,0.14412319000000196,True,N/A,N/A,N/A,1,0,(any_sample_below_deferral__Sf0 & min_above_auditing_threshold__Sf0)
5dc6fc1b-0eb4-4fa2-a296-f696461819dc,"['!(all_samples_above_deferral & min_above_auditing_threshold)', '!(any_sample_below_deferral & min_above_auditing_threshold)', '!(initial_score_above_deferral & any_sample_below_deferral)', 'G(!(all_samples_above_deferral & min_hits_higher_threshold))', 'G(!(any_sample_below_deferral & min_hits_higher_threshold))', 'G(!(initial_score_above_deferral & any_sample_below_deferral))', 'G(!(min_above_auditing_threshold & all_samples_above_deferral))', 'G(!(min_above_auditing_threshold & any_sample_below_deferral))', 'G(!(min_hits_higher_threshold & initial_score_above_deferral))', 'G(!(min_hits_higher_threshold & min_above_auditing_threshold))']",52.604452893,31.944625174000002,52.441389682,10,b4cece3e-0220-44f6-9f21-8834b0e5d21f,2,True,False,N/A,N/A,False,0.004185737999996775,0.001622896999997181,N/A,N/A,0.005286263999998653,5,0.00010128699999967239,0.15406969100000367,0.14291799000000083,True,N/A,N/A,N/A,1,0,(all_samples_above_deferral__Sf2 & any_sample_below_deferral__Sf2)
00c7d850-5e00-4d3b-aea5-359f4a8c773a,"['!(all_samples_above_deferral & min_above_auditing_threshold)', '!(any_sample_below_deferral & all_samples_above_deferral)', '!(initial_score_above_deferral & any_sample_below_deferral)', 'G(!(all_samples_above_deferral & min_hits_higher_threshold))', 'G(!(any_sample_below_deferral & min_above_auditing_threshold))', 'G(!(any_sample_below_deferral & min_hits_higher_threshold))', 'G(!(initial_score_above_deferral & any_sample_below_deferral))', 'G(!(min_above_auditing_threshold & all_samples_above_deferral))', 'G(!(min_hits_higher_threshold & initial_score_above_deferral))', 'G(!(min_hits_higher_threshold & min_above_auditing_threshold))']",52.797918791,32.118601358,52.610423103,10,d8c5e85a-ffd4-4253-9b6f-af93519d3fee,1,True,False,N/A,N/A,False,0.0039902219999987665,0.0014207609999985493,N/A,N/A,0.006150136999998779,9,0.0001099759999974026,0.17759958199999915,0.16790567299999992,True,N/A,N/A,N/A,1,0,(all_samples_above_deferral__Sf7 & any_sample_below_deferral__Sf7)
313388ac-703c-46ea-839d-4f7b27241353,"['!(all_samples_above_deferral & min_above_auditing_threshold)', '!(initial_score_above_deferral & any_sample_below_deferral)', 'G(!(all_samples_above_deferral & min_hits_higher_threshold))', 'G(!(any_sample_below_deferral & all_samples_above_deferral))', 'G(!(any_sample_below_deferral & min_above_auditing_threshold))', 'G(!(any_sample_below_deferral & min_hits_higher_threshold))', 'G(!(initial_score_above_deferral & any_sample_below_deferral))', 'G(!(min_above_auditing_threshold & all_samples_above_deferral))', 'G(!(min_hits_higher_threshold & initial_score_above_deferral))', 'G(!(min_hits_higher_threshold & min_above_auditing_threshold))']",52.972685302,32.118637099000004,52.805016586,10,d8c5e85a-ffd4-4253-9b6f-af93519d3fee,2,True,False,N/A,N/A,False,0.0047889659999995615,0.001580354000005002,N/A,N/A,0.0058066079999932185,5,9.522599999911563e-05,0.15798707700000136,0.1466516050000024,True,N/A,N/A,N/A,1,0,(initial_score_above_deferral__Sf3 & min_above_auditing_threshold__Sf3)
f5a11551-c2c6-43dd-8a57-d2323c8cfb33,"['!(all_samples_above_deferral & min_above_auditing_threshold)', '!(any_sample_below_deferral & all_samples_above_deferral)', '!(any_sample_below_deferral & min_above_auditing_threshold)', 'G(!(all_samples_above_deferral & min_hits_higher_threshold))', 'G(!(any_sample_below_deferral & min_above_auditing_threshold))', 'G(!(any_sample_below_deferral & min_hits_higher_threshold))', 'G(!(initial_score_above_deferral & any_sample_below_deferral))', 'G(!(min_above_auditing_threshold & all_samples_above_deferral))', 'G(!(min_hits_higher_threshold & initial_score_above_deferral))', 'G(!(min_hits_higher_threshold & min_above_auditing_threshold))']",53.163986675000004,32.296209917,52.979356143000004,10,8288bbc5-33e2-4b10-b705-e4481347d181,1,True,False,N/A,N/A,False,0.004454819999999415,0.0016073779999956628,N/A,N/A,0.006182074999998122,9,0.00010625900000604815,0.17472245399999764,0.16569400399999523,True,N/A,N/A,N/A,1,0,(all_samples_above_deferral__Sf7 & any_sample_below_deferral__Sf7)
785e4d1e-6fa3-4534-ba98-22d620996968,"['!(all_samples_above_deferral & min_above_auditing_threshold)', '!(any_sample_below_deferral & min_above_auditing_threshold)', 'G(!(all_samples_above_deferral & min_hits_higher_threshold))', 'G(!(any_sample_below_deferral & all_samples_above_deferral))', 'G(!(any_sample_below_deferral & min_above_auditing_threshold))', 'G(!(any_sample_below_deferral & min_hits_higher_threshold))', 'G(!(initial_score_above_deferral & any_sample_below_deferral))', 'G(!(min_above_auditing_threshold & all_samples_above_deferral))', 'G(!(min_hits_higher_threshold & initial_score_above_deferral))', 'G(!(min_hits_higher_threshold & min_above_auditing_threshold))']",53.333544744,32.296240703,53.170934741,10,8288bbc5-33e2-4b10-b705-e4481347d181,2,True,False,N/A,N/A,False,0.004677207000000294,0.001565214000002868,N/A,N/A,0.005632898000001774,5,0.00010356499999630842,0.15316808600000087,0.14311963000000105,True,N/A,N/A,N/A,1,0,(initial_score_above_deferral__Sf0 & min_above_auditing_threshold__Sf0)
27e8eb4c-7af7-4745-976c-ea4d460d15da,"['!(all_samples_above_deferral & min_above_auditing_threshold)', '!(any_sample_below_deferral & all_samples_above_deferral)', 'G(!(all_samples_above_deferral & any_sample_below_deferral))', 'G(!(all_samples_above_deferral & min_hits_higher_threshold))', 'G(!(any_sample_below_deferral & min_above_auditing_threshold))', 'G(!(any_sample_below_deferral & min_hits_higher_threshold))', 'G(!(initial_score_above_deferral & any_sample_below_deferral))', 'G(!(min_above_auditing_threshold & all_samples_above_deferral))', 'G(!(min_hits_higher_threshold & initial_score_above_deferral))', 'G(!(min_hits_higher_threshold & min_above_auditing_threshold))']",53.511362165,32.483345355000004,53.339778099,10,994a3dae-e1c3-4b31-8080-ab5afae7fe6c,2,True,False,N/A,N/A,False,0.0041331010000007495,0.0014413140000044677,N/A,N/A,0.005083727000005922,5,0.00010707399999887457,0.16284785900000287,0.15249262300000055,True,N/A,N/A,N/A,1,0,(initial_score_above_deferral__Sf0 & min_above_auditing_threshold__Sf0)
1e458235-4c8e-4384-b844-18f821f83c7e,"['!(all_samples_above_deferral & min_above_auditing_threshold)', 'G(!(all_samples_above_deferral & min_hits_higher_threshold))', 'G(!(any_sample_below_deferral & all_samples_above_deferral))', 'G(!(any_sample_below_deferral & min_above_auditing_threshold))', 'G(!(any_sample_below_deferral & min_hits_higher_threshold))', 'G(!(initial_score_above_deferral & any_sample_below_deferral))', 'G(!(min_above_auditing_threshold & all_samples_above_deferral))', 'G(!(min_above_auditing_threshold & initial_score_above_deferral))', 'G(!(min_hits_higher_threshold & initial_score_above_deferral))', 'G(!(min_hits_higher_threshold & min_above_auditing_threshold))']",53.683778523,32.652768885,53.518025568,10,d486ddcd-3d9b-451a-a451-3c5226402bac,2,True,False,N/A,N/A,False,0.0042097989999945185,0.0017611590000043975,N/A,N/A,0.005347939000003521,5,0.00018069000000053848,0.15641246999999936,0.14533332800000665,True,N/A,N/A,N/A,1,0,(all_samples_above_deferral__Sf1 & initial_score_above_deferral__Sf1)
97f17b33-ca0b-48a2-87e1-4e209fede37b,"['!(all_samples_above_deferral & min_above_auditing_threshold)', '!(min_above_auditing_threshold & initial_score_above_deferral)', 'G(!(all_samples_above_deferral & min_hits_higher_threshold))', 'G(!(any_sample_below_deferral & all_samples_above_deferral))', 'G(!(any_sample_below_deferral & min_above_auditing_threshold))', 'G(!(any_sample_below_deferral & min_hits_higher_threshold))', 'G(!(initial_score_above_deferral & any_sample_below_deferral))', 'G(!(min_above_auditing_threshold & all_samples_above_deferral))', 'G(!(min_hits_higher_threshold & initial_score_above_deferral))', 'G(!(min_hits_higher_threshold & min_above_auditing_threshold))']",53.892010872,32.652794986,53.705851025,10,d486ddcd-3d9b-451a-a451-3c5226402bac,1,True,False,N/A,N/A,False,0.004623520999999187,0.016647340000005784,N/A,N/A,0.006448247999998102,9,9.772699999643919e-05,0.17557253199999678,0.16628902899999787,True,N/A,N/A,N/A,1,0,(initial_score_above_deferral__Sf5 & min_above_auditing_threshold__Sf5)
e047b8c6-6d4a-4220-9513-d53c8e905923,"['!(all_samples_above_deferral & min_above_auditing_threshold)', '!(any_sample_below_deferral & initial_score_above_deferral)', '!(any_sample_below_deferral & min_above_auditing_threshold)', '!(min_hits_higher_threshold & initial_score_above_deferral)', 'G(!(all_samples_above_deferral & min_hits_higher_threshold))', 'G(!(any_sample_below_deferral & min_hits_higher_threshold))', 'G(!(initial_score_above_deferral & any_sample_below_deferral))', 'G(!(min_above_auditing_threshold & all_samples_above_deferral))', 'G(!(min_hits_higher_threshold & initial_score_above_deferral))', 'G(!(min_hits_higher_threshold & min_above_auditing_threshold))']",54.078867185,32.833366864,53.898237017,10,eac7cab8-bad3-46e6-aa43-2b42535928c1,1,True,False,N/A,N/A,False,0.004069461000000274,0.0014757099999940237,N/A,N/A,0.006971172999996611,9,8.556399999548603e-05,0.1700432629999966,0.161625149999999,True,N/A,N/A,N/A,1,0,(any_sample_below_deferral__Sf5 & min_above_auditing_threshold__Sf5)
5086e0b1-c14b-4487-8a80-fdb86a653a5f,"['!(all_samples_above_deferral & min_above_auditing_threshold)', '!(any_sample_below_deferral & initial_score_above_deferral)', '!(min_hits_higher_threshold & initial_score_above_deferral)', 'G(!(all_samples_above_deferral & min_hits_higher_threshold))', 'G(!(any_sample_below_deferral & min_above_auditing_threshold))', 'G(!(any_sample_below_deferral & min_hits_higher_threshold))', 'G(!(initial_score_above_deferral & any_sample_below_deferral))', 'G(!(min_above_auditing_threshold & all_samples_above_deferral))', 'G(!(min_hits_higher_threshold & initial_score_above_deferral))', 'G(!(min_hits_higher_threshold & min_above_auditing_threshold))']",54.301557774,32.833399873000005,54.084931637000004,10,eac7cab8-bad3-46e6-aa43-2b42535928c1,2,True,False,N/A,N/A,False,0.0040006899999980305,0.0014769180000016036,N/A,N/A,0.005054776999998012,5,0.00016298199999909002,0.20771231500000198,0.19454404500000066,True,N/A,N/A,N/A,1,0,(all_samples_above_deferral__Sf0 & any_sample_below_deferral__Sf0)
aeeeb9a0-456e-4f10-8e42-beadda56a67b,"['!(all_samples_above_deferral & min_above_auditing_threshold)', '!(min_above_auditing_threshold & any_sample_below_deferral)', '!(min_hits_higher_threshold & initial_score_above_deferral)', 'G(!(all_samples_above_deferral & min_hits_higher_threshold))', 'G(!(any_sample_below_deferral & initial_score_above_deferral))', 'G(!(any_sample_below_deferral & min_hits_higher_threshold))', 'G(!(min_above_auditing_threshold & all_samples_above_deferral))', 'G(!(min_above_auditing_threshold & any_sample_below_deferral))', 'G(!(min_hits_higher_threshold & initial_score_above_deferral))', 'G(!(min_hits_higher_threshold & min_above_auditing_threshold))']",54.505676373,33.021216872000004,54.327835767,10,bb182099-0191-400b-9f71-0f722663f29a,2,True,False,N/A,N/A,False,0.005643728999999098,0.0015978079999996453,N/A,N/A,0.006914684000001614,5,0.00011022500000024138,0.15715943099999663,0.1466401839999989,True,N/A,N/A,N/A,1,0,(all_samples_above_deferral__Sf1 & any_sample_below_deferral__Sf1)
09f00045-bb55-4abd-8cb6-9553e8e40af8,"['!(all_samples_above_deferral & min_above_auditing_threshold)', '!(min_hits_higher_threshold & initial_score_above_deferral)', 'G(!(all_samples_above_deferral & any_sample_below_deferral))', 'G(!(all_samples_above_deferral & min_hits_higher_threshold))', 'G(!(any_sample_below_deferral & initial_score_above_deferral))', 'G(!(any_sample_below_deferral & min_hits_higher_threshold))', 'G(!(min_above_auditing_threshold & all_samples_above_deferral))', 'G(!(min_above_auditing_threshold & any_sample_below_deferral))', 'G(!(min_hits_higher_threshold & initial_score_above_deferral))', 'G(!(min_hits_higher_threshold & min_above_auditing_threshold))']",54.671654037,33.538050825,54.511900353,10,1abc22c7-6425-4ebc-9419-5ff2575c8436,2,True,False,N/A,N/A,False,0.004171867000003715,0.0014549129999963384,N/A,N/A,0.005331101999999532,5,0.00010678200000313609,0.15076637500000345,0.14034804300000303,True,N/A,N/A,N/A,1,0,(initial_score_above_deferral__Sf1 & min_above_auditing_threshold__Sf1)
747296f0-2355-4730-afa6-127a7ef97465,"['!(all_samples_above_deferral & any_sample_below_deferral)', '!(all_samples_above_deferral & min_above_auditing_threshold)', '!(min_hits_higher_threshold & initial_score_above_deferral)', 'G(!(all_samples_above_deferral & min_hits_higher_threshold))', 'G(!(any_sample_below_deferral & initial_score_above_deferral))', 'G(!(any_sample_below_deferral & min_hits_higher_threshold))', 'G(!(min_above_auditing_threshold & all_samples_above_deferral))', 'G(!(min_above_auditing_threshold & any_sample_below_deferral))', 'G(!(min_hits_higher_threshold & initial_score_above_deferral))', 'G(!(min_hits_higher_threshold & min_above_auditing_threshold))']",54.874508055,33.538084186,54.678096174000004,10,1abc22c7-6425-4ebc-9419-5ff2575c8436,1,True,False,N/A,N/A,False,0.004310470000000066,0.0014803729999997017,N/A,N/A,0.006610236000000214,9,8.570099999616332e-05,0.18582808499999715,0.176445532999999,True,N/A,N/A,N/A,1,0,(all_samples_above_deferral__Sf7 & any_sample_below_deferral__Sf7)
2c6ff63b-07bc-4f61-83ac-a375df491c5b,"['!(all_samples_above_deferral & min_above_auditing_threshold)', '!(any_sample_below_deferral & initial_score_above_deferral)', '!(any_sample_below_deferral & min_hits_higher_threshold)', '!(initial_score_above_deferral & min_hits_higher_threshold)', 'G(!(all_samples_above_deferral & min_hits_higher_threshold))', 'G(!(any_sample_below_deferral & initial_score_above_deferral))', 'G(!(initial_score_above_deferral & min_hits_higher_threshold))', 'G(!(min_above_auditing_threshold & all_samples_above_deferral))', 'G(!(min_hits_higher_threshold & any_sample_below_deferral))', 'G(!(min_hits_higher_threshold & min_above_auditing_threshold))']",55.047986216,33.718782879,54.880490366000004,10,53a0f2e3-992c-48e0-ac61-13d96fbd87aa,2,True,False,N/A,N/A,False,0.0039996650000020395,0.0014100699999985977,N/A,N/A,0.005270010000003822,5,0.00012646100000068827,0.15863578900000164,0.1488861589999999,True,N/A,N/A,N/A,1,0,(any_sample_below_deferral__Sf0 & min_above_auditing_threshold__Sf0)
d7d28eb1-23eb-45d8-bbf0-7ecb6b93694e,"['!(all_samples_above_deferral & min_above_auditing_threshold)', '!(any_sample_below_deferral & min_above_auditing_threshold)', '!(any_sample_below_deferral & min_hits_higher_threshold)', '!(initial_score_above_deferral & min_hits_higher_threshold)', 'G(!(all_samples_above_deferral & min_hits_higher_threshold))', 'G(!(any_sample_below_deferral & initial_score_above_deferral))', 'G(!(initial_score_above_deferral & min_hits_higher_threshold))', 'G(!(min_above_auditing_threshold & all_samples_above_deferral))', 'G(!(min_hits_higher_threshold & any_sample_below_deferral))', 'G(!(min_hits_higher_threshold & min_above_auditing_threshold))']",55.23431372,33.897201525,55.054737481000004,10,9885f1a5-cf04-4c38-9fff-00967fd69fcf,1,True,False,N/A,N/A,False,0.004505668000000185,0.0014881530000039334,N/A,N/A,0.006350623000002997,9,8.959400000208007e-05,0.1696462179999969,0.160239476000001,True,N/A,N/A,N/A,1,0,(any_sample_below_deferral__Sf8 & min_above_auditing_threshold__Sf8)
adedd447-f979-4e22-aa7e-955a9be91db0,"['!(all_samples_above_deferral & min_above_auditing_threshold)', '!(any_sample_below_deferral & min_hits_higher_threshold)', '!(initial_score_above_deferral & min_hits_higher_threshold)', 'G(!(all_samples_above_deferral & min_hits_higher_threshold))', 'G(!(any_sample_below_deferral & initial_score_above_deferral))', 'G(!(any_sample_below_deferral & min_above_auditing_threshold))', 'G(!(initial_score_above_deferral & min_hits_higher_threshold))', 'G(!(min_above_auditing_threshold & all_samples_above_deferral))', 'G(!(min_hits_higher_threshold & any_sample_below_deferral))', 'G(!(min_hits_higher_threshold & min_above_auditing_threshold))']",55.414860034,33.897234057,55.240606322,10,9885f1a5-cf04-4c38-9fff-00967fd69fcf,2,True,False,N/A,N/A,False,0.004159055000002354,0.001503909000000192,N/A,N/A,0.005700968999995837,5,0.000126209999997684,0.16481065299999642,0.15400702199999472,True,N/A,N/A,N/A,1,0,(all_samples_above_deferral__Sf0 & any_sample_below_deferral__Sf0)
bbdb168f-dde2-44d3-88f7-2dd06795472e,"['!(all_samples_above_deferral & min_above_auditing_threshold)', '!(any_sample_below_deferral & initial_score_above_deferral)', '!(any_sample_below_deferral & min_hits_higher_threshold)', '!(min_above_auditing_threshold & any_sample_below_deferral)', 'G(!(all_samples_above_deferral & min_hits_higher_threshold))', 'G(!(initial_score_above_deferral & any_sample_below_deferral))', 'G(!(initial_score_above_deferral & min_hits_higher_threshold))', 'G(!(min_above_auditing_threshold & all_samples_above_deferral))', 'G(!(min_hits_higher_threshold & any_sample_below_deferral))', 'G(!(min_hits_higher_threshold & min_above_auditing_threshold))']",55.599336477,34.064989677,55.421670022,10,83df0484-e32e-433e-9ec9-a48f7fa0dd69,1,True,False,N/A,N/A,False,0.00457380900000004,0.0015454959999985363,N/A,N/A,0.006907165999997744,9,9.228300000074796e-05,0.1669425139999987,0.1569557130000021,True,N/A,N/A,N/A,1,0,(any_sample_below_deferral__Sf6 & min_above_auditing_threshold__Sf6)
20c5ce75-189b-4579-8165-1138f970dcaf,"['!(all_samples_above_deferral & min_above_auditing_threshold)', '!(any_sample_below_deferral & initial_score_above_deferral)', '!(any_sample_below_deferral & min_hits_higher_threshold)', 'G(!(all_samples_above_deferral & min_hits_higher_threshold))', 'G(!(initial_score_above_deferral & any_sample_below_deferral))', 'G(!(initial_score_above_deferral & min_hits_higher_threshold))', 'G(!(min_above_auditing_threshold & all_samples_above_deferral))', 'G(!(min_above_auditing_threshold & any_sample_below_deferral))', 'G(!(min_hits_higher_threshold & any_sample_below_deferral))', 'G(!(min_hits_higher_threshold & min_above_auditing_threshold))']",55.773457084,34.065019014,55.606171182000004,10,83df0484-e32e-433e-9ec9-a48f7fa0dd69,2,True,False,N/A,N/A,False,0.004589839999994183,0.0015592199999971967,N/A,N/A,0.0050787810000016975,5,0.00013565899999434805,0.15845812199999898,0.14806487799999957,True,N/A,N/A,N/A,1,0,(all_samples_above_deferral__Sf0 & any_sample_below_deferral__Sf0)
1ab638ab-9e58-4e6c-85b3-13fc7ddaebaf,"['!(all_samples_above_deferral & min_above_auditing_threshold)', '!(any_sample_below_deferral & min_hits_higher_threshold)', '!(min_above_auditing_threshold & any_sample_below_deferral)', 'G(!(all_samples_above_deferral & min_hits_higher_threshold))', 'G(!(any_sample_below_deferral & initial_score_above_deferral))', 'G(!(any_sample_below_deferral & min_above_auditing_threshold))', 'G(!(initial_score_above_deferral & min_hits_higher_threshold))', 'G(!(min_above_auditing_threshold & all_samples_above_deferral))', 'G(!(min_hits_higher_threshold & any_sample_below_deferral))', 'G(!(min_hits_higher_threshold & min_above_auditing_threshold))']",55.953343909000004,34.262950869,55.78037293,10,0ebbf7b1-b331-47ae-bbbf-ca6dc6a9fb1e,2,True,False,N/A,N/A,False,0.004589289999998414,0.0016115330000019412,N/A,N/A,0.0053749260000017784,5,0.00013274000000507158,0.1634432999999973,0.15283710500000325,True,N/A,N/A,N/A,1,0,(all_samples_above_deferral__Sf0 & any_sample_below_deferral__Sf0)
a9e23c0b-3695-43c4-98b1-8a782007ed03,"['!(all_samples_above_deferral & min_above_auditing_threshold)', '!(any_sample_below_deferral & all_samples_above_deferral)', '!(any_sample_below_deferral & min_hits_higher_threshold)', 'G(!(all_samples_above_deferral & min_hits_higher_threshold))', 'G(!(any_sample_below_deferral & initial_score_above_deferral))', 'G(!(initial_score_above_deferral & min_hits_higher_threshold))', 'G(!(min_above_auditing_threshold & all_samples_above_deferral))', 'G(!(min_above_auditing_threshold & any_sample_below_deferral))', 'G(!(min_hits_higher_threshold & any_sample_below_deferral))', 'G(!(min_hits_higher_threshold & min_above_auditing_threshold))']",56.141648077,34.442928844,55.960330996,10,fc7af411-9428-4a01-b937-46c8e7105cb9,1,True,False,N/A,N/A,False,0.0046936060000035695,0.0015846450000012169,N/A,N/A,0.006565774000002023,9,0.00010756300000025476,0.17078786300000104,0.1592811379999972,True,N/A,N/A,N/A,1,0,(all_samples_above_deferral__Sf8 & any_sample_below_deferral__Sf8)
729b4205-54f4-426b-8315-5110c43cd156,"['!(all_samples_above_deferral & min_above_auditing_threshold)', '!(any_sample_below_deferral & min_hits_higher_threshold)', 'G(!(all_samples_above_deferral & min_hits_higher_threshold))', 'G(!(any_sample_below_deferral & all_samples_above_deferral))', 'G(!(any_sample_below_deferral & initial_score_above_deferral))', 'G(!(initial_score_above_deferral & min_hits_higher_threshold))', 'G(!(min_above_auditing_threshold & all_samples_above_deferral))', 'G(!(min_above_auditing_threshold & any_sample_below_deferral))', 'G(!(min_hits_higher_threshold & any_sample_below_deferral))', 'G(!(min_hits_higher_threshold & min_above_auditing_threshold))']",56.322779814,34.442961399,56.149586562,10,fc7af411-9428-4a01-b937-46c8e7105cb9,2,True,False,N/A,N/A,False,0.005238721000004887,0.0018114249999996446,N/A,N/A,0.0061286990000013475,5,0.00011000399999971933,0.1626605430000012,0.1523377610000054,True,N/A,N/A,N/A,1,0,(initial_score_above_deferral__Sf2 & min_above_auditing_threshold__Sf2)
9e025380-9e53-4431-a260-de65d3ddf604,"['!(any_sample_below_deferral & all_samples_above_deferral)', '!(any_sample_below_deferral & initial_score_above_deferral)', '!(any_sample_below_deferral & min_above_auditing_threshold)', 'G(!(all_samples_above_deferral & min_above_auditing_threshold))', 'G(!(all_samples_above_deferral & min_hits_higher_threshold))', 'G(!(any_sample_below_deferral & initial_score_above_deferral))', 'G(!(any_sample_below_deferral & min_above_auditing_threshold))', 'G(!(min_hits_higher_threshold & any_sample_below_deferral))', 'G(!(min_hits_higher_threshold & initial_score_above_deferral))', 'G(!(min_hits_higher_threshold & min_above_auditing_threshold))']",56.509628943,34.607634265,56.331137775,10,faa6f343-e7c1-4d80-9f64-00bd9539b0fd,1,True,False,N/A,N/A,False,0.006242552000003343,0.0015093530000029887,N/A,N/A,0.00655006699999916,9,8.817700000207651e-05,0.16778882400000583,0.15709841400000357,True,N/A,N/A,N/A,1,0,(all_samples_above_deferral__Sf6 & any_sample_below_deferral__Sf6)
1f7c8751-8e14-4d71-8318-7e02bf900b12,"['!(any_sample_below_deferral & initial_score_above_deferral)', '!(any_sample_below_deferral & min_above_auditing_threshold)', 'G(!(all_samples_above_deferral & min_above_auditing_threshold))', 'G(!(all_samples_above_deferral & min_hits_higher_threshold))', 'G(!(any_sample_below_deferral & all_samples_above_deferral))', 'G(!(any_sample_below_deferral & initial_score_above_deferral))', 'G(!(any_sample_below_deferral & min_above_auditing_threshold))', 'G(!(min_hits_higher_threshold & any_sample_below_deferral))', 'G(!(min_hits_higher_threshold & initial_score_above_deferral))', 'G(!(min_hits_higher_threshold & min_above_auditing_threshold))']",56.678670427,34.607660928,56.516192482,10,faa6f343-e7c1-4d80-9f64-00bd9539b0fd,2,True,False,N/A,N/A,False,0.0043869519999972795,0.0014681180000053473,N/A,N/A,0.005255122999997752,5,0.0001070920000003639,0.15355065199999984,0.14389888399999506,True,N/A,N/A,N/A,1,0,(initial_score_above_deferral__Sf2 & min_above_auditing_threshold__Sf2)
2d43e020-6175-4c97-ae81-cff2f9962615,"['!(any_sample_below_deferral & initial_score_above_deferral)', 'G(!(all_samples_above_deferral & any_sample_below_deferral))', 'G(!(all_samples_above_deferral & min_above_auditing_threshold))', 'G(!(all_samples_above_deferral & min_hits_higher_threshold))', 'G(!(any_sample_below_deferral & initial_score_above_deferral))', 'G(!(any_sample_below_deferral & min_above_auditing_threshold))', 'G(!(min_above_auditing_threshold & initial_score_above_deferral))', 'G(!(min_hits_higher_threshold & any_sample_below_deferral))', 'G(!(min_hits_higher_threshold & initial_score_above_deferral))', 'G(!(min_hits_higher_threshold & min_above_auditing_threshold))']",56.859520209,34.787113464,56.685804509,10,b518405d-5929-4b5b-940a-0f273fb2d8be,2,True,False,N/A,N/A,False,0.004118461000004459,0.002406245999999612,N/A,N/A,0.005360981999999126,5,0.00010884799999644201,0.16363768000000078,0.15335891299999815,True,N/A,N/A,N/A,1,0,(all_samples_above_deferral__Sf3 & initial_score_above_deferral__Sf3)
75de16de-cce6-4554-9fa9-3e7e22f078a8,"['!(any_sample_below_deferral & initial_score_above_deferral)', '!(min_above_auditing_threshold & initial_score_above_deferral)', 'G(!(all_samples_above_deferral & any_sample_below_deferral))', 'G(!(all_samples_above_deferral & min_above_auditing_threshold))', 'G(!(all_samples_above_deferral & min_hits_higher_threshold))', 'G(!(any_sample_below_deferral & initial_score_above_deferral))', 'G(!(any_sample_below_deferral & min_above_auditing_threshold))', 'G(!(min_hits_higher_threshold & any_sample_below_deferral))', 'G(!(min_hits_higher_threshold & initial_score_above_deferral))', 'G(!(min_hits_higher_threshold & min_above_auditing_threshold))']",57.054042163,34.787147377000004,56.869550234,10,b518405d-5929-4b5b-940a-0f273fb2d8be,1,True,False,N/A,N/A,False,0.007910746999996832,0.0015120320000008292,N/A,N/A,0.006731557999998472,9,8.833700000110412e-05,0.1741028279999952,0.16374061100000148,True,N/A,N/A,N/A,1,0,(initial_score_above_deferral__Sf8 & min_above_auditing_threshold__Sf8)
aad0f3b2-75b4-45d7-9ef2-447b62f7a435,"['!(all_samples_above_deferral & any_sample_below_deferral)', '!(any_sample_below_deferral & initial_score_above_deferral)', 'G(!(all_samples_above_deferral & min_above_auditing_threshold))', 'G(!(all_samples_above_deferral & min_hits_higher_threshold))', 'G(!(any_sample_below_deferral & all_samples_above_deferral))', 'G(!(any_sample_below_deferral & initial_score_above_deferral))', 'G(!(any_sample_below_deferral & min_above_auditing_threshold))', 'G(!(min_hits_higher_threshold & any_sample_below_deferral))', 'G(!(min_hits_higher_threshold & initial_score_above_deferral))', 'G(!(min_hits_higher_threshold & min_above_auditing_threshold))']",57.240883048,34.972853174,57.060357447,10,2775c2b7-3fc0-4bd0-8868-87f9e8bfb462,2,True,False,N/A,N/A,False,0.004233063999997455,0.0014804390000051626,N/A,N/A,0.00522161500000351,5,0.00013634300000120447,0.17145781499999657,0.16044703500000423,True,N/A,N/A,N/A,1,0,(initial_score_above_deferral__Sf2 & min_above_auditing_threshold__Sf2)
d76e1504-9427-4e36-bb30-5a63caa3c88e,"['!(any_sample_below_deferral & all_samples_above_deferral)', '!(any_sample_below_deferral & min_above_auditing_threshold)', 'G(!(all_samples_above_deferral & any_sample_below_deferral))', 'G(!(all_samples_above_deferral & min_above_auditing_threshold))', 'G(!(all_samples_above_deferral & min_hits_higher_threshold))', 'G(!(any_sample_below_deferral & initial_score_above_deferral))', 'G(!(any_sample_below_deferral & min_above_auditing_threshold))', 'G(!(min_hits_higher_threshold & any_sample_below_deferral))', 'G(!(min_hits_higher_threshold & initial_score_above_deferral))', 'G(!(min_hits_higher_threshold & min_above_auditing_threshold))']",57.445586706,35.171514177,57.248162208000004,10,df23f45b-32b9-42a0-a759-0229242d7fa3,2,True,False,N/A,N/A,False,0.004735617000001469,0.0017962240000031215,N/A,N/A,0.020602990999996962,5,0.00012559399999645393,0.17275646699999925,0.16005135199999643,True,N/A,N/A,N/A,1,0,(initial_score_above_deferral__Sf3 & min_above_auditing_threshold__Sf3)
107a446c-75d9-4a5e-b880-8773088c9e8e,"['!(any_sample_below_deferral & min_above_auditing_threshold)', 'G(!(all_samples_above_deferral & min_above_auditing_threshold))', 'G(!(all_samples_above_deferral & min_hits_higher_threshold))', 'G(!(any_sample_below_deferral & all_samples_above_deferral))', 'G(!(any_sample_below_deferral & initial_score_above_deferral))', 'G(!(any_sample_below_deferral & min_above_auditing_threshold))', 'G(!(min_above_auditing_threshold & initial_score_above_deferral))', 'G(!(min_hits_higher_threshold & any_sample_below_deferral))', 'G(!(min_hits_higher_threshold & initial_score_above_deferral))', 'G(!(min_hits_higher_threshold & min_above_auditing_threshold))']",57.618259052,35.362565442000005,57.451957815,10,4d84779c-ed54-4ca5-b164-3bc0e493f11b,2,True,False,N/A,N/A,False,0.004226438000003441,0.0015246729999986997,N/A,N/A,0.004850777999998002,5,0.00012610100000642888,0.15772101299999974,0.14742910999999737,True,N/A,N/A,N/A,1,0,(all_samples_above_deferral__Sf0 & initial_score_above_deferral__Sf0)
91d14516-344d-4d9e-bf82-d6b441972bb8,"['!(any_sample_below_deferral & min_above_auditing_threshold)', '!(min_above_auditing_threshold & initial_score_above_deferral)', 'G(!(all_samples_above_deferral & min_above_auditing_threshold))', 'G(!(all_samples_above_deferral & min_hits_higher_threshold))', 'G(!(any_sample_below_deferral & all_samples_above_deferral))', 'G(!(any_sample_below_deferral & initial_score_above_deferral))', 'G(!(any_sample_below_deferral & min_above_auditing_threshold))', 'G(!(min_hits_higher_threshold & any_sample_below_deferral))', 'G(!(min_hits_higher_threshold & initial_score_above_deferral))', 'G(!(min_hits_higher_threshold & min_above_auditing_threshold))']",57.819059567000004,35.362596455,57.625016812,10,4d84779c-ed54-4ca5-b164-3bc0e493f11b,1,True,False,N/A,N/A,False,0.004493538999994939,0.0015065969999952245,N/A,N/A,0.006617505000001245,9,0.00010824700000000576,0.1836494309999992,0.1721482949999995,True,N/A,N/A,N/A,1,0,(initial_score_above_deferral__Sf6 & min_above_auditing_threshold__Sf6)
69bfacf0-33bc-4a51-b4d0-8c10f2101679,"['G(!(all_samples_above_deferral & any_sample_below_deferral))', 'G(!(all_samples_above_deferral & min_above_auditing_threshold))', 'G(!(all_samples_above_deferral & min_hits_higher_threshold))', 'G(!(any_sample_below_deferral & initial_score_above_deferral))', 'G(!(any_sample_below_deferral & min_above_auditing_threshold))', 'G(!(initial_score_above_deferral & all_samples_above_deferral))', 'G(!(min_above_auditing_threshold & initial_score_above_deferral))', 'G(!(min_hits_higher_threshold & any_sample_below_deferral))', 'G(!(min_hits_higher_threshold & initial_score_above_deferral))', 'G(!(min_hits_higher_threshold & min_above_auditing_threshold))']",57.838399374,35.538091424,57.826528219000004,10,1fc58fca-baff-4c2e-b8ee-ad3f83655d9c,0,True,True,True,False,True,0.0048202110000019616,0.0018848759999983145,0.0058609109999991915,0.005767519000002608,N/A,N/A,N/A,N/A,N/A,False,N/A,N/A,N/A,N/A,N/A,N/A
